code,name,industry,industry_standard,as_of,last_close,average_amount_20d,momentum_60d,revenue_yoy,profit_yoy,latest_week_end,sector_estimated_net_flow,sector_flow_to_amount,sector_score,rounded_bottom,rounded_score,rounded_r2,rounded_curvature,rounded_recovery,last_5d_return,accumulation_anomaly,accumulation_score,main_net_10d,main_positive_ratio,main_flow_zscore,volume_ratio,price_return_10d,revenue_yoy_w,profit_yoy_w,financial_growth,industry_financial_growth_mean,industry_momentum_mean,growth_metric,industry_growth_mean,growth_above_avg,growth_source,growth_percentile,composite_score,hard_signal,watch_signal
600027,华电国际,火力发电,申银万国行业分类标准,2026-09-14,4.93,351849372.45,0.0313807531380752,,,2026-09-18,152992424.0640969,0.16584611437843258,0.7404580152671756,False,0.6151665207966954,0.20877430506241323,0.010564885340897699,0.1128668171557563,0.022821576763485396,True,0.6771167963790719,1840162673.843451,0.9,0.6013932672352144,1.3494960431084602,0.05793991416309008,,,,,-0.06155020827013372,0.0313807531380752,-0.06155020827013372,True,60日价格动量(财报缺失后备),1.0,0.7519207583872117,True,True
002142,宁波银行,城商行Ⅲ,申银万国行业分类标准,2026-09-14,35.76,969630313.1,0.16066212268743918,,,2026-09-18,664392424.0090795,0.12430561454104075,0.916030534351145,False,1.0,0.8736464842617034,0.02895217889352483,0.20444594139440886,0.04775857017286822,False,0.5179740577164265,1698707915.8905833,0.7,0.06005803188789548,1.0076709388987892,0.042565597667638455,,,,,0.12166041446792539,0.16066212268743918,0.12166041446792539,True,60日价格动量(财报缺失后备),1.0,0.8626996212993355,False,True
002202,金风科技,风电整机,申银万国行业分类标准,2026-09-14,19.31,2318467831.2,-0.15823888404533581,,,2026-09-18,2611297645.8932,0.9029126213592219,0.9694656488549618,False,1.0,0.3488158253270802,0.06855944193147857,0.13521457965902384,0.09405099150141649,False,0.45614108174738455,4126402054.1965284,0.6,0.1897698848445377,0.5336869556603999,0.06157229246838902,,,,,-0.15823888404533581,-0.15823888404533581,-0.15823888404533581,False,60日价格动量(财报缺失后备),1.0,0.8579284002078384,False,False
603259,药明康德,医疗研发外包,申银万国行业分类标准,2026-09-14,158.86,6671399922.85,0.4870354769259573,,,2026-09-18,6838486399.626154,0.9954954954954995,1.0,False,0.9348205546492658,0.7818230217093103,-0.05189908724353618,0.4943090960398835,0.03660685154975529,False,0.4440981041772035,14092311920.252981,0.6,0.1538812494543371,0.45632354242683104,0.028886010362694448,,,,,0.4870354769259573,0.4870354769259573,0.4870354769259573,False,60日价格动量(财报缺失后备),1.0,0.8414706924390807,False,False
300408,三环集团,被动元件,申银万国行业分类标准,2026-09-14,125.83,5782152045.9,-0.1939657933508424,,,2026-09-18,361633260.64826965,0.03829029385574419,0.8320610687022901,False,1.0,0.49215213160737126,0.22173387575159645,0.38244341902878487,0.09493560737904616,False,0.4518177078720517,1675921634.2710567,0.5,0.21237322648073265,0.7633292069436378,0.15207837392418977,,,,,-0.1939657933508424,-0.1939657933508424,-0.1939657933508424,False,60日价格动量(财报缺失后备),1.0,0.829366640708471,False,False
601398,工商银行,国有大型银行Ⅲ,申银万国行业分类标准,2026-09-14,8.22,2526937022.9,0.14166666666666683,,,2026-09-18,727487273.0386016,0.07689933746074604,0.9236641221374046,False,0.9191028858218324,0.7258862404590971,-0.013114024207941784,0.16761363636363646,0.03136762860727749,False,0.46205913060907833,194543767.9194104,0.6,-0.4630311044957995,0.8205913060907833,0.008588957055214674,,,,,0.11961750868115036,0.14166666666666683,0.11961750868115036,True,60日价格动量(财报缺失后备),1.0,0.8259784728263002,False,True
600926,杭州银行,城商行Ⅲ,申银万国行业分类标准,2026-09-14,17.69,715810920.35,0.13470173187940992,,,2026-09-18,664392424.0090795,0.12430561454104075,0.916030534351145,False,0.9890991501461898,0.9064335358139974,0.005793961883252596,0.22422145328719734,0.038145539906103476,False,0.5193821962984759,1729506205.3724098,0.6,0.18236577306684834,1.1749830353045414,0.036321031048623276,,,,,0.12166041446792539,0.13470173187940992,0.12166041446792539,True,60日价格动量(财报缺失后备),0.8571428571428571,0.8240671152744191,False,True
600176,中国巨石,玻纤制造,申银万国行业分类标准,2026-09-14,45.29,9183023816.8,-0.2242206235011991,,,2026-09-18,5413679578.3432045,0.4852071005917168,0.9923664122137404,False,1.0,0.7901177739143397,0.38827929114364956,0.32971227246036405,0.08609112709832134,False,0.27739169627787524,-2463587684.357336,0.6,0.058474859186657464,0.9037471317547635,0.052766155276615434,,,,,-0.2242206235011991,-0.2242206235011991,-0.2242206235011991,False,60日价格动量(财报缺失后备),1.0,0.8178212065122168,False,False
601328,交通银行,国有大型银行Ⅲ,申银万国行业分类标准,2026-09-14,7.62,1231162628.15,0.13901345291479816,,,2026-09-18,727487273.0386016,0.07689933746074604,0.9236641221374046,False,0.9479508196721309,0.7794344186270187,-0.0017502780558409279,0.18506998444790046,0.040983606557376984,False,0.5397672421694482,3524889140.973846,0.7,0.07023510258334233,1.21339029859447,0.03532608695652173,,,,,0.11961750868115036,0.13901345291479816,0.11961750868115036,True,60日价格动量(财报缺失后备),0.8333333333333334,0.8123932142048156,False,True
601998,中信银行,股份制银行Ⅲ,申银万国行业分类标准,2026-09-14,8.94,556179489.85,0.22298221614227076,,,2026-09-18,5157078214.276301,0.5799742463891603,0.9847328244274809,False,1.0,0.9029528853171312,0.05087149289033292,0.29941860465116266,0.022883295194507935,False,0.23180021898492206,-282200760.07627714,0.5,-0.49806190654187116,0.8180021898492206,0.014755959137343844,,,,,0.05353330345661811,0.22298221614227076,0.05353330345661811,True,60日价格动量(财报缺失后备),1.0,0.8048966196317268,False,True
601899,紫金矿业,铜,申银万国行业分类标准,2026-09-14,32.25,7911111549.7,0.05946123521682001,,,2026-09-18,1157616570.5879738,0.1161470374238601,0.9465648854961832,False,0.825,0.8770554300803253,-0.12689276558061585,0.28486055776892427,-0.018862184362640644,False,0.45493091175130035,11681854180.444822,0.6,0.04460904137394288,0.695778267864272,-0.04387785354284013,,,,,-0.134090347815408,0.05946123521682001,-0.134090347815408,True,60日价格动量(财报缺失后备),1.0,0.8005457050370617,False,True
600522,中天科技,通信线缆及配套,申银万国行业分类标准,2026-09-14,33.9,6683375123.9,-0.43149421432165025,,,2026-09-18,632106082.8571291,0.1020408163265284,0.9083969465648855,False,1.0,0.8695405703948071,0.44330611963683675,0.22382671480144412,0.03606356968215163,False,0.2323477711871956,-863650225.3409023,0.5,0.13702267884513464,0.6590504972577945,-0.0032343428403410757,,,,,-0.43149421432165025,-0.43149421432165025,-0.43149421432165025,False,60日价格动量(财报缺失后备),1.0,0.7897663321097761,False,False
600036,招商银行,股份制银行Ⅲ,申银万国行业分类标准,2026-09-14,41.83,2992380513.9,0.11102257636122181,,,2026-09-18,5157078214.276301,0.5799742463891603,0.9847328244274809,False,0.8805149744338934,0.7834389077052981,-0.004645235367394553,0.17830985915492947,0.018504991477964472,False,0.5254278469942093,9777288493.510641,0.7,0.14491061215919296,0.9803857353510612,0.023739598629466396,,,,,0.05353330345661811,0.11102257636122181,0.05353330345661811,True,60日价格动量(财报缺失后备),0.7777777777777778,0.786902463408661,False,True
000657,中钨高新,钨,申银万国行业分类标准,2026-09-14,59.17,4311898068.7,-0.45379857841779747,,,2026-09-18,2265415594.4611793,0.6770576790779611,0.9618320610687023,False,1.0,0.6322059811887897,0.32291437759661445,0.232965201083559,-0.013833333333333253,False,0.14339434695214426,-4101247838.824827,0.3,0.05049000333941975,0.47335546551413876,-0.0506978982833306,,,,,-0.4656294479390575,-0.45379857841779747,-0.4656294479390575,True,60日价格动量(财报缺失后备),1.0,0.7782149989517766,False,True
600482,中国动力,其他电源设备Ⅲ,申银万国行业分类标准,2026-09-14,33.99,571135746.65,-0.02327586206896537,,,2026-09-18,-12570013.136839662,-0.03157894736841491,0.5572519083969466,False,1.0,0.49493551610656483,0.15609845909375744,0.27017937219730936,-0.02996575342465746,False,0.44126677799443476,591310276.3367854,0.4,0.16139792499311492,1.0189902699526094,0.06518332811031025,,,,,-0.02327586206896537,-0.02327586206896537,-0.02327586206896537,False,60日价格动量(财报缺失后备),1.0,0.771767076177998,False,False
600415,小商品城,商业物业经营,申银万国行业分类标准,2026-09-14,12.24,734829997.8,0.15145813734713065,,,2026-09-18,371082340.24390334,0.902439024390246,0.8396946564885496,False,0.825,0.7900476009895894,-0.06940254772068502,0.25409836065573765,-0.06278713629402755,False,0.4171783911806039,961972176.8105025,0.5,-0.012947877626943624,0.6717839118060391,-0.05555555555555558,,,,,0.15145813734713065,0.15145813734713065,0.15145813734713065,False,60日价格动量(财报缺失后备),1.0,0.7697335290928609,False,False
601988,中国银行,国有大型银行Ⅲ,申银万国行业分类标准,2026-09-14,6.64,1711242849.5,0.11784511784511764,,,2026-09-18,727487273.0386016,0.07689933746074604,0.9236641221374046,True,1.0,0.7242520190768822,0.052919811767052564,0.1942446043165469,0.03105590062111796,False,0.4718341885491996,520603727.37809694,0.6,-0.29667644213872757,0.9183418854919961,-0.004497751124437843,,,,,0.11961750868115036,0.11784511784511764,0.11961750868115036,False,60日价格动量(财报缺失后备),0.6666666666666666,0.7693580382314475,False,False
002709,天赐材料,电池化学品,申银万国行业分类标准,2026-09-14,33.04,1606377106.7,-0.40915593705293274,,,2026-09-18,398293314.55029124,0.3017751479289906,0.8549618320610687,False,1.0,0.7021640375441417,0.1625776954128227,0.022593624264933387,-0.028235294117647136,False,0.1925700948907637,-2389229050.7117424,0.4,0.10361900252627529,0.6013581458761069,-0.07217073855658529,,,,,-0.40915593705293274,-0.40915593705293274,-0.40915593705293274,False,60日价格动量(财报缺失后备),1.0,0.7691348901349047,False,False
600048,保利发展,住宅开发,申银万国行业分类标准,2026-09-14,5.08,950497572.55,0.016000000000000014,,,2026-09-18,174102047.07272658,0.26184519094621955,0.7862595419847328,False,0.7979257641921395,0.650651294513681,-0.06418911388222351,0.10917030567685582,-0.0249520153550864,False,0.47342409665783436,208985328.24307722,0.5,0.09630609236262583,1.1186736557431924,0.03673469387755102,,,,,-0.009543859649122799,0.016000000000000014,-0.009543859649122799,True,60日价格动量(财报缺失后备),1.0,0.7649856618190469,False,True
600460,士兰微,分立器件,申银万国行业分类标准,2026-09-14,29.85,3623699857.9,-0.3337053571428571,,,2026-09-18,237820019.13483736,0.21348314606742103,0.816793893129771,False,1.0,0.7606657676432043,0.28359031004845964,0.08743169398907114,-0.035852713178294526,False,0.2041109317202346,-6721384404.243224,0.5,-0.06709416149556646,0.541109317202346,-0.07727975270479137,,,,,-0.3337053571428571,-0.3337053571428571,-0.3337053571428571,False,60日价格动量(财报缺失后备),1.0,0.7643865115560129,False,False
300661,圣邦股份,模拟芯片设计,申银万国行业分类标准,2026-09-14,107.6,1185816006.2,-0.21350778451867558,,,2026-09-18,235941637.42968604,0.2617187499999984,0.8091603053435115,False,1.0,0.5123396245777405,0.1906973783130868,0.20116097343156958,-0.027124773960216952,False,0.18044561366414924,-1309958132.9100022,0.4,-0.1705858595655825,0.6044561366414926,-0.04423521051696577,,,,,-0.21350778451867558,-0.21350778451867558,-0.21350778451867558,False,60日价格动量(财报缺失后备),1.0,0.7569434644847397,False,False
300413,芒果超媒,视频媒体,申银万国行业分类标准,2026-09-14,17.29,1917874990.6,0.09638554216867457,,,2026-09-18,17915837.70525954,0.010526315789471557,0.6183206106870229,False,1.0,0.426400692864653,0.10127049083050313,0.23676680972818298,-0.21764705882352953,False,0.32,-10307714182.339537,0.4,-4.306289718066341,9.069145862312823,-0.1516192345436702,,,,,0.09638554216867457,0.09638554216867457,0.09638554216867457,False,60日价格动量(财报缺失后备),1.0,0.7536641221374045,False,False
002714,牧原股份,生猪养殖,申银万国行业分类标准,2026-09-14,42.59,1830080970.3,0.2544918998527246,,,2026-09-18,98110938.78788957,0.047085200367309794,0.7022900763358778,False,0.825,0.7144498183596767,-0.0339218532912128,0.31613102595797304,-0.03006148941015696,False,0.45970265427818224,1150330028.9358294,0.6,-0.1636163989293478,0.7970265427818225,0.00448113207547185,,,,,0.21891928859729903,0.2544918998527246,0.21891928859729903,True,60日价格动量(财报缺失后备),1.0,0.7528836788367211,False,True
002422,科伦药业,化学制剂,申银万国行业分类标准,2026-09-14,41.38,959697532.7,0.12905866302864943,,,2026-09-18,3826869854.467563,0.9097468109174616,0.9770992366412213,False,0.7102517784388442,0.49230213412661306,-0.17782390966797187,0.16235955056179785,-0.003851709195955677,False,0.3725771057797801,1117564171.0029712,0.4,0.04970880823903167,0.4661204879109628,0.013470487386725516,,,,,0.005088009908114088,0.12905866302864943,0.005088009908114088,True,60日价格动量(财报缺失后备),1.0,0.7516396573048425,False,True
000538,云南白药,中药,巨潮行业分类标准,2026-09-14,50.76,368516881.5,0.04315659679408146,,,2026-09-18,409927936.99076957,0.8611184845187257,0.8702290076335878,False,0.663105022298401,0.5422002209443584,-0.051044266480263945,0.07999999999999985,0.0037571682815897844,False,0.5054664768895334,863478995.6092563,0.7,0.07385063530739137,0.8660440065264647,0.0015785319652723562,,,,,0.022002926847146886,0.04315659679408146,0.022002926847146886,True,60日价格动量(财报缺失后备),1.0,0.7493439274386212,False,True
002837,英维克,其他专用设备,申银万国行业分类标准,2026-09-14,60.01,3793463959.35,-0.2236739974126779,,,2026-09-18,108817046.46399769,0.06399999999999864,0.7251908396946565,False,1.0,0.7463849426581182,0.3387153802157218,0.29192680301399343,-0.06917946331627112,False,0.21703005883165138,-8772015655.100647,0.4,-0.29661938079239286,0.970300588316514,-0.08937784522003045,,,,,-0.2236739974126779,-0.2236739974126779,-0.2236739974126779,False,60日价格动量(财报缺失后备),1.0,0.7492956826468441,False,False
601009,南京银行,城商行Ⅲ,申银万国行业分类标准,2026-09-14,12.25,704521275.05,0.13111726685133895,,,2026-09-18,664392424.0090795,0.12430561454104075,0.916030534351145,False,0.9054694048616929,0.828844689713967,-0.01591126110410602,0.23862487360970674,0.026823134953897654,False,0.4516697886186714,325344330.6659729,0.5,-0.04286819340806763,1.0166978861867142,0.027684563758389347,,,,,0.12166041446792539,0.13111726685133895,0.12166041446792539,True,60日价格动量(财报缺失后备),0.7142857142857143,0.7463358040548334,False,True
600016,民生银行,股份制银行Ⅲ,申银万国行业分类标准,2026-09-14,3.71,885906374.3,0.0630372492836675,,,2026-09-18,5157078214.276301,0.5799742463891603,0.9847328244274809,False,0.8332520420625491,0.5299024504750594,-0.009793860223761915,0.15217391304347827,0.030555555555555447,False,0.5288373377829982,1582527769.2857141,0.6,0.15837893555761484,1.2983186551608445,0.019230769230769162,,,,,0.05353330345661811,0.0630372492836675,0.05353330345661811,True,60日价格动量(财报缺失后备),0.6666666666666666,0.7457981786166772,False,True
300450,先导智能,锂电专用设备,申银万国行业分类标准,2026-09-14,29.88,831099732.2,-0.3689545934530095,,,2026-09-18,88027876.72289069,0.15662650602409484,0.6946564885496184,False,0.992694641051567,0.641683277745514,0.08212127230728827,0.00707785642062686,-0.05112734201333757,False,0.2316628056402597,-2245417817.6986217,0.5,0.081203984622556,0.71918327485553,-0.08930204206034753,,,,,-0.3689545934530095,-0.3689545934530095,-0.3689545934530095,False,60日价格动量(财报缺失后备),1.0,0.7446553914354587,False,False
600150,中国船舶,航海装备Ⅲ,申银万国行业分类标准,2026-09-14,38.98,4101362545.25,0.04420037503348517,,,2026-09-18,-5618085509.240679,-0.9679144385026802,0.03816793893129771,True,1.0,0.4444183250682213,0.10442434746714287,0.20531849103277655,0.015633142261594513,True,0.7203579892809588,18318409931.77144,0.7,0.9196499106746564,2.2704101907816368,0.13215219285506818,,,,,0.04420037503348517,0.04420037503348517,0.04420037503348517,False,60日价格动量(财报缺失后备),1.0,0.7377230851064992,False,False
600690,海尔智家,冰洗,申银万国行业分类标准,2026-09-14,21.12,708032751.85,0.05705705705705699,,,2026-09-18,224169754.15384665,0.46153846153846256,0.8015267175572519,False,0.7550930713547055,0.671623138394493,-0.08852922105460127,0.09203722854188223,-0.022674687644608893,False,0.40256492800919363,160815585.38502795,0.4,-0.23076483793904795,0.825649280091936,-0.01400560224089642,,,,,0.05705705705705699,0.05705705705705699,0.05705705705705699,False,60日价格动量(财报缺失后备),1.0,0.7374744969201605,False,False
601169,北京银行,城商行Ⅲ,申银万国行业分类标准,2026-09-14,5.68,1069240662.95,0.12031558185404334,,,2026-09-18,664392424.0090795,0.12430561454104075,0.916030534351145,True,1.0,0.6919530983229771,0.05754459696764775,0.15918367346938767,0.03649635036496335,False,0.5650332811463774,2279149525.940507,0.6,0.1510584465391961,1.6690626756167384,0.03460837887067392,,,,,0.12166041446792539,0.12031558185404334,0.12166041446792539,False,60日价格动量(财报缺失后备),0.42857142857142855,0.7316072842996805,False,False
000001,平安银行,股份制银行Ⅲ,申银万国行业分类标准,2026-09-14,11.85,1138015959.1,0.11267605633802802,,,2026-09-18,5157078214.276301,0.5799742463891603,0.9847328244274809,False,0.8634615384615383,0.8635501840870681,-0.018263237213268998,0.17910447761194015,0.012820512820512775,False,0.21308905595555938,-59925710.03799176,0.4,-0.25796393716268035,0.9308905595555937,-0.005872483221476488,,,,,0.05353330345661811,0.11267605633802802,0.05353330345661811,True,60日价格动量(财报缺失后备),0.8888888888888888,0.7314795126350697,False,True
300316,晶盛机电,光伏加工设备,申银万国行业分类标准,2026-09-14,39.61,454660833.45,-0.30872600349040136,,,2026-09-18,60331220.03649628,0.2116788321167881,0.6717557251908397,False,1.0,0.6143601937431817,0.22810939550491155,0.0884858477603736,-0.03975757575757577,False,0.18394801416006296,-633135242.1870732,0.4,-0.0499962390734503,0.6394801416006296,-0.0688763516690174,,,,,-0.30872600349040136,-0.30872600349040136,-0.30872600349040136,False,60日价格动量(财报缺失后备),1.0,0.7303381485781836,False,False
600018,上港集团,港口,申银万国行业分类标准,2026-09-14,5.47,308206079.65,0.11632653061224474,,,2026-09-18,-107115072.71428855,-0.2862135422151877,0.4351145038167939,False,0.8638888888888885,0.7020239426942905,-0.008403977820299443,0.15889830508474567,0.012962962962962843,False,0.5034723798088243,150881219.5086304,0.5,-0.20453918439748855,1.5347237980882433,-0.014414414414414378,,,,,0.09474863115978094,0.11632653061224474,0.09474863115978094,True,60日价格动量(财报缺失后备),1.0,0.7220576623822313,False,False
688126,沪硅产业,半导体材料,申银万国行业分类标准,2026-09-14,21.94,1467707839.05,-0.3528023598820058,,,2026-09-18,83896216.63291466,0.11392405063291583,0.6870229007633588,False,0.9749999999999999,0.7695440487430715,0.12795126044877314,0.0,-0.05144833549502803,False,0.16281217132103148,-2622607163.2247734,0.4,-0.06889667961196932,0.42812171321031495,-0.08924865089248646,,,,,-0.3528023598820058,-0.3528023598820058,-0.3528023598820058,False,60日价格动量(财报缺失后备),1.0,0.7206076229829296,False,False
000938,紫光股份,IT服务Ⅲ,申银万国行业分类标准,2026-09-14,32.73,5852346904.1,0.17353890283255624,,,2026-09-18,546343003.8477975,0.17720311088155644,0.9007633587786259,False,0.825,0.6502919929128701,-0.2777739537830678,0.27751756440281006,-0.07463952502120441,False,0.15199187461022906,-20478895735.660007,0.3,-0.3129623981987899,0.6199187461022907,-0.14587682672233826,,,,,0.0140281482085155,0.17353890283255624,0.0140281482085155,True,60日价格动量(财报缺失后备),1.0,0.7156506404082824,False,True
601939,建设银行,国有大型银行Ⅲ,申银万国行业分类标准,2026-09-14,11.11,1214123614.95,0.11770623742454722,,,2026-09-18,727487273.0386016,0.07689933746074604,0.9236641221374046,False,0.9680220103697015,0.7223143217599808,0.00361400578496196,0.1707060063224446,0.03734827264239016,False,0.45733808754958466,448419879.4773813,0.6,-0.48046532912905193,0.7733808754958462,0.0018034265103696878,,,,,0.11961750868115036,0.11770623742454722,0.11961750868115036,False,60日价格动量(财报缺失后备),0.5,0.7144739494257875,False,False
600674,川投能源,水力发电,申银万国行业分类标准,2026-09-14,16.05,375818327.25,0.12552594670406747,,,2026-09-18,-16349238.141504645,-0.004559025139743865,0.549618320610687,False,0.811133313160336,0.5118865613145038,-0.051667165896828425,0.15634005763688763,0.02818705957719425,False,0.4380905973986883,497413087.8346593,0.5,-0.1512591542330786,0.8809059739868825,0.01775523145212432,,,,,0.08597648836932098,0.12552594670406747,0.08597648836932098,True,60日价格动量(财报缺失后备),1.0,0.7127863074199102,False,False
003816,中国广核,核力发电,申银万国行业分类标准,2026-09-14,4.34,511399082.9,0.05853658536585371,,,2026-09-18,-628638869.256398,-0.5301416753944239,0.2366412213740458,True,1.0,0.5200778572485643,0.047716791667541045,0.1361256544502618,0.011655011655011593,False,0.46140935049643783,36680300.906561345,0.5,-0.16593902784190157,1.114093504964378,0.006960556844547661,,,,,0.02816697109702382,0.05853658536585371,0.02816697109702382,True,60日价格动量(财报缺失后备),1.0,0.7126805818989186,False,False
002594,比亚迪,电动乘用车,申银万国行业分类标准,2026-09-14,85.43,2385071081.75,-0.024660349354949207,,,2026-09-18,2134361833.2126157,0.591009823237568,0.9541984732824428,False,0.7561381074168799,0.7018709515222052,-0.12244034879703475,0.092455242966752,-0.012484105883712848,False,0.17001633334345348,-5669526056.452761,0.3,-0.22838782578095626,0.8001633334345347,-0.036974411002141716,,,,,-0.1455614151062648,-0.024660349354949207,-0.1455614151062648,True,60日价格动量(财报缺失后备),1.0,0.710185210217416,False,True
600887,伊利股份,乳品,申银万国行业分类标准,2026-09-14,26.85,1669324235.7,0.09013398294762487,,,2026-09-18,900253206.666676,0.6190476190476255,0.9312977099236641,False,0.7434613310818474,0.49968460068040366,-0.04534511794619735,0.12061769616026718,0.00901916572717032,False,0.18799390500731072,-1539646644.9259562,0.3,-0.21256968081267572,0.9799390500731071,0.013207547169811429,,,,,0.09013398294762487,0.09013398294762487,0.09013398294762487,False,60日价格动量(财报缺失后备),1.0,0.7062964175611146,False,False
601658,邮储银行,国有大型银行Ⅲ,申银万国行业分类标准,2026-09-14,5.45,1077013739.4,0.1077235772357723,,,2026-09-18,727487273.0386016,0.07689933746074604,0.9236641221374046,True,1.0,0.49243758606443944,0.039389975086933565,0.11224489795918369,0.011131725417439897,False,0.5291980686516498,1305962936.0834796,0.6,-0.15596763992895635,1.4919806865164984,-0.005474452554744547,,,,,0.11961750868115036,0.1077235772357723,0.11961750868115036,False,60日价格动量(财报缺失后备),0.3333333333333333,0.7003656749237267,False,False
600795,国电电力,电力公用事业,巨潮行业分类标准,2026-09-14,5.31,646949657.8,0.11554621848739499,,,2026-09-18,-183961405.2000049,-0.4000000000000107,0.3893129770992366,False,0.8842124646923369,0.9072753383200802,0.004919484517136302,0.13948497854077235,0.005681818181818121,False,0.41407341310477586,807524144.7539474,0.4,-0.1702787402872475,0.9407341310477584,0.015296367112810572,,,,,0.11554621848739499,0.11554621848739499,0.11554621848739499,False,60日价格动量(财报缺失后备),1.0,0.6966446881037424,False,False
601319,中国人保,保险Ⅲ,申银万国行业分类标准,2026-09-14,7.82,679634753.7,0.098314606741573,,,2026-09-18,-35345158.70549059,-0.007079200956638721,0.5343511450381679,False,0.9215852829542694,0.31506212967092684,0.04188724262665799,0.15680473372781067,-0.003821656050955302,False,0.24994111581523662,-460173117.35663515,0.3,-0.31312701382371844,1.5994111581523662,-0.011378002528445008,,,,,0.03340492019010759,0.098314606741573,0.03340492019010759,True,60日价格动量(财报缺失后备),1.0,0.6958310928477236,False,False
600803,新奥股份,燃气Ⅲ,申银万国行业分类标准,2026-09-14,18.78,182087076.6,0.1430310407790627,,,2026-09-18,-99683445.40540448,-0.48648648648648196,0.44274809160305345,False,0.9535069620404741,0.7958873256318478,0.014992478904721988,0.21789883268482502,-0.023400936037441422,False,0.28466433808028324,-230380296.47085422,0.4,-0.4307538347083632,1.6466433808028327,0.002134471718249875,,,,,0.1430310407790627,0.1430310407790627,0.1430310407790627,False,60日价格动量(财报缺失后备),1.0,0.6957677914528237,False,False
600031,三一重工,工程机械整机,申银万国行业分类标准,2026-09-14,19.92,1102742161.15,0.05118733509234841,,,2026-09-18,469347872.74566174,0.36034828526783924,0.8854961832061069,False,0.6966682431596044,0.47057202753813154,-0.04488161660080827,0.1527777777777779,0.0015082956259426794,False,0.2316101181764328,-1213358015.7893653,0.5,-0.23516843441556828,0.816101181764328,-0.014836795252225365,,,,,-0.07660400910078768,0.05118733509234841,-0.07660400910078768,True,60日价格动量(财报缺失后备),1.0,0.694002239133211,False,True
300832,新产业,体外诊断,申银万国行业分类标准,2026-09-14,48.54,330606986.95,0.14211764705882346,,,2026-09-18,154729734.33877593,0.4511735867674631,0.7557251908396947,False,0.825,0.7973692278185798,-0.07176693543013082,0.23041825095057034,-0.04692715491851562,False,0.17369356792762095,-128249334.43304875,0.4,-0.0897307219935041,0.5369356792762094,-0.04260355029585805,,,,,0.027762734143936874,0.14211764705882346,0.027762734143936874,True,60日价格动量(财报缺失后备),1.0,0.6920684301498442,False,True
002466,天齐锂业,锂,申银万国行业分类标准,2026-09-14,42.97,2011730796.35,-0.3386178236108973,,,2026-09-18,-50562265.23152016,-0.03073140037517333,0.5114503816793893,False,1.0,0.6482901152831517,0.1715085537115052,0.016079451406951994,-0.05059655324790102,False,0.15514657780457833,-5781745215.146114,0.3,-0.08412211603138764,0.6514657780457833,-0.12698090207232837,,,,,-0.34536720465763465,-0.3386178236108973,-0.34536720465763465,True,60日价格动量(财报缺失后备),1.0,0.6910767207870224,False,False
600660,福耀玻璃,车身附件及饰件,申银万国行业分类标准,2026-09-14,53.88,584408792.15,0.07652347652347657,,,2026-09-18,101144930.57520676,0.17072061997927607,0.7099236641221374,False,0.825,0.7947809937326034,-0.09822050783677677,0.12226619454280363,-0.0335426008968609,False,0.20450894045737422,-1650017380.6444824,0.4,-0.54413132378334,0.8450894045737422,-0.0686257562662057,,,,,0.005430412960533426,0.07652347652347657,0.005430412960533426,True,60日价格动量(财报缺失后备),1.0,0.690611967938771,False,True
600919,江苏银行,城商行Ⅲ,申银万国行业分类标准,2026-09-14,12.55,1122489776.9,0.12053571428571441,,,2026-09-18,664392424.0090795,0.12430561454104075,0.916030534351145,False,1.0,0.9026701219182398,0.014641377107708345,0.16419294990723565,0.03292181069958855,False,0.2481201006026205,-111092542.85949528,0.5,-0.2807427838507547,0.981201006026205,0.02115541090317352,,,,,0.12166041446792539,0.12053571428571441,0.12166041446792539,False,60日价格动量(财报缺失后备),0.5714285714285714,0.6880932748780271,False,False
603260,合盛硅业,有机硅,申银万国行业分类标准,2026-09-14,32.02,271681307.3,-0.36744369814302635,,,2026-09-18,-37851665.59999814,-0.23333333333332187,0.5267175572519084,False,0.9749999999999999,0.7850985715609724,0.192892571863011,0.0,-0.020495564392780552,False,0.14685895942794747,-575220229.2147053,0.2,0.13068946200817963,0.7117622398696589,-0.07242178447276937,,,,,-0.36744369814302635,-0.36744369814302635,-0.36744369814302635,False,60日价格动量(财报缺失后备),1.0,0.6845582513073685,False,False
300866,安克创新,品牌消费电子,申银万国行业分类标准,2026-09-14,127.84,491800334.3,0.10712739239629343,,,2026-09-18,-296156678.4214287,-0.4856851923853139,0.3435114503816794,False,0.825,0.7617687538070362,-0.0003472339041348716,0.2731799621551638,-0.033272837265577726,False,0.4731906700825289,68973599.62568565,0.5,-0.14174880383078473,1.2319067008252889,-0.004361370716510882,,,,,0.01809253890685325,0.10712739239629343,0.01809253890685325,True,60日价格动量(财报缺失后备),1.0,0.684499957596968,False,False
601816,京沪高铁,铁路运输,申银万国行业分类标准,2026-09-14,4.84,608436602.6,0.0431034482758621,,,2026-09-18,295924275.33332396,0.26907110791730837,0.8244274809160306,False,0.6960816777041939,0.7590714940804897,-0.08665101330613222,0.06843267108167761,0.0,False,0.24224981508386922,-548812620.2428505,0.5,-0.2777152928002024,0.9224981508386924,-0.014256619144602856,,,,,0.004483451045561471,0.0431034482758621,0.004483451045561471,True,60日价格动量(财报缺失后备),1.0,0.6842724532654316,False,True
600160,巨化股份,氟化工,申银万国行业分类标准,2026-09-14,35.06,1079676287.75,-0.2775602719967031,,,2026-09-18,-84995159.32726488,-0.12727272727271552,0.46564885496183206,False,0.9749999999999999,0.7051909140876612,0.09596484075347311,0.0,-0.07615283267457185,False,0.18229698450723905,-2999709066.6777563,0.4,-0.04178629653169745,0.6229698450723905,-0.10217669654289363,,,,,-0.2775602719967031,-0.2775602719967031,-0.2775602719967031,False,60日价格动量(财报缺失后备),1.0,0.6812040171191761,False,False
601838,成都银行,城商行Ⅲ,申银万国行业分类标准,2026-09-14,20.25,372470079.1,0.10114192495921692,,,2026-09-18,664392424.0090795,0.12430561454104075,0.916030534351145,True,1.0,0.6482393287558773,0.05308792821154188,0.14406779661016955,0.04381443298969079,False,0.5007061690839067,944441604.932987,0.6,0.1471022893610077,1.0305389436058585,0.042202779207411334,,,,,0.12166041446792539,0.10114192495921692,0.12166041446792539,False,60日价格动量(财报缺失后备),0.2857142857142857,0.679811220569777,False,False
601607,上海医药,医药流通,申银万国行业分类标准,2026-09-14,16.35,167142038.05,0.024436090225564033,,,2026-09-18,58001473.50000309,0.5000000000000266,0.6641221374045801,False,0.6113765279640215,0.5256727622684019,-0.0419662759981572,0.06932635709614132,-0.012084592145015116,False,0.4522525690110454,271514237.62489396,0.6,0.04216599132070805,0.6719265005256041,-0.0024405125076265577,,,,,0.024436090225564033,0.024436090225564033,0.024436090225564033,False,60日价格动量(财报缺失后备),1.0,0.6793005281228839,False,False
600362,江西铜业,铜,申银万国行业分类标准,2026-09-14,44.43,3332751888.3,-0.1901203062340503,,,2026-09-18,1157616570.5879738,0.1161470374238601,0.9465648854961832,False,1.0,0.4045984990519539,0.052943987167941436,0.1504401864319007,-0.03455019556714478,False,0.255734008707139,-4648388414.099028,0.5,-0.22251995092698298,1.05734008707139,-0.07591514143094835,,,,,-0.134090347815408,-0.1901203062340503,-0.134090347815408,False,60日价格动量(财报缺失后备),0.5,0.6782464792760213,False,False
600233,圆通速递,快递,申银万国行业分类标准,2026-09-14,17.24,413257049.65,0.07952410770194107,,,2026-09-18,-808592440.7137284,-0.8527749091593795,0.20610687022900764,False,0.8829555970370115,0.6249463612046271,-0.134931135091836,0.13720316622691286,0.02072232089994075,False,0.4846466984853101,410599890.6300998,0.5,0.2011524153979136,1.1050840863756046,0.022538552787663146,,,,,0.02595163326088895,0.07952410770194107,0.02595163326088895,True,60日价格动量(财报缺失后备),1.0,0.6772697277782325,False,False
600549,厦门钨业,钨,申银万国行业分类标准,2026-09-14,49.38,2261199383.15,-0.4774603174603175,,,2026-09-18,2265415594.4611793,0.6770576790779611,0.9618320610687023,False,1.0,0.7195203797444794,0.2857758711420722,0.0973333333333335,-0.018290258449304098,False,0.2173365281218371,-1372486829.1895847,0.5,0.17495969872645922,0.4634136427466199,-0.044504643962848256,,,,,-0.4656294479390575,-0.4774603174603175,-0.4656294479390575,False,60日价格动量(财报缺失后备),0.5,0.6717005442441998,False,False
300628,亿联网络,通信终端及配件,申银万国行业分类标准,2026-09-14,40.73,504974683.45,0.21148126115407506,,,2026-09-18,5999963.999996679,0.019230769230758588,0.6030534351145038,False,0.825,0.8953651950073295,-0.06835722545502623,0.2520750076852134,-0.003425495473452389,False,0.21373643581944907,-152901297.43873274,0.5,-0.19696196274837585,0.6373643581944908,-0.023729626078619392,,,,,0.21148126115407506,0.21148126115407506,0.21148126115407506,False,60日价格动量(财报缺失后备),1.0,0.671544795977763,False,False
001280,中国铀业,稀土,申银万国行业分类标准,2026-09-14,63.75,491527476.05,-0.14141414141414144,,,2026-09-18,-171064868.86050192,-0.17450984288856744,0.3969465648854962,False,1.0,0.3063082691341673,0.08171733756191213,0.12552966101694918,-0.035552193645990826,False,0.16500534396261016,-200972359.05225533,0.3,0.09489798517787301,0.6361758574126539,-0.06332647663826041,,,,,-0.22795545482526097,-0.14141414141414144,-0.22795545482526097,True,60日价格动量(财报缺失后备),1.0,0.6706406489677518,False,False
600426,华鲁恒升,氮肥,申银万国行业分类标准,2026-09-14,19.73,885788043.95,-0.2651769087523278,,,2026-09-18,-188627403.3870936,-0.48387096774192734,0.3816793893129771,False,1.0,0.4747716138217499,0.11869596096227837,0.07932166301969357,-0.02903543307086609,False,0.1575006432739658,-3776149137.8910866,0.2,-0.6955567730697018,0.9750064327396578,-0.08952468850946016,,,,,-0.2651769087523278,-0.2651769087523278,-0.2651769087523278,False,60日价格动量(财报缺失后备),1.0,0.6657110386810868,False,False
600436,片仔癀,中药Ⅲ,申银万国行业分类标准,2026-09-14,118.7,365411107.05,0.038586053023011546,,,2026-09-18,154710872.14425385,0.4459029211441337,0.7480916030534351,False,0.7726851851851851,0.7196229415436581,-0.21263323526725128,0.09907407407407409,-0.03244212585588524,False,0.13173174055145562,-344317481.01955456,0.3,-0.1812919144450349,0.4173174055145562,-0.035743298131600265,,,,,0.03631430310725048,0.038586053023011546,0.03631430310725048,True,60日价格动量(财报缺失后备),1.0,0.6643568113041064,False,True
002602,世纪华通,游戏Ⅲ,申银万国行业分类标准,2026-09-14,15.06,1621480341.65,0.11887072808320953,,,2026-09-18,-710885951.2881477,-0.19653634983609014,0.22137404580152673,False,1.0,0.5256349804530399,0.08326644773323,0.226384364820847,-0.06806930693069302,False,0.27811231916534873,-722413349.9750319,0.4,-0.1277275935242129,1.5811231916534874,0.08736462093862829,,,,,0.018968334526029418,0.11887072808320953,0.018968334526029418,True,60日价格动量(财报缺失后备),1.0,0.6638028889516425,False,False
600011,华能国际,火力发电,申银万国行业分类标准,2026-09-14,6.97,445477297.8,-0.09715025906735753,,,2026-09-18,152992424.0640969,0.16584611437843258,0.7404580152671756,False,0.7507154872986641,0.39373693150742406,0.026300437181431005,0.056060606060606144,0.01900584795321625,False,0.48598057232456726,1306709511.9188244,0.6,0.19962955017421113,0.8202502630366191,0.02499999999999991,,,,,-0.06155020827013372,-0.09715025906735753,-0.06155020827013372,False,60日价格动量(财报缺失后备),0.6666666666666666,0.6614680589908428,False,False
600104,上汽集团,综合乘用车,申银万国行业分类标准,2026-09-14,11.63,586965820.6,0.10761904761904773,,,2026-09-18,-960578838.1684167,-0.41124169221610846,0.13740458015267176,False,0.7380462716062871,0.2556555259275445,-0.007135462166214474,0.1952723535457348,0.09924385633270338,True,0.6491815049754897,2465557541.794139,0.7,0.5102668533493888,1.7794948257356298,0.1086749285033366,,,,,-0.031333169669197414,0.10761904761904773,-0.031333169669197414,True,60日价格动量(财报缺失后备),1.0,0.6611901737562929,False,False
001979,招商蛇口,商业地产,申银万国行业分类标准,2026-09-14,6.75,752429404.55,-0.06896551724137934,,,2026-09-18,172241563.12499923,0.6249999999999972,0.7709923664122137,False,0.487716650732256,0.38114605682807456,-0.07215326142590944,0.06803797468354422,-0.020319303338171224,False,0.43807184017805934,308286198.99167895,0.4,0.1670081621225796,0.9803086072334979,0.046511627906976605,,,,,-0.06896551724137934,-0.06896551724137934,-0.06896551724137934,False,60日价格动量(财报缺失后备),1.0,0.6600314285466344,False,False
600066,宇通客车,商用载客车,申银万国行业分类标准,2026-09-14,27.01,489748895.35,-0.014952589350838763,,,2026-09-18,454483087.8923113,0.9076923076923148,0.8778625954198473,False,0.5664000752728643,0.7592461913738378,-0.17798296693184312,0.01656003010914575,-0.04994723883221941,False,0.2545589966426491,-1362643444.3308516,0.5,-0.4386330206710637,1.0455899664264907,-0.11558611656843476,,,,,-0.014952589350838763,-0.014952589350838763,-0.014952589350838763,False,60日价格动量(财报缺失后备),1.0,0.659132290826491,False,False
000807,云铝股份,铝,申银万国行业分类标准,2026-09-14,27.02,1797265651.45,0.03963062716429411,,,2026-09-18,-569848293.2000339,-0.15811749890184632,0.24427480916030533,False,0.8507558790593508,0.7251363164679526,-0.053413079630735334,0.2411575562700965,0.008585293019783613,False,0.4121476650400543,170733008.92573673,0.4,0.0398379664217121,0.8736710906944883,-0.0014781966001478075,,,,,0.0006007543990019792,0.03963062716429411,0.0006007543990019792,True,60日价格动量(财报缺失后备),1.0,0.6571186418098798,False,False
300442,润泽科技,通信应用增值服务,申银万国行业分类标准,2026-09-14,60.68,1216463223.05,-0.29441860465116276,,,2026-09-18,-429967007.6153873,-0.5384615384615419,0.29770992366412213,False,1.0,0.7207559459540487,0.10522299039079304,0.04801381692573403,-0.0517268323175496,False,0.18211960777515704,-2649675379.165045,0.4,0.12315102183625935,0.47341485154805923,-0.0657428791377983,,,,,-0.29441860465116276,-0.29441860465116276,-0.29441860465116276,False,60日价格动量(财报缺失后备),1.0,0.6550718866766138,False,False
000768,中航西飞,航空装备Ⅲ,申银万国行业分类标准,2026-09-14,22.62,727108416.85,0.07000946073793757,,,2026-09-18,-4026408485.01404,-0.8135692945629891,0.05343511450381679,False,1.0,0.8015765804345812,0.05801353840706036,0.15821812596006146,-0.028350515463917536,False,0.5440485926200277,179761500.51663184,0.6,-0.06339106300308407,1.6404859262002767,0.0,,,,,-0.0014416618022053962,0.07000946073793757,-0.0014416618022053962,True,60日价格动量(财报缺失后备),0.8333333333333334,0.6550325043891037,False,False
002001,新和成,食品及饲料添加剂,申银万国行业分类标准,2026-09-14,26.92,788477226.4,-0.08590831918505937,,,2026-09-18,405060145.86206985,0.7471264367816108,0.8625954198473282,False,0.6283884672756394,0.6421667209144726,-0.06852431539435883,0.022796352583586588,0.01546586193889099,False,0.17460926224831297,-181781456.1777947,0.4,-0.057845438005079824,0.5460926224831296,-0.007374631268436516,,,,,-0.08590831918505937,-0.08590831918505937,-0.08590831918505937,False,60日价格动量(财报缺失后备),1.0,0.6546879397142358,False,False
300122,智飞生物,疫苗,申银万国行业分类标准,2026-09-14,12.51,702796032.6,0.01624695369618201,,,2026-09-18,39861408.48484763,0.15151515151514824,0.6335877862595419,False,0.7167516491903384,0.5593104223001737,-0.04256641731409956,0.10026385224274414,-0.05798192771084332,False,0.2498115002298843,-322518710.41398084,0.6,-0.05833568728680796,0.6981150022988428,-0.11402266288951834,,,,,0.01624695369618201,0.01624695369618201,0.01624695369618201,False,60日价格动量(财报缺失后备),1.0,0.654195927066481,False,False
600547,山东黄金,黄金,申银万国行业分类标准,2026-09-14,34.55,3889242344.0,0.2660315133748625,,,2026-09-18,-418601096.8831465,-0.10005910623236561,0.31297709923664124,False,1.0,0.9033725075364338,0.046792772338330485,0.5021739130434781,-0.052126200274348555,False,0.16414784831442414,-4616501221.392166,0.3,-0.3598921523177007,0.7414784831442413,-0.06343182434264039,,,,,0.19279654976022154,0.2660315133748625,0.19279654976022154,True,60日价格动量(财报缺失后备),1.0,0.6536323819259343,False,False
601166,兴业银行,股份制银行Ⅲ,申银万国行业分类标准,2026-09-14,18.15,1888734151.3,0.02368866328257191,,,2026-09-18,5157078214.276301,0.5799742463891603,0.9847328244274809,False,0.7816567304990164,0.6304756293677818,-0.0585587979136922,0.09601449275362328,0.005540166204986097,False,0.44364812317128494,2125954693.980611,0.5,0.024354360568987814,0.9072559990300636,0.011142061281337101,,,,,0.05353330345661811,0.02368866328257191,0.05353330345661811,False,60日价格动量(财报缺失后备),0.4444444444444444,0.6534667259391334,False,False
002179,中航光电,军工电子Ⅲ,申银万国行业分类标准,2026-09-14,34.18,688491178.65,-0.20009361104610335,,,2026-09-18,-559811819.1600003,-0.7120000000000004,0.25190839694656486,False,1.0,0.7132275828126193,0.15830285797562121,0.05918810040285094,0.0008784773060028783,False,0.20872925042497537,-621129087.7311802,0.4,0.1518394005644509,0.7050852235724123,-0.020630372492836613,,,,,-0.20009361104610335,-0.20009361104610335,-0.20009361104610335,False,60日价格动量(财报缺失后备),1.0,0.6525639919955568,False,False
603369,今世缘,白酒Ⅲ,申银万国行业分类标准,2026-09-14,28.99,382694937.05,0.18811475409836076,,,2026-09-18,-547983309.5404472,-0.12534260784446646,0.2595419847328244,False,0.825,0.846092519843411,-0.041885212620101135,0.22269084774356807,-0.06029173419773104,False,0.4120067486695602,112682930.33886679,0.5,-0.054515369541816815,0.6200674866956023,-0.028810720268006795,,,,,0.009246440399955131,0.18811475409836076,0.009246440399955131,True,60日价格动量(财报缺失后备),1.0,0.6524100841139548,False,False
601058,赛轮轮胎,轮胎轮毂,申银万国行业分类标准,2026-09-14,13.6,581538613.45,0.1120196238757154,,,2026-09-18,-134145197.70967963,-0.2903225806451661,0.4122137404580153,False,0.825,0.7998940138082561,-0.06831005988109706,0.18985126859142598,-0.05226480836236935,False,0.2731234926983569,-1352358208.9241726,0.4,-0.6057980212893709,1.5312349269835686,-0.1225806451612903,,,,,0.1120196238757154,0.1120196238757154,0.1120196238757154,False,60日价格动量(财报缺失后备),1.0,0.6482236212661923,False,False
601825,沪农商行,农商行Ⅲ,申银万国行业分类标准,2026-09-14,8.87,222305583.0,0.07645631067961145,,,2026-09-18,-93197028.2000011,-0.12362688821354058,0.45038167938931295,False,0.8468423912350287,0.7953278350276586,0.0025482789774200136,0.18424566088117467,-0.0022497187851520106,False,0.20786631687280666,-221985202.3412044,0.4,-0.24528217828122847,0.8786631687280666,-0.01880530973451322,,,,,0.0680087196031286,0.07645631067961145,0.0680087196031286,True,60日价格动量(财报缺失后备),1.0,0.6460956324665729,False,False
002050,三花智控,家电零部件Ⅲ,申银万国行业分类标准,2026-09-14,34.7,1548686796.2,-0.23281008180411222,,,2026-09-18,-418295618.06665987,-0.46666666666665907,0.32061068702290074,False,0.9731194279663362,0.6892919773083757,0.0522805999294059,0.0,-0.04931506849315059,False,0.15679879934707586,-4751480046.29577,0.3,-0.0867606804220415,0.6679879934707588,-0.03503893214682974,,,,,-0.23281008180411222,-0.23281008180411222,-0.23281008180411222,False,60日价格动量(财报缺失后备),1.0,0.64525766563125,False,False
600309,万华化学,聚氨酯,申银万国行业分类标准,2026-09-14,73.51,2532065391.15,-0.010632570659488416,,,2026-09-18,48757063.95028727,0.02762430939227144,0.648854961832061,False,0.6728310099020056,0.5134465023977164,-6.242042027293163e-06,0.09798356982823009,-0.04209017461558495,False,0.24449537950656605,-1033352931.7678996,0.5,-0.0656734738714223,0.9449537950656605,-0.04557257855102559,,,,,-0.010632570659488416,-0.010632570659488416,-0.010632570659488416,False,60日价格动量(财报缺失后备),1.0,0.6427441402136553,False,False
002648,卫星化学,其他化学原料,申银万国行业分类标准,2026-09-14,26.91,1268165422.35,0.17562254259501953,,,2026-09-18,-514070478.6458314,-0.6041666666666644,0.2748091603053435,False,1.0,0.7219121929630133,0.05359348424178227,0.21930222020842782,-0.003702332469455838,False,0.14730851591536892,-4271520641.969271,0.2,-0.37913462057192804,0.8730851591536893,-0.05974842767295596,,,,,0.17562254259501953,0.17562254259501953,0.17562254259501953,False,60日价格动量(财报缺失后备),1.0,0.6417889610399109,False,False
000725,京东方A,面板,申银万国行业分类标准,2026-09-14,5.3,7166358570.05,-0.2352092352092352,,,2026-09-18,954601006.3999637,0.21218536613716252,0.9389312977099237,False,0.9749999999999999,0.6961521477646548,0.14303657321961993,0.0,-0.06690140845070425,False,0.14224894850410488,-19043996460.549232,0.3,-0.19572492607569836,0.5224894850410489,-0.10321489001692052,,,,,-0.14966874586113066,-0.2352092352092352,-0.14966874586113066,False,60日价格动量(财报缺失后备),0.5,0.6408484966680109,False,False
000333,美的集团,空调,申银万国行业分类标准,2026-09-14,86.8,1822907482.35,0.10884006131834445,,,2026-09-18,-82755977.36844376,-0.05263157894738286,0.48091603053435117,False,0.8434305088675089,0.8289471812377995,-0.05069399866256152,0.1492122335495829,0.006143502955836322,False,0.16565565564511567,-1637864830.3886302,0.3,-0.2708274539137289,0.7565565564511567,-0.00788661561321291,,,,,0.10884006131834445,0.10884006131834445,0.10884006131834445,False,60日价格动量(财报缺失后备),1.0,0.6406262726784019,False,False
300760,迈瑞医疗,医疗设备,申银万国行业分类标准,2026-09-14,160.1,1525573564.85,0.12865703207613688,,,2026-09-18,-928205921.2294596,-0.7232713628633243,0.16030534351145037,False,0.825,0.8426700838569123,-0.014630209126509568,0.19495447081653983,-0.053782505910165423,False,0.4408154143134554,237150907.13529098,0.5,-0.09774388409010418,0.9081541431345534,-0.05311095339484273,,,,,0.05549849396301326,0.12865703207613688,0.05549849396301326,True,60日价格动量(财报缺失后备),1.0,0.6397649222806538,False,False
600600,青岛啤酒,啤酒,申银万国行业分类标准,2026-09-14,50.8,194461080.0,-0.05786350148367958,,,2026-09-18,44607565.8181811,0.36363636363635776,0.6412213740458015,False,0.4954533471922459,0.577319704613273,-0.05014828721986315,0.005741437339140676,-0.01301729162619003,False,0.44669676312794687,57324137.54185901,0.6,0.0006429603612309447,0.6661960788459914,-0.002160675702219561,,,,,-0.05786350148367958,-0.05786350148367958,-0.05786350148367958,False,60日价格动量(财报缺失后备),1.0,0.6385544697488208,False,False
688506,百利天恒,化学制剂,申银万国行业分类标准,2026-09-14,252.0,453853723.1,0.1077896957974327,,,2026-09-18,3826869854.467563,0.9097468109174616,0.9770992366412213,False,0.6651810409856673,0.730723852336951,-0.20751935902586252,0.056072416394266966,-0.0039525691699604515,False,0.17364201777188104,-434492857.7535905,0.3,-0.09419823812467953,0.8364201777188105,-0.03076923076923077,,,,,0.005088009908114088,0.1077896957974327,0.005088009908114088,True,60日价格动量(财报缺失后备),0.8,0.6383846640669147,False,True
601689,拓普集团,底盘与发动机系统,申银万国行业分类标准,2026-09-14,43.13,907927522.2,-0.2834357866755274,,,2026-09-18,528619979.7938285,0.2628440649147698,0.8931297709923665,False,0.9612815399057366,0.6863387225539685,0.05069649674770328,0.0006960556844548549,-0.08351041223969402,False,0.1746221609138498,-2623501442.2482,0.3,-0.08690293603784538,0.8462216091384979,-0.07207401032702221,,,,,-0.22401255616933924,-0.2834357866755274,-0.22401255616933924,False,60日价格动量(财报缺失后备),0.5,0.6356659563986566,False,False
600584,长电科技,集成电路封测,申银万国行业分类标准,2026-09-14,66.33,6400907908.95,-0.27373261797875836,,,2026-09-18,-473652157.3777767,-0.1555555555555552,0.2900763358778626,False,1.0,0.6596990024165084,0.08909162128797554,0.08737704918032785,-0.03869565217391302,False,0.10916256555899581,-12571357195.253029,0.2,-0.041975895483743905,0.49162565558995813,-0.09496520671305786,,,,,-0.27373261797875836,-0.27373261797875836,-0.27373261797875836,False,60日价格动量(财报缺失后备),1.0,0.6353059085653214,False,False
601728,中国电信,电信运营商,申银万国行业分类标准,2026-09-14,6.26,603141297.35,0.102112676056338,,,2026-09-18,-831376068.3376732,-0.43088099902045146,0.1984732824427481,False,0.825,0.9130122214416483,-0.1035077472257654,0.20616570327552974,-0.012618296529968487,False,0.39181679691113985,116853861.8230704,0.4,-0.1927312958228204,0.7181679691113982,-0.03245749613601234,,,,,0.04891116084919637,0.102112676056338,0.04891116084919637,True,60日价格动量(财报缺失后备),1.0,0.6351488557163345,False,False
600023,浙能电力,火力发电,申银万国行业分类标准,2026-09-14,5.04,198161560.5,-0.11888111888111885,,,2026-09-18,152992424.0640969,0.16584611437843258,0.7404580152671756,False,0.9064986289792606,0.682077089376626,0.01937071633624015,0.039175257731958846,0.039175257731958846,False,0.5178499105507344,248723785.0151364,0.5,0.0072668789224518155,1.6697788508004017,0.030674846625766916,,,,,-0.06155020827013372,-0.11888111888111885,-0.06155020827013372,False,60日价格动量(财报缺失后备),0.3333333333333333,0.6328370027182302,False,False
600000,浦发银行,股份制银行Ⅲ,申银万国行业分类标准,2026-09-14,9.4,683736851.85,0.026200873362445476,,,2026-09-18,5157078214.276301,0.5799742463891603,0.9847328244274809,False,0.6060453700982222,0.3856875946155993,-0.019237630029143308,0.09175377468060408,0.018418201516793076,False,0.4542401937387363,499125830.465469,0.5,-0.21144813716757657,1.042401937387363,0.005347593582887722,,,,,0.05353330345661811,0.026200873362445476,0.05353330345661811,False,60日价格动量(财报缺失后备),0.5555555555555556,0.6312091132385358,False,False
600019,宝钢股份,板材,申银万国行业分类标准,2026-09-14,5.84,565655564.55,0.01565217391304352,,,2026-09-18,-292718511.55554897,-0.2669557172745802,0.3511450381679389,False,0.6318736250806327,0.45143670211740927,-0.04009725502225303,0.08348794063079779,0.01565217391304352,False,0.4773076229387638,146911365.26230505,0.6,-0.03268437131114929,0.9730762293876376,-0.0034129692832765013,,,,,-0.0715389924085576,0.01565217391304352,-0.0715389924085576,True,60日价格动量(财报缺失后备),1.0,0.6291180008924686,False,False
000708,中信特钢,特钢Ⅲ,申银万国行业分类标准,2026-09-14,13.53,185343759.25,-0.009516837481698404,,,2026-09-18,5165619.870967624,0.032258064516128296,0.5954198473282443,False,0.6440573818962665,0.5297399029480783,-0.07793339614661439,0.07210776545166397,0.007446016381235987,False,0.2561239773449667,-179675905.91915628,0.5,-0.11957268145578351,1.061239773449667,-0.01024140453547917,,,,,-0.009516837481698404,-0.009516837481698404,-0.009516837481698404,False,60日价格动量(财报缺失后备),1.0,0.6263321783707705,False,False
600930,华电新能,风力发电,申银万国行业分类标准,2026-09-14,3.94,387956330.15,-0.2593984962406015,,,2026-09-18,-51204668.40000376,-0.07992186689050995,0.5038167938931297,False,1.0,0.9376781534572604,0.055830606816329516,0.01285347043701801,0.01285347043701801,False,0.3940862979404925,243538923.20000196,0.4,0.03658639698649596,0.6969593030211295,0.0025445292620864812,,,,,-0.17549132732822154,-0.2593984962406015,-0.17549132732822154,False,60日价格动量(财报缺失后备),0.5,0.624284933263749,False,False
600760,中航沈飞,航空装备Ⅲ,申银万国行业分类标准,2026-09-14,45.5,825088213.45,0.08851674641148333,,,2026-09-18,-4026408485.01404,-0.8135692945629891,0.05343511450381679,False,1.0,0.8511993774099552,0.02651558334190453,0.17086978898610394,-0.034175334323922724,False,0.23850255950905724,-1503220167.1449761,0.4,-0.44562618349533467,1.1850255950905724,-0.04471971446567291,,,,,-0.0014416618022053962,0.08851674641148333,-0.0014416618022053962,True,60日价格动量(财报缺失后备),1.0,0.6203126627780277,False,False
000596,古井贡酒,白酒Ⅲ,申银万国行业分类标准,2026-09-14,92.1,403480948.95,0.11582263145141725,,,2026-09-18,-547983309.5404472,-0.12534260784446646,0.2595419847328244,False,0.825,0.7440315525343225,-0.07980033901115263,0.21184210526315783,-0.0881188118811882,False,0.4252548125275958,475863947.8786689,0.5,-0.05566078824751284,0.752548125275958,-0.08703409992069788,,,,,0.009246440399955131,0.11582263145141725,0.009246440399955131,True,60日价格动量(财报缺失后备),0.8571428571428571,0.6200078143641781,False,False
300999,金龙鱼,粮油加工,申银万国行业分类标准,2026-09-14,25.72,406253750.0,0.04510361641609095,,,2026-09-18,-225497831.1034482,-0.7586206896551722,0.35877862595419846,False,0.7817166324738108,0.6207770698886076,-0.034067044969538066,0.10576096302665516,-0.0613138686131387,False,0.2544053514148076,-574740542.784298,0.4,-0.3277494158512858,1.344053514148076,-0.05718475073313789,,,,,0.04510361641609095,0.04510361641609095,0.04510361641609095,False,60日价格动量(财报缺失后备),1.0,0.6198720527866849,False,False
300498,温氏股份,生猪养殖,申银万国行业分类标准,2026-09-14,14.78,743943329.75,0.1833466773418735,,,2026-09-18,98110938.78788957,0.047085200367309794,0.7022900763358778,False,0.825,0.6351288622082871,-0.02394554895002441,0.26109215017064824,-0.0327225130890052,False,0.4251664557953886,104746945.10617563,0.4,-0.11247507452227914,1.051664557953886,0.023545706371191022,,,,,0.21891928859729903,0.1833466773418735,0.21891928859729903,False,60日价格动量(财报缺失后备),0.5,0.6192496292160227,False,False
603288,海天味业,调味发酵品Ⅲ,申银万国行业分类标准,2026-09-14,34.15,553499253.4,0.033595641646489094,,,2026-09-18,-199239462.15555775,-0.5111111111111167,0.366412213740458,False,0.6038752763531576,0.6182221933581733,-0.09987592546829038,0.035476046088538604,-0.0014619883040937198,False,0.4408649724666427,613073452.6273632,0.5,0.09736498818259876,0.7918117388473085,0.004411764705882337,,,,,0.033595641646489094,0.033595641646489094,0.033595641646489094,False,60日价格动量(财报缺失后备),1.0,0.6146612687706996,False,False
600886,国投电力,水力发电,申银万国行业分类标准,2026-09-14,14.5,365934589.2,0.10015174506828539,,,2026-09-18,-16349238.141504645,-0.004559025139743865,0.549618320610687,False,0.6850646106286539,0.4101898458697367,-0.08192458255171821,0.11624326404926855,0.01754385964912286,False,0.43798578636841123,583887454.5209452,0.5,-0.03014317982882692,0.879857863684112,0.04166666666666674,,,,,0.08597648836932098,0.10015174506828539,0.08597648836932098,True,60日价格动量(财报缺失后备),0.75,0.6124394939028364,False,False
601318,中国平安,保险Ⅲ,申银万国行业分类标准,2026-09-14,54.73,4210154477.8,0.05290496344747986,,,2026-09-18,-35345158.70549059,-0.007079200956638721,0.5343511450381679,False,0.825,0.7297264764893712,-0.02481537211070252,0.15879737455007414,-0.028921220723917673,False,0.22592260085234928,-4312226128.980468,0.4,-0.29557347089920827,1.0592260085234926,-0.04368338284116724,,,,,0.03340492019010759,0.05290496344747986,0.03340492019010759,True,60日价格动量(财报缺失后备),0.8,0.6108508792207209,False,False
688183,生益电子,印制电路板,申银万国行业分类标准,2026-09-14,124.2,2272707185.1,-0.0758928571428572,,,2026-09-18,-5876125071.742454,-0.17648010649006962,0.022900763358778626,False,1.0,0.5369756579076703,0.26799809977928585,0.5072815533980581,-0.06567366283006093,False,0.2202827517224786,-1397774823.8514204,0.4,-0.169458520706155,1.002827517224786,0.012720156555773077,,,,,-0.21249266193436803,-0.0758928571428572,-0.21249266193436803,True,60日价格动量(财报缺失后备),1.0,0.6096508406023754,False,False
601766,中国中车,轨交设备Ⅲ,申银万国行业分类标准,2026-09-14,6.13,782139181.65,0.08112874779541435,,,2026-09-18,-355840803.7499994,-0.4020174784815721,0.3282442748091603,False,0.825,0.8599239364876138,-0.06285363619694781,0.17884615384615388,-0.014469453376205754,False,0.17422962624657823,-146008506.46674252,0.3,-0.17861486315264746,0.8422962624657822,-0.02852614896988903,,,,,0.0029406115214695716,0.08112874779541435,0.0029406115214695716,True,60日价格动量(财报缺失后备),1.0,0.6067062615234765,False,False
300896,爱美客,医美耗材,申银万国行业分类标准,2026-09-14,88.44,251459132.55,-0.0404686991428882,,,2026-09-18,50776567.043478124,0.4608695652173901,0.6564885496183206,False,0.6109649122807015,0.6380785773357046,-0.18320635024648596,0.03438596491228063,-0.0486230636833046,False,0.16761121381514313,-277681048.38677,0.4,-0.03546727763611694,0.4761121381514313,-0.05754475703324813,,,,,-0.0404686991428882,-0.0404686991428882,-0.0404686991428882,False,60日价格动量(财报缺失后备),1.0,0.6064899870616605,False,False
600989,宝丰能源,煤化工,申银万国行业分类标准,2026-09-14,23.97,1831729553.95,0.10359116022099446,,,2026-09-18,-906555674.5180714,-0.6626506024096379,0.17557251908396945,False,0.896764203331909,0.722826477952087,-0.030886928120943718,0.19253731343283564,0.023921401110636342,False,0.2024494579875354,-6632411441.259587,0.3,-0.6437034524467982,1.1244945798753538,-0.016413623307345193,,,,,0.10359116022099446,0.10359116022099446,0.10359116022099446,False,60日价格动量(财报缺失后备),1.0,0.6047561293132504,False,False
002415,海康威视,安防设备,申银万国行业分类标准,2026-09-14,33.16,1946395118.75,0.010051781906792456,,,2026-09-18,1293159.5210181307,0.0010934459522579678,0.5877862595419847,False,0.5640518977896523,0.509718055762101,-0.09155788328758412,0.0557147405284939,-0.049039288786922874,False,0.2568194871667423,-779974650.7634242,0.6,0.017229075809234523,0.7475199806963418,-0.07683741648106923,,,,,-0.01133774541024013,0.010051781906792456,-0.01133774541024013,True,60日价格动量(财报缺失后备),1.0,0.6009776930369781,False,True
603799,华友钴业,钴,申银万国行业分类标准,2026-09-14,35.63,1813211244.0,-0.3546458974823401,,,2026-09-18,-807603988.3333199,-0.8333333333333195,0.21374045801526717,False,0.9014042690215868,0.5416851228259042,0.06340031228828107,0.0,-0.06187467087941012,False,0.14476054246162692,-5751907121.999659,0.3,-0.09423674426272267,0.5476054246162693,-0.08944543828264762,,,,,-0.3546458974823401,-0.3546458974823401,-0.3546458974823401,False,60日价格动量(财报缺失后备),1.0,0.5993595079249362,False,False
600900,长江电力,水力发电,申银万国行业分类标准,2026-09-14,28.63,2667882250.95,0.06273199703043786,,,2026-09-18,-16349238.141504645,-0.004559025139743865,0.549618320610687,False,0.7802390985693008,0.5597173584065749,-0.04863368546359164,0.09191456903127393,0.028007181328545627,False,0.5173743992477633,5807684540.339548,0.7,-0.09495471324192563,1.0737439924776329,0.008098591549295708,,,,,0.08597648836932098,0.06273199703043786,0.08597648836932098,False,60日价格动量(财报缺失后备),0.5,0.5983389935048684,False,False
603993,洛阳钼业,铜,申银万国行业分类标准,2026-09-14,17.89,3868400447.95,-0.17367205542725161,,,2026-09-18,1157616570.5879738,0.1161470374238601,0.9465648854961832,False,0.3527754897084354,0.24005656629780914,-0.05308865921942812,0.06109134045077114,-0.026129559063690855,False,0.4622004713866385,2971444090.393196,0.6,0.13902042325843417,0.6551802059562638,-0.06138509968520456,,,,,-0.134090347815408,-0.17367205542725161,-0.134090347815408,False,60日价格动量(财报缺失后备),0.75,0.5981957418584269,False,False
000977,浪潮信息,其他计算机设备,申银万国行业分类标准,2026-09-14,68.82,6407537122.6,0.0395770392749244,,,2026-09-18,172433827.02974316,0.03361651727052045,0.7786259541984732,False,0.4591037278612751,0.3143670192871124,-0.15937763639836616,0.07885248471547257,-0.07920792079207928,False,0.21573002275202321,-28227852249.262314,0.3,-0.34363969912493075,1.257300227520232,-0.19602803738317764,,,,,-0.019809323543845347,0.0395770392749244,-0.019809323543845347,True,60日价格动量(财报缺失后备),1.0,0.597388814886083,False,True
601100,恒立液压,工程机械器件,申银万国行业分类标准,2026-09-14,101.17,574325609.6,-0.12110155503431497,,,2026-09-18,63461870.33333333,0.16666666666666666,0.6793893129770993,False,0.5794557114365122,0.5662203054469289,-0.0012495758912516902,0.04137931034482745,0.001385727011778748,False,0.1498177747587197,-73536669.15555204,0.3,0.0543706790825395,0.5329329326881497,-0.006968983117392913,,,,,-0.12110155503431497,-0.12110155503431497,-0.12110155503431497,False,60日价格动量(财报缺失后备),1.0,0.5971690197160535,False,False
601618,中国中冶,其他专业工程,申银万国行业分类标准,2026-09-14,2.58,213392967.15,-0.040892193308550095,,,2026-09-18,-90018193.19999893,-0.5999999999999929,0.4580152671755725,False,0.4877465120923326,0.35647175358398897,-0.04651857956446974,0.05737704918032782,0.015748031496062964,False,0.43567043181673715,163725512.96666807,0.4,0.10047187148984225,1.0361380723795606,0.0038910505836575737,,,,,-0.040892193308550095,-0.040892193308550095,-0.040892193308550095,False,60日价格动量(财报缺失后备),1.0,0.5968446150169986,False,False
000100,TCL科技,面板,申银万国行业分类标准,2026-09-14,4.67,1812659942.75,-0.06412825651302612,,,2026-09-18,954601006.3999637,0.21218536613716252,0.9389312977099237,False,0.4242763397274144,0.3407504121517162,0.014484618146934712,0.006465517241379448,-0.029106029106028997,False,0.12557687737426307,-4644589698.9871855,0.2,-0.18995603266622862,0.6557687737426307,-0.06600000000000006,,,,,-0.14966874586113066,-0.06412825651302612,-0.14966874586113066,True,60日价格动量(财报缺失后备),1.0,0.5964633808037748,False,True
600938,中国海油,油气开采Ⅲ,申银万国行业分类标准,2026-09-14,33.91,1547060602.55,0.11034708578912888,,,2026-09-18,-927208523.2280705,-0.56140350877193,0.16793893129770993,False,0.8965579710144929,0.8657461558122703,-0.04710152293152247,0.26766355140186904,0.02385265700483097,False,0.16642168613701946,-7120305980.744695,0.2,-0.6482785955457788,1.0642168613701946,-0.017386264850767885,,,,,0.11034708578912888,0.11034708578912888,0.11034708578912888,False,60日价格动量(财报缺失后备),1.0,0.5941605990981447,False,False
000988,华工科技,激光设备,申银万国行业分类标准,2026-09-14,100.0,4794990614.4,-0.427491841758745,,,2026-09-18,-3205084801.5191603,-0.7640117994100262,0.06870229007633588,False,1.0,0.8476802724650122,0.28372768838787543,0.09769484083424818,-0.018742027278971563,False,0.1190899503114542,-20336035042.065693,0.1,-0.2248904606656783,0.8908995031145419,-0.01506943760464885,,,,,-0.427491841758745,-0.427491841758745,-0.427491841758745,False,60日价格动量(财报缺失后备),1.0,0.5935129455931307,False,False
000999,华润三九,中药Ⅲ,申银万国行业分类标准,2026-09-14,24.3,220878270.0,0.03404255319148941,,,2026-09-18,154710872.14425385,0.4459029211441337,0.7480916030534351,False,0.7200363943162397,0.5743324818437474,-0.07453535270835934,0.0965703971119134,-0.014997973246858587,False,0.38985176432453666,77913904.13416848,0.4,-0.1241684558057151,0.6985176432453666,-0.004506349856616132,,,,,0.03631430310725048,0.03404255319148941,0.03631430310725048,False,60日价格动量(财报缺失后备),0.5,0.588092179986693,False,False
600219,南山铝业,铝,申银万国行业分类标准,2026-09-14,4.81,877576744.4,0.010504201680672232,,,2026-09-18,-569848293.2000339,-0.15811749890184632,0.24427480916030533,False,0.825,0.7426768162855278,-0.025642380287632154,0.223918575063613,-0.012320328542094527,False,0.4164538994905547,554855054.9536643,0.5,-0.06944273494387057,0.6645389949055471,-0.020366598778004175,,,,,0.0006007543990019792,0.010504201680672232,0.0006007543990019792,True,60日价格动量(财报缺失后备),0.75,0.5879684367046997,False,False
000895,双汇发展,肉制品,申银万国行业分类标准,2026-09-14,23.46,265293401.1,0.026246719160105014,,,2026-09-18,-44730452.59999746,-0.19999999999998866,0.5190839694656488,False,0.6433035714285718,0.7710454931973434,-0.10641803267053476,0.047321428571428736,-0.022499999999999964,False,0.16197046060717296,-1037457315.5299597,0.2,-0.6956843775674595,1.0197046060717296,-0.020050125313283207,,,,,0.026246719160105014,0.026246719160105014,0.026246719160105014,False,60日价格动量(财报缺失后备),1.0,0.5873004804734945,False,False
601088,中国神华,动力煤,申银万国行业分类标准,2026-09-14,47.2,1307860908.75,0.1370754035172248,,,2026-09-18,-2443904974.165418,-0.6770510673302214,0.0916030534351145,False,0.8972499457582992,0.8362142311297429,-0.03936734762717578,0.20901639344262302,0.024083315252766413,False,0.19202430826759784,-1316565109.4422517,0.3,-0.49057723797890085,1.0202430826759783,-0.022774327122153104,,,,,0.0819444837539624,0.1370754035172248,0.0819444837539624,True,60日价格动量(财报缺失后备),1.0,0.5855016714814121,False,False
002916,深南电路,印制电路板,申银万国行业分类标准,2026-09-14,389.13,2990185682.95,-0.14914505619451612,,,2026-09-18,-5876125071.742454,-0.17648010649006962,0.022900763358778626,False,1.0,0.5674846198025182,0.21724570464332713,0.3677680140597539,0.06616800920598376,False,0.4044450614091736,250925914.74752665,0.4,0.04908720205120657,0.7855459716302882,0.09818253654681941,,,,,-0.21249266193436803,-0.14914505619451612,-0.21249266193436803,True,60日价格动量(财报缺失后备),0.7142857142857143,0.5842628465954777,False,False
601698,中国卫通,航天装备Ⅲ,申银万国行业分类标准,2026-09-14,23.79,503129109.5,-0.2192320315063997,,,2026-09-18,-831821627.1294029,-0.7594517032822639,0.19083969465648856,False,0.7993190194312906,0.6606981276166853,0.03163561960705131,0.0012626262626260765,-0.007923269391159393,False,0.21136320653248367,-435295795.5609,0.5,0.022994922690287495,0.5860381580964918,-0.020987654320987703,,,,,-0.23171364108301512,-0.2192320315063997,-0.23171364108301512,True,60日价格动量(财报缺失后备),1.0,0.5808044463938058,False,False
002311,海大集团,水产饲料,申银万国行业分类标准,2026-09-14,42.61,411220918.75,0.022067642120412678,,,2026-09-18,-22674390.73770365,-0.08196721311474951,0.5419847328244275,False,0.5980676328502416,0.646185446219838,-0.10496687423439492,0.02922705314009666,-0.03814898419864554,False,0.15792011598475503,-680129963.9587417,0.2,-0.44096008121923885,0.9792011598475501,-0.08581849388543228,,,,,0.022067642120412678,0.022067642120412678,0.022067642120412678,False,60日价格动量(财报缺失后备),1.0,0.5772972654161468,False,False
601018,宁波港,港口,申银万国行业分类标准,2026-09-14,3.52,194142377.7,0.07317073170731714,,,2026-09-18,-107115072.71428855,-0.2862135422151877,0.4351145038167939,False,0.8706739150380767,0.6609166199285441,-0.015575015394250255,0.11746031746031749,0.01734104046242768,False,0.4146762183123087,46754218.40757938,0.4,-0.1919130705100015,0.9467621831230874,0.005714285714285783,,,,,0.09474863115978094,0.07317073170731714,0.09474863115978094,False,60日价格动量(财报缺失后备),0.5,0.5768941298528589,False,False
601916,浙商银行,股份制银行Ⅲ,申银万国行业分类标准,2026-09-14,2.98,439812589.65,-0.009966777408637828,,,2026-09-18,5157078214.276301,0.5799742463891603,0.9847328244274809,False,0.6124660603653252,0.3259796806016555,-0.005889927904521556,0.13307984790874539,0.013605442176870763,False,0.44870612491811857,531076702.02221596,0.4,0.14708134828920227,1.1105636312341427,0.0033670033670032407,,,,,0.05353330345661811,-0.009966777408637828,0.05353330345661811,False,60日价格动量(财报缺失后备),0.3333333333333333,0.5761962475579567,False,False
605499,东鹏饮料,软饮料,申银万国行业分类标准,2026-09-14,112.63,619276281.15,-0.06631849457017325,,,2026-09-18,37082282.639998704,0.12999999999999545,0.6259541984732825,False,0.501211484133382,0.5546548630159651,-0.11418412327910944,0.015599639314697766,-0.0766519101492048,False,0.18064643307717626,-1707797947.9345605,0.4,-0.29407138295882274,0.6064643307717628,-0.08229446753035119,,,,,-0.06631849457017325,-0.06631849457017325,-0.06631849457017325,False,60日价格动量(财报缺失后备),1.0,0.5707158932039651,False,False
002353,杰瑞股份,能源及重型设备,申银万国行业分类标准,2026-09-14,117.69,2384039958.0,-0.32229644132212365,,,2026-09-18,376084888.6440656,0.2881355932203373,0.8473282442748091,False,0.3234395278415606,0.31180086723404266,-0.0010339054762632733,0.025442188725276704,-0.06118379068283342,False,0.20798271712822936,-6177039388.004,0.4,-0.05137500599125571,0.8798271712822937,-0.07694117647058829,,,,,-0.32229644132212365,-0.32229644132212365,-0.32229644132212365,False,60日价格动量(财报缺失后备),1.0,0.5684931864894873,False,False
300124,汇川技术,工控设备,申银万国行业分类标准,2026-09-14,53.66,1252778886.95,-0.2217548948513416,,,2026-09-18,194632958.42519432,0.27559055118109876,0.7938931297709924,False,0.42953416452750653,0.5075934638007211,-0.01541589196740912,0.00261584454409558,-0.08896434634974537,False,0.12334911941150717,-8596855137.963562,0.1,-0.3847918900286307,0.9334911941150716,-0.11960623461853992,,,,,-0.2217548948513416,-0.2217548948513416,-0.2217548948513416,False,60日价格动量(财报缺失后备),1.0,0.5684761551653271,False,False
601668,中国建筑,房屋建设Ⅲ,申银万国行业分类标准,2026-09-14,4.33,921610856.7,-0.0688172043010753,,,2026-09-18,-476537122.0000035,-0.6666666666666716,0.2824427480916031,False,0.4644634186722855,0.5504116579622986,-0.05212053833841626,0.0023148148148146586,-0.0045977011494251485,False,0.4755677756341235,470106699.1452212,0.6,-0.03966310321165676,0.9556777563412351,-0.006880733944954143,,,,,-0.0688172043010753,-0.0688172043010753,-0.0688172043010753,False,60日价格动量(财报缺失后备),1.0,0.5647195191285371,False,False
002463,沪电股份,印制电路板,申银万国行业分类标准,2026-09-14,125.7,5764519249.2,-0.13465510119785207,,,2026-09-18,-5876125071.742454,-0.17648010649006962,0.022900763358778626,False,1.0,0.603231759052758,0.19093031406024508,0.3019161056447437,0.02486750917244196,False,0.17967499753932284,-7119524352.227575,0.3,-0.04490982149617316,0.8967499753932284,0.04125248508946333,,,,,-0.21249266193436803,-0.13465510119785207,-0.21249266193436803,True,60日价格动量(财报缺失后备),0.8571428571428571,0.5637846163423007,False,False
002460,赣锋锂业,锂,申银万国行业分类标准,2026-09-14,46.68,1757994741.55,-0.352116585704372,,,2026-09-18,-50562265.23152016,-0.03073140037517333,0.5114503816793893,False,0.9588314122677688,0.573512463751902,0.1416016586282242,0.012361743656473578,-0.0446172738436349,False,0.18682289390680867,-4558270704.325971,0.4,-0.0009168638738715895,0.6682289390680867,-0.1113649343232439,,,,,-0.34536720465763465,-0.352116585704372,-0.34536720465763465,False,60日价格动量(财报缺失后备),0.5,0.5616452234929107,False,False
605117,德业股份,逆变器,申银万国行业分类标准,2026-09-14,85.8,1186232880.65,-0.21284403669724772,,,2026-09-18,-2406768914.4285517,-0.5376978319862815,0.09923664122137404,False,0.8563516978608613,0.2200307619820714,0.08514840045062452,0.08060453400503764,0.00716046484329147,False,0.13844995697400925,-3428785262.631027,0.2,-0.23567674261195434,0.7844995697400926,0.005154639175257714,,,,,-0.3464807483131412,-0.21284403669724772,-0.3464807483131412,True,60日价格动量(财报缺失后备),1.0,0.5613653268460356,False,False
001391,国货航,跨境物流,申银万国行业分类标准,2026-09-14,3.99,88382465.9,-0.09523809523809523,,,2026-09-18,11297008.200000804,0.20000000000001422,0.6106870229007634,False,0.38887468314833773,0.4591119313357944,-0.03984716842298627,0.002512562814070307,-0.03155339805825241,False,0.27990716322136006,-49594895.784124896,0.6,-0.0829446357797338,0.9990716322136006,-0.03155339805825241,,,,,-0.09523809523809523,-0.09523809523809523,-0.09523809523809523,False,60日价格动量(财报缺失后备),1.0,0.558776600329994,False,False
300015,爱尔眼科,医院,申银万国行业分类标准,2026-09-14,8.06,444818410.3,-0.05064782096584208,,,2026-09-18,4.789675189798e-06,2.2204460492503112e-14,0.5801526717557252,False,0.4927915004648493,0.568849800557819,-0.08093201122206435,0.007500000000000062,-0.02657004830917864,False,0.17961275769534868,-602548037.5552204,0.4,-0.13439158336059004,0.5961275769534868,-0.0277442702050662,,,,,-0.05064782096584208,-0.05064782096584208,-0.05064782096584208,False,60日价格动量(财报缺失后备),1.0,0.558771173914437,False,False
000425,徐工机械,工程机械整机,申银万国行业分类标准,2026-09-14,8.1,916882133.0,-0.12337662337662347,,,2026-09-18,469347872.74566174,0.36034828526783924,0.8854961832061069,False,0.30549904882165546,0.2867509498407397,-0.03745028619144498,0.026615969581748944,-0.02527075812274382,False,0.489648792267506,311580815.786427,0.5,0.1809389113907793,1.179361229006125,-0.016990291262136026,,,,,-0.07660400910078768,-0.12337662337662347,-0.07660400910078768,False,60日价格动量(财报缺失后备),0.6666666666666666,0.5578278160212612,False,False
600941,中国移动,电信运营商,申银万国行业分类标准,2026-09-14,98.16,854430012.2,0.06776895463939936,,,2026-09-18,-831376068.3376732,-0.43088099902045146,0.1984732824427481,False,0.825,0.8727580915043689,-0.04391354528341414,0.13967258794844994,-0.00547112462006083,False,0.41040852153268825,262258446.0555722,0.4,-0.31430723738247107,0.9040852153268825,-0.017319050956051685,,,,,0.04891116084919637,0.06776895463939936,0.04891116084919637,True,60日价格动量(财报缺失后备),0.6666666666666666,0.5564634535383883,False,False
000002,万科A,住宅地产开发和管理,巨潮行业分类标准,2026-09-14,3.05,443493245.0,-0.019292604501607746,,,2026-09-18,0.0,0.0,0.5725190839694656,False,0.4353718120381918,0.4207512591915932,-0.05278299731183793,0.03389830508474567,-0.043887147335423204,False,0.2371232282698459,-364561895.1550579,0.4,-0.11974273080072224,1.1712322826984587,-0.034810126582278555,,,,,-0.019292604501607746,-0.019292604501607746,-0.019292604501607746,False,60日价格动量(财报缺失后备),1.0,0.5543961674728122,False,False
688111,金山办公,横向通用软件,申银万国行业分类标准,2026-09-14,228.59,1482436530.8,0.007315031066848832,,,2026-09-18,-842126062.3817618,-0.22629023349200547,0.183206106870229,False,0.825,0.7041386186336309,-0.17063502240039163,0.14277858321251813,-0.04567277585271157,False,0.07816901994138889,-4927234279.982253,0.1,-0.2103064146057549,0.4816901994138889,-0.07588130659767145,,,,,-0.051423260625335115,0.007315031066848832,-0.051423260625335115,True,60日价格动量(财报缺失后备),1.0,0.553683476359393,False,False
601888,中国中免,旅游零售Ⅲ,申银万国行业分类标准,2026-09-14,51.71,1133222599.65,-0.08945236837471382,,,2026-09-18,106526527.04167241,0.1458333333333412,0.7175572519083969,False,0.15511715947218627,0.1389985760454685,-0.03834550333656552,0.015714005107051676,-0.0569031552070034,False,0.4522090378092773,19921966.93168004,0.5,0.01517455843728289,1.0038809079680335,-0.03363857222948974,,,,,-0.08945236837471382,-0.08945236837471382,-0.08945236837471382,False,60日价格动量(财报缺失后备),1.0,0.5530988576756546,False,False
600039,四川路桥,基建市政工程,申银万国行业分类标准,2026-09-14,9.14,192689461.15,0.11872705018359864,,,2026-09-18,-929811214.5485673,-0.6323504124544348,0.15267175572519084,False,0.6620725789348758,0.434487094721851,-0.005799026003166268,0.1687979539641944,-0.009750812567713929,False,0.2937136712714036,-71892947.22514436,0.5,-0.18138714011349,1.437136712714036,-0.043933054393305415,,,,,-0.03996409147451433,0.11872705018359864,-0.03996409147451433,True,60日价格动量(财报缺失后备),1.0,0.5525845426433518,False,False
000338,潍柴动力,底盘与发动机系统,申银万国行业分类标准,2026-09-14,26.14,2424761852.1,-0.1645893256631511,,,2026-09-18,528619979.7938285,0.2628440649147698,0.8931297709923665,False,0.23147060768427985,0.04927563906057553,-0.04032562554841092,0.0761630300535201,-0.050835148874364466,False,0.21299725233364572,-5022054035.924386,0.4,-0.09128317937565358,0.9299725233364572,-0.04424131627056671,,,,,-0.22401255616933924,-0.1645893256631511,-0.22401255616933924,True,60日价格动量(财报缺失后备),1.0,0.5513164495871686,False,True
601288,农业银行,国有大型银行Ⅲ,申银万国行业分类标准,2026-09-14,7.0,2417423909.45,0.09375,,,2026-09-18,727487273.0386016,0.07689933746074604,0.9236641221374046,False,0.9087004405286343,0.6316472921730484,-0.013862336727747608,0.18644067796610164,0.027900146842878115,False,0.1929098008116073,-397632660.4176538,0.4,-0.441478775086993,0.7290980081160728,-0.007092198581560294,,,,,0.11961750868115036,0.09375,0.11961750868115036,False,60日价格动量(财报缺失后备),0.16666666666666666,0.5472370734556397,False,False
601919,中远海控,航运,申银万国行业分类标准,2026-09-14,16.1,1625365343.25,0.13780918727915203,,,2026-09-18,-5764983636.84035,-0.7839599470618032,0.030534351145038167,False,0.8437500000000002,0.8723816150437316,-0.052046021801321375,0.2234042553191491,0.006250000000000089,False,0.1485628937491983,-4234381676.1569996,0.2,-0.9276343476595126,0.8856289374919827,-0.051825677267373305,,,,,0.0737740124022465,0.13780918727915203,0.0737740124022465,True,60日价格动量(财报缺失后备),1.0,0.5463725936663073,False,False
001965,招商公路,高速公路,申银万国行业分类标准,2026-09-14,9.86,155293725.3,-0.017928286852589626,,,2026-09-18,-8898674.59999979,-0.06666666666666508,0.5648854961832062,False,0.24208882793144865,0.014077401569296044,-0.013815100564523033,0.08232711306256868,0.008179959100204526,False,0.436232696835133,193047200.6361978,0.5,-0.036783560180883676,0.8623269683513302,-0.0030333670374116384,,,,,-0.017928286852589626,-0.017928286852589626,-0.017928286852589626,False,60日价格动量(财报缺失后备),1.0,0.5446619218248591,False,False
601857,中国石油,炼油化工,申银万国行业分类标准,2026-09-14,11.04,1418044743.4,0.14049586776859502,,,2026-09-18,-3285002220.7897153,-0.7462329543714729,0.061068702290076333,False,0.8304446460980033,0.8459120499728042,-0.09840953150029025,0.27188940092165903,0.001814882032667775,False,0.13257118855584468,-6057774175.377238,0.1,-0.8963588990102482,1.0257118855584468,-0.034120734908136496,,,,,0.07463936414036412,0.14049586776859502,0.07463936414036412,True,60日价格动量(财报缺失后备),1.0,0.5444899314263775,False,False
600025,华能水电,水力发电,申银万国行业分类标准,2026-09-14,9.89,292628373.85,0.0554962646744932,,,2026-09-18,-16349238.141504645,-0.004559025139743865,0.549618320610687,False,0.8328266274293208,0.5454414420317597,-0.06594842318189097,0.11248593925759276,0.03235908141962418,False,0.4761843653132339,214378436.23471147,0.5,0.0003338623669912116,1.2614430182919492,0.01853759011328515,,,,,0.08597648836932098,0.0554962646744932,0.08597648836932098,False,60日价格动量(财报缺失后备),0.25,0.5413177436792421,False,False
601127,赛力斯,电动乘用车,申银万国行业分类标准,2026-09-14,47.9,849509999.9,-0.2664624808575804,,,2026-09-18,2134361833.2126157,0.591009823237568,0.9541984732824428,False,0.6069318671841306,0.8039540219638076,-0.03921971670516301,0.03277274687365228,-0.027213647441104882,False,0.16954154007782724,-2724434505.9682093,0.3,-0.17036376578308285,0.7954154007782723,-0.05242334322453013,,,,,-0.1455614151062648,-0.2664624808575804,-0.1455614151062648,False,60日价格动量(财报缺失后备),0.5,0.5403046398311845,False,False
600196,复星医药,化学制剂,申银万国行业分类标准,2026-09-14,21.95,587852083.2,-0.00498640072529466,,,2026-09-18,3826869854.467563,0.9097468109174616,0.9770992366412213,False,0.4800729258348915,0.4714199013837652,-0.0750777292649939,0.034889203206034836,-0.030905077262693093,False,0.19436676651830762,-195848810.19679087,0.5,-0.037831382571361656,0.4436676651830761,-0.02444444444444449,,,,,0.005088009908114088,-0.00498640072529466,0.005088009908114088,False,60日价格动量(财报缺失后备),0.6,0.5380334167082886,False,False
600015,华夏银行,股份制银行Ⅲ,申银万国行业分类标准,2026-09-14,6.37,701623870.0,-0.054896142433234485,,,2026-09-18,5157078214.276301,0.5799742463891603,0.9847328244274809,False,0.6387797752808992,0.6959715932794066,-0.07864155182157782,0.022471910112359605,0.019200000000000106,False,0.4832312514870683,454243124.4847779,0.5,-0.09481671654615934,1.332312514870683,0.007911392405063333,,,,,0.05353330345661811,-0.054896142433234485,0.05353330345661811,False,60日价格动量(财报缺失后备),0.1111111111111111,0.5371660881193109,False,False
601229,上海银行,城商行Ⅲ,申银万国行业分类标准,2026-09-14,9.77,634908007.05,0.08314855875831495,,,2026-09-18,664392424.0090795,0.12430561454104075,0.916030534351145,False,0.9167721518987342,0.794609264037959,-0.010138930489227834,0.12557603686635943,0.030590717299578074,False,0.16680674207114102,-193417229.90947106,0.3,-0.18425008750998828,0.7680674207114101,0.009297520661156966,,,,,0.12166041446792539,0.08314855875831495,0.12166041446792539,False,60日价格动量(财报缺失后备),0.14285714285714285,0.5356537236719202,False,False
601111,中国国航,航空运输,申银万国行业分类标准,2026-09-14,5.77,320950796.55,-0.06935483870967751,,,2026-09-18,-426127279.0000006,-0.3407588307081739,0.3053435114503817,False,0.38630890941287854,0.4426282829184911,-0.001333713661816468,0.00698080279232105,-0.015358361774744145,False,0.43060649881959007,311478489.8095273,0.4,0.10966913498169543,0.9744620262178659,-0.010291595197255643,,,,,-0.09509797253695566,-0.06935483870967751,-0.09509797253695566,True,60日价格动量(财报缺失后备),1.0,0.5346129998188374,False,False
301165,锐捷网络,通信网络设备及器件,申银万国行业分类标准,2026-09-14,106.01,2112845646.45,0.5733155238943308,,,2026-09-18,-20757658325.726166,-0.43722743448132695,0.007633587786259542,False,0.825,0.8232499749307439,-0.39250994694224,0.669448818897638,-0.05339762478792742,False,0.13955519822173723,-4786096450.347543,0.3,-0.2050860779336297,0.49555198221737234,-0.11192091815363991,,,,,-0.10078953026184752,0.5733155238943308,-0.10078953026184752,True,60日价格动量(财报缺失后备),1.0,0.5339155171126863,False,False
600085,同仁堂,中药,巨潮行业分类标准,2026-09-14,23.57,123528976.85,0.000849256900212314,,,2026-09-18,409927936.99076957,0.8611184845187257,0.8702290076335878,False,0.6099355007286531,0.5738163034201631,-0.10287030569787928,0.05270209915140689,-0.02482416218452632,False,0.20497190059286183,-100047307.23377454,0.5,-0.19446819703911658,0.5497190059286183,-0.018325697625989235,,,,,0.022002926847146886,0.000849256900212314,0.022002926847146886,False,60日价格动量(财报缺失后备),0.5,0.5332694268935289,False,False
688256,寒武纪,数字芯片设计,申银万国行业分类标准,2026-09-14,1040.0,10959716835.7,-0.2861996307455782,,,2026-09-18,-5167180725.196652,-0.15441366866568976,0.04580152671755725,False,1.0,0.8468342079094564,0.10957129702132902,0.07321603632423512,-0.04795034694886402,False,0.1920027618785575,-4342098021.645731,0.4,0.09433167333815938,0.6068296107797838,-0.062218214607754785,,,,,-0.3011092419238107,-0.2861996307455782,-0.3011092419238107,True,60日价格动量(财报缺失后备),0.7,0.5321609958131508,False,False
601877,正泰电器,配电设备,申银万国行业分类标准,2026-09-14,24.86,563155619.6,-0.0986221899927483,,,2026-09-18,-60791619.848486625,-0.21212121212121832,0.4961832061068702,False,0.455753273964007,0.17534426641182532,0.0193756638027045,0.05742237345810275,-0.03493788819875787,False,0.16744605602805546,-1000466291.1208391,0.3,-0.29930883876944964,0.7744605602805545,-0.025480203841630855,,,,,-0.0986221899927483,-0.0986221899927483,-0.0986221899927483,False,60日价格动量(财报缺失后备),1.0,0.52782413741759,False,False
601872,招商轮船,航运,申银万国行业分类标准,2026-09-14,20.0,2509080866.2,0.06100795755968158,,,2026-09-18,-5764983636.84035,-0.7839599470618032,0.030534351145038167,False,1.0,0.5534588185764702,0.20962843470289727,0.43781452192667136,0.07009095773140706,False,0.2182517483486768,-4568650627.927185,0.3,-0.1641484549360763,1.282517483486768,0.08754758020663411,,,,,0.0737740124022465,0.06100795755968158,0.0737740124022465,False,60日价格动量(财报缺失后备),0.6666666666666666,0.5273364739828434,False,False
600893,航发动力,航空装备Ⅲ,申银万国行业分类标准,2026-09-14,40.18,1264090202.35,-0.034134615384615374,,,2026-09-18,-4026408485.01404,-0.8135692945629891,0.05343511450381679,True,1.0,0.7355775228905981,0.15022796098404495,0.24280853696257343,0.030785017957927208,False,0.5312363785829788,586596228.7552152,0.6,0.15653852261418053,1.3245175586927715,0.04336535964684507,,,,,-0.0014416618022053962,-0.034134615384615374,-0.0014416618022053962,False,60日价格动量(财报缺失后备),0.3333333333333333,0.5268294508798415,False,False
002532,天山铝业,铝,申银万国行业分类标准,2026-09-14,13.03,932535539.4,0.010077519379844802,,,2026-09-18,-569848293.2000339,-0.15811749890184632,0.24427480916030533,False,0.8412037037037032,0.6953557405304749,-0.07940407592518905,0.22118088097469535,0.005401234567901092,False,0.40084806788441607,441528560.48777294,0.4,0.0283440939695441,0.7744677660807074,-0.011380880121396042,,,,,0.0006007543990019792,0.010077519379844802,0.0006007543990019792,True,60日价格动量(财报缺失后备),0.5,0.526428089914276,False,False
002600,领益智造,消费电子零部件及组装,申银万国行业分类标准,2026-09-14,13.18,1344713197.4,-0.20983213429256597,,,2026-09-18,-10034668283.6192,-0.5969939684446365,0.015267175572519083,False,1.0,0.777629536878199,0.23299691367085124,0.15512708150744947,0.04189723320158101,False,0.22671112431356158,-591327168.1728437,0.3,0.11831038026622068,1.225138786816151,0.05271565495207664,,,,,-0.19198821126993204,-0.20983213429256597,-0.19198821126993204,False,60日价格动量(财报缺失后备),0.6666666666666666,0.5263978828595609,False,False
000408,藏格矿业,钾肥,申银万国行业分类标准,2026-09-14,72.16,946382254.5,-0.08611955420466055,,,2026-09-18,-543567254.59231,-0.39678051334938413,0.26717557251908397,False,0.6076738036352276,0.5149546668121618,-0.11312206155435618,0.07141796585003712,-0.025260029717682042,False,0.15798255655980437,-1917361156.3784564,0.3,-0.04882615717755074,0.6798255655980435,-0.08577220321804147,,,,,-0.13348010945814653,-0.08611955420466055,-0.13348010945814653,True,60日价格动量(财报缺失后备),1.0,0.5252328947343362,False,False
002027,分众传媒,广告媒体,申银万国行业分类标准,2026-09-14,4.74,679013423.6,-0.06324110671936745,,,2026-09-18,-72094673.99999233,-0.19999999999997872,0.48854961832061067,False,0.44633536179503147,0.5356024341540377,-0.09795193879743687,0.0,-0.02868852459016391,False,0.17448567515222294,-1560848320.3406065,0.3,-0.4177021620380855,0.8448567515222293,-0.04435483870967738,,,,,-0.06324110671936745,-0.06324110671936745,-0.06324110671936745,False,60日价格动量(财报缺失后备),1.0,0.5252319509906873,False,False
600029,南方航空,航空运输,申银万国行业分类标准,2026-09-14,4.9,255962903.1,-0.0719696969696969,,,2026-09-18,-426127279.0000006,-0.3407588307081739,0.3053435114503817,False,0.42536693776236983,0.43870888308089007,0.006973890217189952,0.0,-0.025844930417495027,False,0.5446306828739396,460791998.700013,0.8,0.1032139222778218,0.9224501220060085,-0.02195608782435121,,,,,-0.09509797253695566,-0.0719696969696969,-0.09509797253695566,True,60日价格动量(财报缺失后备),0.8,0.5248364543372721,False,False
002049,紫光国微,数字芯片设计,申银万国行业分类标准,2026-09-14,59.36,836452174.4,-0.27574426549536357,,,2026-09-18,-5167180725.196652,-0.15441366866568976,0.04580152671755725,False,0.9864232526654255,0.8176585754025179,0.11712603956526434,0.0045693010661702615,-0.04319793681495809,False,0.07742686851762327,-2191860417.8935604,0.1,-0.04833927642000169,0.4742686851762327,-0.06298342541436464,,,,,-0.3011092419238107,-0.27574426549536357,-0.3011092419238107,True,60日价格动量(财报缺失后备),0.8,0.5244439982725448,False,False
000975,山金国际,黄金,申银万国行业分类标准,2026-09-14,25.69,1339618929.15,0.20723684210526305,,,2026-09-18,-418601096.8831465,-0.10005910623236561,0.31297709923664124,False,0.825,0.8690693559442497,-0.12102666251045185,0.5309892729439809,-0.004263565891472809,False,0.17956850778421946,-705157035.5715193,0.4,-0.14360260697506955,0.5956850778421947,-0.026893939393939248,,,,,0.19279654976022154,0.20723684210526305,0.19279654976022154,True,60日价格动量(财报缺失后备),0.6666666666666666,0.5216542134600497,False,False
000651,格力电器,白色家电,巨潮行业分类标准,2026-09-14,38.71,1667097374.2,0.046499053798323864,,,2026-09-18,-642590253.4633988,-0.7560975609755911,0.22900763358778625,False,0.6391274986493783,0.754790431254007,-0.08967366294043219,0.045650999459751374,-0.004884318766066764,False,0.1323888489058208,-4916412943.728502,0.2,-0.6521461292851821,0.723888489058208,0.004150453955901412,,,,,0.046499053798323864,0.046499053798323864,0.046499053798323864,False,60日价格动量(财报缺失后备),1.0,0.520636988538826,False,False
302132,中航成飞,航空装备Ⅲ,申银万国行业分类标准,2026-09-14,60.49,619697825.9,0.003983402489626586,,,2026-09-18,-4026408485.01404,-0.8135692945629891,0.05343511450381679,False,1.0,0.635826172742292,0.07067384298779784,0.15175171363290163,-0.013696396543290357,False,0.32717072265087976,-285089062.7930095,0.5,-0.10344601072702535,1.7717072265087972,-0.004443712969058544,,,,,-0.0014416618022053962,0.003983402489626586,-0.0014416618022053962,True,60日价格动量(财报缺失后备),0.5,0.5174797035634833,False,False
600009,上海机场,机场,申银万国行业分类标准,2026-09-14,23.09,190280548.5,-0.010711225364181676,,,2026-09-18,-111102334.8235285,-0.8235294117646991,0.42748091603053434,False,0.27320296959945245,0.24643786956916525,-0.03136343505724414,0.027135231316725905,-0.031865828092243254,False,0.398669507975695,14810719.99334827,0.4,0.017997554872681423,0.7650980139097325,-0.01619088197699181,,,,,-0.010711225364181676,-0.010711225364181676,-0.010711225364181676,False,60日价格动量(财报缺失后备),1.0,0.5171244510798663,False,False
000301,东方盛虹,炼油化工,申银万国行业分类标准,2026-09-14,13.44,522908848.7,0.10708401976935744,,,2026-09-18,-3285002220.7897153,-0.7462329543714729,0.061068702290076333,False,1.0,0.6726428702117355,0.055289063315211884,0.1893805309734513,-0.03586800573888094,False,0.21682873553425858,-1118178095.5725605,0.3,-0.5652577199486788,1.2682873553425857,-0.06989619377162626,,,,,0.07463936414036412,0.10708401976935744,0.07463936414036412,True,60日价格动量(财报缺失后备),0.6,0.5164209243415798,False,False
600519,贵州茅台,白酒Ⅲ,申银万国行业分类标准,2026-09-14,1277.96,3580962339.75,0.029442327675788027,,,2026-09-18,-547983309.5404472,-0.12534260784446646,0.2595419847328244,False,0.7588849764253869,0.7416218850345511,-0.0743307002056255,0.09355399057015479,-0.028913154155363552,False,0.22615655471557555,-3482368088.4475484,0.5,-0.2764817823276476,0.7615655471557554,-0.016621010188063612,,,,,0.009246440399955131,0.029442327675788027,0.009246440399955131,True,60日价格动量(财报缺失后备),0.7142857142857143,0.5146844571245034,False,False
600111,北方稀土,稀土,申银万国行业分类标准,2026-09-14,37.12,1508976537.5,-0.3144967682363805,,,2026-09-18,-171064868.86050192,-0.17450984288856744,0.3969465648854962,False,0.9205706625878174,0.564684795105381,0.08714829529509721,0.0,-0.043298969072164906,False,0.13381490941027133,-3273684659.551674,0.3,-0.13799195672840736,0.4381490941027132,-0.07592730893701782,,,,,-0.22795545482526097,-0.3144967682363805,-0.22795545482526097,False,60日价格动量(财报缺失后备),0.5,0.5140142391060123,False,False
600028,中国石化,炼油化工,申银万国行业分类标准,2026-09-14,5.37,1339295850.85,0.12578616352201277,,,2026-09-18,-3285002220.7897153,-0.7462329543714729,0.061068702290076333,False,0.825,0.7950424415888746,-0.02436910184415579,0.20403587443946192,0.0,False,0.2110338652897683,-2436081996.7714396,0.4,-0.5360968461791319,0.910338652897683,-0.02717391304347816,,,,,0.07463936414036412,0.12578616352201277,0.07463936414036412,True,60日价格动量(财报缺失后备),0.8,0.5124722067804574,False,False
601012,隆基绿能,光伏电池组件,申银万国行业分类标准,2026-09-14,11.33,796315757.95,-0.14361300075585792,,,2026-09-18,111479719.46316318,0.12453495671257477,0.732824427480916,False,0.25259069435975073,0.30045865655325565,-0.05627579598159866,0.0008833922261484162,-0.04629629629629639,False,0.15647058817336645,-2211040692.376507,0.3,-0.10816324389803869,0.6647058817336646,-0.06130903065451532,,,,,-0.227758642275517,-0.14361300075585792,-0.227758642275517,True,60日价格动量(财报缺失后备),1.0,0.51145974084745,False,True
600438,通威股份,硅料硅片,申银万国行业分类标准,2026-09-14,11.27,431064631.3,-0.1330769230769231,,,2026-09-18,157039998.03350258,0.3597532457256034,0.7633587786259542,False,0.21644992998003923,0.033594877808108214,-0.02467135463997241,0.07538167938931295,-0.03427592116538136,False,0.1705216627793895,-698076996.1815464,0.4,-0.015054929775425082,0.505216627793895,-0.04653130287648055,,,,,-0.15225992961287083,-0.1330769230769231,-0.15225992961287083,True,60日价格动量(财报缺失后备),1.0,0.51023715041405,False,True
601225,陕西煤业,动力煤,申银万国行业分类标准,2026-09-14,25.95,1026099247.65,0.11373390557939911,,,2026-09-18,-2443904974.165418,-0.6770510673302214,0.0916030534351145,False,0.8553620085636431,0.8451730602726737,-0.06434019991165288,0.275184275184275,0.010120669521214376,False,0.1883145161203485,-1525511818.146037,0.3,-0.3847768638137634,0.9831451612034848,-0.028817365269461104,,,,,0.0819444837539624,0.11373390557939911,0.0819444837539624,True,60日价格动量(财报缺失后备),0.75,0.5095078422862029,False,False
601021,春秋航空,航空运输,申银万国行业分类标准,2026-09-14,42.55,169975711.8,-0.07580364900086889,,,2026-09-18,-426127279.0000006,-0.3407588307081739,0.3053435114503817,False,0.5249999999999999,0.758852845273304,-0.019441635052782315,0.0,-0.03776571687019448,False,0.5473978750946304,502022483.8865989,0.7,0.36693837879737967,0.9336526963894478,-0.027206218564243323,,,,,-0.09509797253695566,-0.07580364900086889,-0.09509797253695566,True,60日价格动量(财报缺失后备),0.6,0.505418171063734,False,False
600118,中国卫星,航天装备Ⅲ,申银万国行业分类标准,2026-09-14,57.29,1725220844.45,-0.24419525065963055,,,2026-09-18,-831821627.1294029,-0.7594517032822639,0.19083969465648856,False,1.0,0.5505246256894516,0.0811500828672944,0.04562876437306085,-0.007449757449757399,False,0.16763983320362258,-2147808907.671357,0.4,-0.025637016017651927,0.47639833203622567,-0.03584651632446989,,,,,-0.23171364108301512,-0.24419525065963055,-0.23171364108301512,False,60日价格动量(财报缺失后备),0.5,0.5050778972322033,False,False
601727,上海电气,综合电力设备商,申银万国行业分类标准,2026-09-14,6.49,317330255.8,-0.12768817204301075,,,2026-09-18,-1124623284.995772,-0.8692309584652429,0.12213740458015267,False,0.40381416704179474,0.274951502132331,0.015815833202391345,0.015649452269170583,-0.032786885245901565,False,0.4376920191584668,176314329.63969326,0.4,0.19180887102124658,0.9467495463591715,-0.02552552552552556,,,,,-0.19584529704179,-0.12768817204301075,-0.19584529704179,True,60日价格动量(财报缺失后备),1.0,0.5049947358181857,False,False
601136,首创证券,证券Ⅲ,申银万国行业分类标准,2026-09-14,14.29,352843403.25,-0.029871011541072745,,,2026-09-18,-1660941809.337916,-0.15565871288802677,0.10687022900763359,False,0.6124083978730804,0.2398542653733985,0.035567654478837335,0.043065693430657026,-0.08631713554987219,False,0.23,-1942271757.7048073,0.1,-1.3281432783150005,3.012291144156189,-0.08279845956354304,,,,,-0.0716490189292892,-0.029871011541072745,-0.0716490189292892,True,60日价格动量(财报缺失后备),0.9523809523809523,0.500691803258689,False,False
600183,生益科技,印制电路板,申银万国行业分类标准,2026-09-14,146.0,10197097024.55,-0.20867208672086723,,,2026-09-18,-5876125071.742454,-0.17648010649006962,0.022900763358778626,False,1.0,0.6281050888753034,0.3172097171539151,0.45883293365307765,-0.014512318596017537,False,0.20885941966559632,-12023831596.434803,0.4,-0.06738303762886054,0.8885941966559632,0.010940312976042144,,,,,-0.21249266193436803,-0.20867208672086723,-0.21249266193436803,True,60日价格动量(财报缺失后备),0.5714285714285714,0.49965215044529765,False,False
600585,海螺水泥,水泥制造,申银万国行业分类标准,2026-09-14,17.41,413523262.0,-0.02519596864501672,,,2026-09-18,-126983344.87499718,-0.3749999999999917,0.4198473282442748,False,0.3556401653979325,0.3066965138897052,-0.02734605786089776,0.0400238948626046,-0.023555804823331417,False,0.2344651379018189,-1079301776.018624,0.5,-0.474262553524543,0.8446513790181889,-0.019154929577464785,,,,,-0.02519596864501672,-0.02519596864501672,-0.02519596864501672,False,60日价格动量(财报缺失后备),1.0,0.49927779974368947,False,False
600845,宝信软件,IT服务Ⅲ,申银万国行业分类标准,2026-09-14,17.08,198595213.8,-0.05478693967902615,,,2026-09-18,546343003.8477975,0.17720311088155644,0.9007633587786259,False,0.4387121176939563,0.39442520137944725,-0.08353587334345167,0.044009779951100114,-0.008705745792222941,False,0.08044533533141283,-549289220.8967216,0.1,-0.03192837053790649,0.5044533533141283,-0.03828828828828845,,,,,0.0140281482085155,-0.05478693967902615,0.0140281482085155,False,60日价格动量(财报缺失后备),0.6666666666666666,0.49854430756343193,False,False
600489,中金黄金,黄金,申银万国行业分类标准,2026-09-14,24.6,2379650276.65,0.10512129380053903,,,2026-09-18,-418601096.8831465,-0.10005910623236561,0.31297709923664124,False,0.825,0.8451869465401727,-0.07713045773321185,0.36971046770601346,-0.018747506980454687,False,0.42038400272493975,859244645.4542302,0.5,-0.017674668766428356,0.7038400272493976,-0.029585798816568087,,,,,0.19279654976022154,0.10512129380053903,0.19279654976022154,False,60日价格动量(财报缺失后备),0.3333333333333333,0.49852475386189643,False,False
600372,中航机载,航空装备Ⅲ,申银万国行业分类标准,2026-09-14,11.68,335594601.45,0.047533632286995475,,,2026-09-18,-4026408485.01404,-0.8135692945629891,0.05343511450381679,False,0.5974094910386839,0.2745024281257572,-0.0006651973130250305,0.10710900473933638,0.03362831858407067,False,0.5633520411045472,593220562.773248,0.6,0.09515211742634777,1.7193378701338535,0.03822222222222216,,,,,-0.0014416618022053962,0.047533632286995475,-0.0014416618022053962,True,60日价格动量(财报缺失后备),0.6666666666666666,0.497414547155172,False,False
600905,三峡能源,风力发电,申银万国行业分类标准,2026-09-14,3.67,241736785.1,-0.09158415841584155,,,2026-09-18,-51204668.40000376,-0.07992186689050995,0.5038167938931297,False,0.3279746946623115,0.38537291228329873,-0.02632100325828068,0.002732240437158362,-0.0027173913043478937,False,0.18323116615369178,-779409307.2333242,0.3,-0.3818598848514519,0.9323116615369178,-0.005420054200542035,,,,,-0.17549132732822154,-0.09158415841584155,-0.17549132732822154,True,60日价格动量(财报缺失后备),1.0,0.4949635587157424,False,False
601818,光大银行,股份制银行Ⅲ,申银万国行业分类标准,2026-09-14,3.05,568345101.15,-0.012944983818770184,,,2026-09-18,5157078214.276301,0.5799742463891603,0.9847328244274809,False,0.3876183591261632,0.25121153399201,-0.03663637616111965,0.05536332179930792,0.013289036544850585,False,0.5022141113967542,1658516626.46667,0.6,0.19997498556326224,0.9821711312916275,0.0066006600660066805,,,,,0.05353330345661811,-0.012944983818770184,0.05353330345661811,False,60日价格动量(财报缺失后备),0.2222222222222222,0.49434115602808926,False,False
601077,渝农商行,农商行Ⅲ,申银万国行业分类标准,2026-09-14,6.76,417112447.95,0.059561128526645746,,,2026-09-18,-93197028.2000011,-0.12362688821354058,0.45038167938931295,False,0.7614125664646898,0.5784985952961823,-0.011584727646498717,0.10638297872340408,0.004457652303120341,False,0.19689596040259205,-118534008.85954691,0.3,-0.11041230579858943,1.0689596040259206,-0.024531024531024515,,,,,0.0680087196031286,0.059561128526645746,0.0680087196031286,False,60日价格动量(财报缺失后备),0.5,0.49272409591791755,False,False
300394,天孚通信,通信网络设备及器件,申银万国行业分类标准,2026-09-14,256.96,11514141649.15,-0.2120691769900651,,,2026-09-18,-20757658325.726166,-0.43722743448132695,0.007633587786259542,False,1.0,0.43933046152836475,0.32554653851066334,0.604996876951905,-0.037602996254681775,False,0.1619851130162731,-9096167356.742498,0.3,-0.08677905787764328,0.7198511301627311,0.020614052508241443,,,,,-0.10078953026184752,-0.2120691769900651,-0.10078953026184752,False,60日价格动量(财报缺失后备),0.6,0.4920229958113202,False,False
002920,德赛西威,垂直应用软件,申银万国行业分类标准,2026-09-14,84.28,552505138.4,-0.03059581320450877,,,2026-09-18,-1149288868.2576268,-0.3971685057556131,0.11450381679389313,False,0.5130721106108329,0.3988926396032282,-0.07195551876949037,0.07226463104325709,-0.04832881662149957,False,0.23330994262470575,-584481060.8128445,0.5,-0.18426874561620699,0.8330994262470575,-0.08738494856524082,,,,,-0.1518037997560308,-0.03059581320450877,-0.1518037997560308,True,60日价格动量(财报缺失后备),1.0,0.48514988219820493,False,False
000963,华东医药,化学制剂,申银万国行业分类标准,2026-09-14,26.46,532111575.5,-0.08061153578874214,,,2026-09-18,3826869854.467563,0.9097468109174616,0.9770992366412213,False,0.5172547871955899,0.5978573059446853,-0.08029735374328285,0.007616146230007503,-0.02720588235294108,False,0.12983360200457048,-586073893.4747471,0.3,-0.0025311623884959676,0.39833602004570473,-0.03360116873630381,,,,,0.005088009908114088,-0.08061153578874214,0.005088009908114088,False,60日价格动量(财报缺失后备),0.4,0.4830546839880639,False,False
000617,中油资本,金融控股,申银万国行业分类标准,2026-09-14,6.8,897075358.9,-0.09454061251664447,,,2026-09-18,-193885006.9230764,-0.3846153846153836,0.37404580152671757,False,0.3842715641740679,0.329966820359756,0.000691850602840613,0.041347626339969246,-0.0449438202247191,False,0.16549952822499137,-2393462047.250572,0.2,-0.4859356405759246,1.0549952822499136,-0.08479138627187077,,,,,-0.09454061251664447,-0.09454061251664447,-0.09454061251664447,False,60日价格动量(财报缺失后备),1.0,0.4814655116138117,False,False
603392,万泰生物,体外诊断,申银万国行业分类标准,2026-09-14,26.16,261231379.05,-0.08659217877094971,,,2026-09-18,154729734.33877593,0.4511735867674631,0.7557251908396947,False,0.49150107854572733,0.5898012942548728,-0.11037446616878263,0.0,-0.04664723032069973,False,0.2291932183029825,-162381775.5787257,0.5,0.0438764277176943,0.7392804697685921,-0.10625213529210797,,,,,0.027762734143936874,-0.08659217877094971,0.027762734143936874,False,60日价格动量(财报缺失后备),0.5,0.48089366630740277,False,False
688981,中芯国际,集成电路制造,申银万国行业分类标准,2026-09-14,114.07,4252000026.25,-0.21649838587815107,,,2026-09-18,-2826651993.0058327,-0.7729244648347016,0.07633587786259542,False,0.6180032796401932,0.6850537068143275,0.010850382624689214,0.0,-0.08097002900418959,False,0.1140496840071181,-14196114509.540697,0.2,-0.10530848079914688,0.5404968400711809,-0.09547220680358426,,,,,-0.2553080164684873,-0.21649838587815107,-0.2553080164684873,True,60日价格动量(财报缺失后备),1.0,0.4791805804663566,False,False
600515,海南机场,住宅开发,申银万国行业分类标准,2026-09-14,2.75,247741540.35,-0.03508771929824561,,,2026-09-18,174102047.07272658,0.26184519094621955,0.7862595419847328,False,0.25509531208088576,0.23919987635579876,-0.035338015500567775,0.02230483271375472,-0.028268551236749095,False,0.47425948411778623,8067571.161910348,0.5,-0.052603172186482916,1.2425948411778625,-0.014336917562724039,,,,,-0.009543859649122799,-0.03508771929824561,-0.009543859649122799,False,60日价格动量(财报缺失后备),0.5,0.4773453730506589,False,False
688396,华润微,集成电路制造,申银万国行业分类标准,2026-09-14,55.2,1158873657.9,-0.2941176470588235,,,2026-09-18,-2826651993.0058327,-0.7729244648347016,0.07633587786259542,False,1.0,0.77726215372082,0.22138076778302979,0.06481481481481488,-0.046961325966850764,False,0.14486220418385287,-2353581571.9948053,0.3,-0.09866925230391098,0.5486220418385288,-0.0578597030209933,,,,,-0.2553080164684873,-0.2941176470588235,-0.2553080164684873,False,60日价格动量(财报缺失后备),0.5,0.47648272661848223,False,False
601601,中国太保,保险Ⅲ,申银万国行业分类标准,2026-09-14,32.96,1402752662.7,0.04270800379626705,,,2026-09-18,-35345158.70549059,-0.007079200956638721,0.5343511450381679,False,0.7267618397434077,0.49245413765360824,0.0019113956981856436,0.15933872669715088,-0.007826610475617057,False,0.19682018649979474,-656746669.2318294,0.3,-0.23753139926393596,1.0682018649979474,-0.003326277592984539,,,,,0.03340492019010759,0.04270800379626705,0.03340492019010759,True,60日价格动量(财报缺失后备),0.4,0.4741038275556046,False,False
688047,龙芯中科,数字芯片设计,申银万国行业分类标准,2026-09-14,96.84,350364166.15,-0.3315847598012147,,,2026-09-18,-5167180725.196652,-0.15441366866568976,0.04580152671755725,False,0.9749999999999999,0.8556480762751048,0.1287782412515606,0.0,-0.08191126279863481,False,0.1715862352292504,-940354193.139943,0.3,-0.10730841901446615,0.815862352292504,-0.08468809073724004,,,,,-0.3011092419238107,-0.3315847598012147,-0.3011092419238107,False,60日价格动量(财报缺失后备),0.5,0.469556864150824,False,False
603296,华勤技术,消费电子零部件及组装,申银万国行业分类标准,2026-09-14,75.98,1348204804.95,-0.04259072580645151,,,2026-09-18,-10034668283.6192,-0.5969939684446365,0.015267175572519083,False,0.5710904467953188,0.35431335860067814,-0.10870845117895328,0.11033172585123485,-0.029009584664536736,False,0.175171667315484,-2564352131.9821835,0.4,-0.22013461068259885,0.55171667315484,-0.0408987629386518,,,,,-0.19198821126993204,-0.04259072580645151,-0.19198821126993204,True,60日价格动量(财报缺失后备),1.0,0.4681734859819705,False,False
603019,中科曙光,其他计算机设备,申银万国行业分类标准,2026-09-14,81.97,2266018562.9,-0.07919568636261509,,,2026-09-18,172433827.02974316,0.03361651727052045,0.7786259541984732,False,0.5042521359497545,0.5691766372137792,-0.010516325992223607,0.01197530864197538,-0.01691053010314225,False,0.14160985656693423,-4533982167.5514145,0.3,-0.04057401324004583,0.5160985656693423,-0.05422868351217269,,,,,-0.019809323543845347,-0.07919568636261509,-0.019809323543845347,False,60日价格动量(财报缺失后备),0.5,0.46740329576635453,False,False
601138,工业富联,消费电子零部件及组装,申银万国行业分类标准,2026-09-14,61.57,6426075994.75,-0.219447261663286,,,2026-09-18,-10034668283.6192,-0.5969939684446365,0.015267175572519083,False,1.0,0.3600418110322108,0.11835892051458985,0.1444237918215614,-0.07510890791647884,False,0.15631785135551096,-10596751212.607174,0.3,-0.09271685250854755,0.6631785135551095,-0.021766761995551276,,,,,-0.19198821126993204,-0.219447261663286,-0.19198821126993204,False,60日价格动量(财报缺失后备),0.5,0.46713289795338153,False,False
600406,国电南瑞,电网自动化设备,申银万国行业分类标准,2026-09-14,22.21,726619640.5,-0.07265135699373693,,,2026-09-18,-325202439.54544854,-0.6363636363636246,0.33587786259541985,False,0.36543419255711546,0.36518154767370437,-0.065702210695946,0.024446494464944735,-0.021154693697664206,False,0.15289243858001209,-1354987472.519749,0.3,-0.3267041672598234,0.6289243858001209,-0.030977312390924938,,,,,-0.07265135699373693,-0.07265135699373693,-0.07265135699373693,False,60日价格动量(财报缺失后备),1.0,0.46502893993122163,False,False
600276,恒瑞医药,化学制剂,申银万国行业分类标准,2026-09-14,43.15,3661024454.95,-0.1258103727714749,,,2026-09-18,3826869854.467563,0.9097468109174616,0.9770992366412213,False,0.5531228029060226,0.882613514238509,-0.16065678976774592,0.01124912116240906,-0.0672287073065283,False,0.21428973611045027,-2921291350.7850504,0.5,-0.03655128439244546,0.6428973611045027,-0.06662340471555261,,,,,0.005088009908114088,-0.1258103727714749,0.005088009908114088,False,60日价格动量(财报缺失后备),0.2,0.46492912222766364,False,False
000157,中联重科,工程机械整机,申银万国行业分类标准,2026-09-14,6.52,277635258.15,-0.157622739018088,,,2026-09-18,469347872.74566174,0.36034828526783924,0.8854961832061069,False,0.5249999999999999,0.7329996926253394,-0.07331254973495864,0.0,-0.01807228915662651,False,0.18638181910288665,-298286024.78830487,0.4,0.022871714824750707,0.6363721332391656,-0.031203566121842607,,,,,-0.07660400910078768,-0.157622739018088,-0.07660400910078768,False,60日价格动量(财报缺失后备),0.3333333333333333,0.4645280247502763,False,False
601117,中国化学,化学工程,申银万国行业分类标准,2026-09-14,7.27,425811334.5,-0.13657957244655583,,,2026-09-18,-84864401.66666918,-0.3333333333333432,0.4732824427480916,False,0.1873398474357817,0.22480781692293805,-0.01880987248907888,0.0,-0.006830601092896238,False,0.25394762158321293,-738936102.5943491,0.5,-0.271737938750613,1.0394762158321293,-0.031957390146471365,,,,,-0.13657957244655583,-0.13657957244655583,-0.13657957244655583,False,60日价格动量(财报缺失后备),1.0,0.464345348176156,False,False
601901,方正证券,证券Ⅲ,申银万国行业分类标准,2026-09-14,6.76,292979246.9,-0.03566333808844513,,,2026-09-18,-1660941809.337916,-0.15565871288802677,0.10687022900763359,False,0.6061881721282355,0.6391151744734554,0.004647392011452054,0.016541353383458635,-0.014577259475218707,False,0.1849398942581447,-431597480.4067348,0.3,-0.0785269140479244,0.9493989425814469,-0.03151862464183386,,,,,-0.0716490189292892,-0.03566333808844513,-0.0716490189292892,True,60日价格动量(财报缺失后备),0.8571428571428571,0.4637511852902478,False,False
601006,大秦铁路,铁路运输,申银万国行业分类标准,2026-09-14,4.81,515849190.15,-0.03413654618473916,,,2026-09-18,295924275.33332396,0.26907110791730837,0.8244274809160306,False,0.20542100547608005,0.09451736959208201,-0.014649399093145214,0.04565217391304355,0.0041753653444676075,False,0.4488688235321511,628638383.0619105,0.5,0.06407146708314121,0.911802474821741,-0.0020746887966806016,,,,,0.004483451045561471,-0.03413654618473916,0.004483451045561471,False,60日价格动量(财报缺失后备),0.5,0.4637290037090679,False,False
600918,中泰证券,证券Ⅲ,申银万国行业分类标准,2026-09-14,5.48,250313482.0,0.012939001848428777,,,2026-09-18,-1660941809.337916,-0.15565871288802677,0.10687022900763359,False,0.4471909561024612,0.428878674733161,-0.026181817479589302,0.035916824196597474,-0.017921146953404965,False,0.2228748440729526,-325542012.0125868,0.4,-0.30760006448142546,1.0287484407295262,-0.055172413793103336,,,,,-0.0716490189292892,0.012939001848428777,-0.0716490189292892,True,60日价格动量(财报缺失后备),1.0,0.46125004365050326,False,False
002493,荣盛石化,炼油化工,申银万国行业分类标准,2026-09-14,13.2,775267758.25,0.09634551495016619,,,2026-09-18,-3285002220.7897153,-0.7462329543714729,0.061068702290076333,False,1.0,0.8200333161574751,0.04348932707293127,0.22790697674418592,-0.056468906361687,False,0.1818856065263057,-2794618032.915612,0.3,-0.8071245009895203,0.9188560652630571,-0.09836065573770503,,,,,0.07463936414036412,0.09634551495016619,0.07463936414036412,True,60日价格动量(财报缺失后备),0.4,0.4576851420895917,False,False
300251,光线传媒,影视动漫制作,申银万国行业分类标准,2026-09-14,11.02,485493953.65,-0.035026269702276736,,,2026-09-18,-165066439.44444707,-0.5555555555555644,0.40458015267175573,False,0.20378688871517214,0.17205356013850392,-0.043506523553823465,0.024163568773234223,-0.054888507718696466,False,0.26183017304277,-1239048659.3333457,0.5,-0.20544998353926897,1.1183017304276999,-0.054077253218884236,,,,,-0.035026269702276736,-0.035026269702276736,-0.035026269702276736,False,60日价格动量(财报缺失后备),1.0,0.4575096404095953,False,False
600875,东方电气,综合电力设备商,申银万国行业分类标准,2026-09-14,24.31,987272881.7,-0.26400242204056923,,,2026-09-18,-1124623284.995772,-0.8692309584652429,0.12213740458015267,False,0.8087060831283177,0.5708547760564735,0.038849273137257695,0.0,-0.027210884353741527,False,0.2535856431488334,-339866017.65659165,0.5,0.1420325372103623,0.8654173868358992,-0.03837025316455711,,,,,-0.19584529704179,-0.26400242204056923,-0.19584529704179,False,60日价格动量(财报缺失后备),0.5,0.4554357166417342,False,False
002938,鹏鼎控股,印制电路板,申银万国行业分类标准,2026-09-14,88.24,1974352431.6,-0.2190459332684308,,,2026-09-18,-5876125071.742454,-0.17648010649006962,0.022900763358778626,False,1.0,0.4130846625649254,0.08293617110042564,0.1602892833662064,-0.01944660517835317,False,0.17476996703278425,-4588381480.742806,0.3,-0.1261843343680472,0.8476996703278424,0.0002267059623668466,,,,,-0.21249266193436803,-0.2190459332684308,-0.21249266193436803,False,60日价格动量(财报缺失后备),0.42857142857142855,0.4554155015728089,False,False
601377,兴业证券,证券Ⅲ,申银万国行业分类标准,2026-09-14,5.82,352288806.2,-0.06730769230769229,,,2026-09-18,-1660941809.337916,-0.15565871288802677,0.10687022900763359,False,0.5766918341395989,0.620713115218768,0.004406164773233241,0.008665511265164794,-0.015228426395939021,False,0.45547141774233907,306390065.1734395,0.5,0.011090453168734015,1.0414056336209097,-0.021848739495798353,,,,,-0.0716490189292892,-0.06730769230769229,-0.0716490189292892,True,60日价格动量(财报缺失后备),0.5714285714285714,0.451106593336134,False,False
600026,中远海能,航运,申银万国行业分类标准,2026-09-14,20.9,1451758850.0,0.02250489236790587,,,2026-09-18,-5764983636.84035,-0.7839599470618032,0.030534351145038167,False,1.0,0.6904902815594982,0.2583697914051205,0.4707952146375789,0.05822784810126569,False,0.2440590661164254,-1267083967.9758754,0.4,0.008754660151647893,1.2300850689822764,0.0959622443628736,,,,,0.0737740124022465,0.02250489236790587,0.0737740124022465,False,60日价格动量(财报缺失后备),0.3333333333333333,0.4504549700914473,False,False
601800,中国交建,基建市政工程,申银万国行业分类标准,2026-09-14,5.92,147346690.7,-0.03583061889250816,,,2026-09-18,-929811214.5485673,-0.6323504124544348,0.15267175572519084,False,0.33891878759631633,0.29636979555340826,-0.04152021796656642,0.03677758318739044,-0.005042016806722782,False,0.4346307418286033,152857242.14710915,0.5,0.0066945331559416,0.8382739784989031,-0.0116861435726211,,,,,-0.03996409147451433,-0.03583061889250816,-0.03996409147451433,True,60日价格动量(财报缺失后备),0.8333333333333334,0.4492010062144172,False,False
600809,山西汾酒,白酒Ⅲ,申银万国行业分类标准,2026-09-14,112.68,688754687.0,-0.008185899128597796,,,2026-09-18,-547983309.5404472,-0.12534260784446646,0.2595419847328244,False,0.6935650533177345,0.6153005230600781,-0.10866585171576028,0.07232584697373445,-0.0842746850873628,False,0.17835188795731985,-1817949761.039497,0.3,-0.27108943286192533,0.8835188795731985,-0.06621364050716827,,,,,0.009246440399955131,-0.008185899128597796,0.009246440399955131,False,60日价格动量(财报缺失后备),0.5714285714285714,0.4474230277883581,False,False
600741,华域汽车,车身附件及饰件,申银万国行业分类标准,2026-09-14,15.51,225390694.75,-0.06566265060240972,,,2026-09-18,101144930.57520676,0.17072061997927607,0.7099236641221374,False,0.42307033951268364,0.4264646256774114,-0.042313127564717334,0.017716535433070835,0.007797270955165692,False,0.21326646876832722,-243903928.68584806,0.3,-0.07754705068927789,1.2326646876832723,-0.013358778625954248,,,,,0.005430412960533426,-0.06566265060240972,0.005430412960533426,False,60日价格动量(财报缺失后备),0.5,0.4472224518703144,False,False
688223,晶科能源,光伏电池组件,申银万国行业分类标准,2026-09-14,3.86,289075533.35,-0.2504854368932039,,,2026-09-18,111479719.46316318,0.12453495671257477,0.732824427480916,False,0.3287832388590808,0.3482941881492204,0.004496109574607436,0.0,-0.042183622828784184,False,0.13311908797386818,-582590540.809521,0.2,-0.05554892849966698,0.7311908797386819,-0.06763285024154586,,,,,-0.227758642275517,-0.2504854368932039,-0.227758642275517,False,60日价格动量(财报缺失后备),0.6666666666666666,0.44514629581404114,False,False
000630,铜陵有色,铜,申银万国行业分类标准,2026-09-14,6.09,1815028170.2,-0.23203026481715006,,,2026-09-18,1157616570.5879738,0.1161470374238601,0.9465648854961832,False,0.5048648628948349,0.12550670159574273,0.02945248342655045,0.05913043478260871,-0.045454545454545414,False,0.16730107439589337,-4329296178.483406,0.3,-0.2724383540033393,0.7730107439589337,-0.08695652173913049,,,,,-0.134090347815408,-0.23203026481715006,-0.134090347815408,False,60日价格动量(财报缺失后备),0.25,0.4450977045666605,False,False
600089,特变电工,输变电设备,申银万国行业分类标准,2026-09-14,18.47,1140691023.15,-0.26355661881977666,,,2026-09-18,-1070124654.2925189,-0.6395258015885883,0.1297709923664122,False,0.40738168208804765,0.42004072672736303,0.00669057003400082,0.0,-0.02481520591341091,False,0.18726455903386402,-579914759.1596088,0.4,-0.01625870838272104,0.6726455903386404,-0.029427220178665392,,,,,-0.29927333923096183,-0.26355661881977666,-0.29927333923096183,True,60日价格动量(财报缺失后备),1.0,0.44498484285816275,False,False
300502,新易盛,通信网络设备及器件,申银万国行业分类标准,2026-09-14,401.9,15262190557.75,-0.30703312240288294,,,2026-09-18,-20757658325.726166,-0.43722743448132695,0.007633587786259542,False,1.0,0.7806302160382893,0.10565283599892171,0.08299649690110478,-0.03667305848513902,False,0.16292101132479722,-7965027012.35839,0.3,0.01734241267976999,0.7083992180322481,-0.0022591296144585105,,,,,-0.10078953026184752,-0.30703312240288294,-0.10078953026184752,False,60日价格动量(财报缺失后备),0.4,0.4422569703884512,False,False
601628,中国人寿,保险Ⅲ,申银万国行业分类标准,2026-09-14,38.28,1238621489.95,0.05049396267837558,,,2026-09-18,-35345158.70549059,-0.007079200956638721,0.5343511450381679,False,0.37845782286947316,0.17675212716939503,-0.045137315211918085,0.09246575342465757,-0.004421326397919367,False,0.2834236541016055,-1070327205.4994898,0.6,-0.3419974834482606,1.0342365410160552,-0.020220117737394405,,,,,0.03340492019010759,0.05049396267837558,0.03340492019010759,True,60日价格动量(财报缺失后备),0.6,0.4412634893938769,False,False
688012,中微公司,半导体设备,申银万国行业分类标准,2026-09-14,324.64,5391935397.05,-0.12904437409454317,,,2026-09-18,-2510617123.434124,-0.2896861488704354,0.08396946564885496,False,0.6920107956590547,0.5021919099629156,0.017988320297437084,0.04773277392286568,-0.0562790697674419,False,0.11492778267345916,-7684692937.975013,0.2,-0.09744885666660186,0.5492778267345916,-0.07383316215907798,,,,,-0.1344119225771668,-0.12904437409454317,-0.1344119225771668,True,60日价格动量(财报缺失后备),0.75,0.4406290774958522,False,False
601898,中煤能源,动力煤,申银万国行业分类标准,2026-09-14,14.42,711061064.8,0.050254916241806225,,,2026-09-18,-2443904974.165418,-0.6770510673302214,0.0916030534351145,False,0.825,0.7693093219440628,-0.0027012265462199236,0.1839080459770115,-0.007570543702684063,False,0.18738030007803175,-2852420181.6346335,0.3,-0.9047800359585697,0.9738030007803175,-0.06545690213869082,,,,,0.0819444837539624,0.050254916241806225,0.0819444837539624,False,60日价格动量(财报缺失后备),0.5,0.43766568570653086,False,False
688521,芯原股份,数字芯片设计,申银万国行业分类标准,2026-09-14,179.24,3699118746.2,-0.36887323943661965,,,2026-09-18,-5167180725.196652,-0.15441366866568976,0.04580152671755725,False,1.0,0.8513152901540932,0.2110048240205367,0.08967110462642114,-0.03520292819463877,False,0.20979083237640683,-4067682450.854453,0.4,0.027594641760390948,0.8647947536515991,-0.06839916839916838,,,,,-0.3011092419238107,-0.36887323943661965,-0.3011092419238107,False,60日价格动量(财报缺失后备),0.3,0.43660801343761313,False,False
688008,澜起科技,数字芯片设计,申银万国行业分类标准,2026-09-14,184.65,6459247450.35,-0.340653454740225,,,2026-09-18,-5167180725.196652,-0.15441366866568976,0.04580152671755725,False,0.9892973856209148,0.7320467149500408,0.12448344518971141,0.005718954248365993,-0.06657567485592952,False,0.12166547562044695,-9125334795.084957,0.2,-0.035399970489165045,0.6166547562044695,-0.06906982606503653,,,,,-0.3011092419238107,-0.340653454740225,-0.3011092419238107,False,60日价格动量(财报缺失后备),0.4,0.4363658899348976,False,False
000776,广发证券,证券Ⅲ,申银万国行业分类标准,2026-09-14,20.49,1220530607.55,-0.09735682819383262,,,2026-09-18,-1660941809.337916,-0.15565871288802677,0.10687022900763359,False,0.9867691364471997,0.61604414600265,0.05846844461067928,0.009359605911329894,-0.06052269601100413,False,0.18785012459334943,-3128052676.2574854,0.3,-0.09094860413985159,0.9785012459334943,-0.06438356164383563,,,,,-0.0716490189292892,-0.09735682819383262,-0.0716490189292892,False,60日价格动量(财报缺失后备),0.2857142857142857,0.4357958893125954,False,False
603501,豪威集团,数字芯片设计,申银万国行业分类标准,2026-09-14,77.91,1248180014.45,-0.13968639575971742,,,2026-09-18,-5167180725.196652,-0.15441366866568976,0.04580152671755725,False,0.5584937565036419,0.7193736371346393,-0.1170017735809021,0.013397502601456779,-0.039097187962506164,False,0.13219241272414667,-3156184150.8273854,0.2,-0.08491442167471445,0.7219241272414666,-0.059625829812914866,,,,,-0.3011092419238107,-0.13968639575971742,-0.3011092419238107,True,60日价格动量(财报缺失后备),0.9,0.4347565354756407,False,False
000625,长安汽车,综合乘用车,申银万国行业分类标准,2026-09-14,7.23,289032856.95,-0.017663043478260865,,,2026-09-18,-960578838.1684167,-0.41124169221610846,0.13740458015267176,False,0.3781804316219456,0.2312494441005214,-0.043665720227719314,0.05393586005830908,0.016877637130801704,False,0.41646575269920305,192805261.6285752,0.4,0.04064531145334096,0.9158831532480212,0.015449438202247201,,,,,-0.031333169669197414,-0.017663043478260865,-0.031333169669197414,True,60日价格动量(财报缺失后备),0.75,0.43255148369191876,False,False
600221,海航控股,航空运输,申银万国行业分类标准,2026-09-14,1.27,242007470.35,-0.11805555555555547,,,2026-09-18,-426127279.0000006,-0.3407588307081739,0.3053435114503817,False,0.5934775044092417,0.6619568652538439,0.00798904218107821,0.0,-0.023076923076923106,False,0.3708486291452824,147433485.0,0.2,0.23500279392083656,0.8264829387478194,-0.03053435114503822,,,,,-0.09509797253695566,-0.11805555555555547,-0.09509797253695566,False,60日价格动量(财报缺失后备),0.4,0.43182411089916944,False,False
300014,亿纬锂能,锂电池,申银万国行业分类标准,2026-09-14,49.3,1548561156.9,-0.2980207888366796,,,2026-09-18,-950430789.1266441,-0.09082088100103532,0.1450381679389313,False,0.9385379092387159,0.5430356145432493,0.058191712448773046,0.014403292181069949,-0.032764371198744424,False,0.15055355861382747,-2985320402.1783104,0.3,0.013100991764304291,0.5898143960211094,-0.06095238095238098,,,,,-0.21596809973702205,-0.2980207888366796,-0.21596809973702205,False,60日价格动量(财报缺失后备),0.3333333333333333,0.43154072934619125,False,False
688072,拓荆科技,半导体设备,申银万国行业分类标准,2026-09-14,601.0,2979195479.45,0.032114030568435536,,,2026-09-18,-2510617123.434124,-0.2896861488704354,0.08396946564885496,False,0.4070066806540927,0.31673668848262615,-0.13666829217946325,0.05722377610076168,-0.07810774328138415,False,0.1450543026361514,-5340165519.609858,0.3,-0.1513719837285075,0.550543026361514,-0.07610951407357303,,,,,-0.1344119225771668,0.032114030568435536,-0.1344119225771668,True,60日价格动量(财报缺失后备),1.0,0.42515947298503665,False,False
301269,华大九天,垂直应用软件,申银万国行业分类标准,2026-09-14,84.58,574924417.6,-0.1684200176973748,,,2026-09-18,-1149288868.2576268,-0.3971685057556131,0.11450381679389313,False,0.9204353069596015,0.5645223683515219,0.07228097476934275,0.0,-0.0932675814751287,False,0.09872456848463393,-2635429952.941387,0.1,-0.2499436747953626,0.6872456848463393,-0.1334904210634157,,,,,-0.1518037997560308,-0.1684200176973748,-0.1518037997560308,False,60日价格动量(财报缺失后备),0.4,0.42371249756781754,False,False
600958,东方证券,证券Ⅲ,申银万国行业分类标准,2026-09-14,8.9,416472667.15,-0.08811475409836056,,,2026-09-18,-1660941809.337916,-0.15565871288802677,0.10687022900763359,False,0.8098935877360415,0.5979344241725677,0.035038292241165774,0.004514672686230403,-0.030501089324618702,False,0.25530600507462103,-336967634.9878757,0.5,-0.10769429160462828,1.0530600507462102,-0.037837837837837784,,,,,-0.0716490189292892,-0.08811475409836056,-0.0716490189292892,False,60日价格动量(财报缺失后备),0.38095238095238093,0.42340671862908963,False,False
300274,阳光电源,逆变器,申银万国行业分类标准,2026-09-14,84.98,4874348461.45,-0.48011745992903465,,,2026-09-18,-2406768914.4285517,-0.5376978319862815,0.09923664122137404,False,0.8060893928679285,0.6767817076987824,0.030789418109473225,0.00687203791469182,-0.042478873239436554,False,0.1373228504496276,-10458051996.174942,0.2,-0.008792078922520236,0.773228504496276,-0.048695846859957426,,,,,-0.3464807483131412,-0.48011745992903465,-0.3464807483131412,False,60日价格动量(财报缺失后备),0.5,0.4210048587170602,False,False
688082,盛美上海,半导体设备,申银万国行业分类标准,2026-09-14,270.45,1363700236.1,-0.2809858031583985,,,2026-09-18,-2510617123.434124,-0.2896861488704354,0.08396946564885496,False,1.0,0.7153999480857633,0.17633912475158026,0.09427473194416347,-0.038912579957356086,False,0.16513131119895094,-1371977997.5391376,0.4,-0.053612702278439235,0.4513131119895095,-0.05041957796425689,,,,,-0.1344119225771668,-0.2809858031583985,-0.1344119225771668,False,60日价格动量(财报缺失后备),0.25,0.4205767209295087,False,False
002384,东山精密,印制电路板,申银万国行业分类标准,2026-09-14,185.11,11498729554.95,-0.31580114581408236,,,2026-09-18,-5876125071.742454,-0.17648010649006962,0.022900763358778626,False,1.0,0.654920896909321,0.13628306080781635,0.1440667490729295,-0.0285489372868013,False,0.17094725183577963,-17375144569.78482,0.3,-0.025723445397916628,0.8094725183577962,-0.018972918543642914,,,,,-0.21249266193436803,-0.31580114581408236,-0.21249266193436803,False,60日价格动量(财报缺失后备),0.2857142857142857,0.4187455370592721,False,False
002475,立讯精密,消费电子零部件及组装,申银万国行业分类标准,2026-09-14,52.78,5628393206.0,-0.2283625730994152,,,2026-09-18,-10034668283.6192,-0.5969939684446365,0.015267175572519083,False,0.9749999999999999,0.8126256904883699,0.09051681153030423,0.0,-0.05632040050062581,False,0.13312690692384016,-15955346868.415363,0.2,-0.26238970933213723,0.7312690692384014,-0.07273366127898806,,,,,-0.19198821126993204,-0.2283625730994152,-0.19198821126993204,False,60日价格动量(财报缺失后备),0.3333333333333333,0.4121684951787971,False,False
300803,指南针,垂直应用软件,申银万国行业分类标准,2026-09-14,78.37,1578702893.6,-0.25785984848484844,,,2026-09-18,-1149288868.2576268,-0.3971685057556131,0.11450381679389313,False,0.9828660732259716,0.45840830424242807,0.124727516633376,0.06034366120957935,-0.07745732783990578,False,0.1737848602695407,-6336127930.234798,0.2,-0.2705916223487532,1.1378486026954069,-0.0945118428653956,,,,,-0.1518037997560308,-0.25785984848484844,-0.1518037997560308,False,60日价格动量(财报缺失后备),0.2,0.41120680039395524,False,False
600346,恒力石化,炼油化工,申银万国行业分类标准,2026-09-14,16.85,696894477.85,-0.09651474530831083,,,2026-09-18,-3285002220.7897153,-0.7462329543714729,0.061068702290076333,False,1.0,0.36895426009779553,0.09803603836160839,0.12333333333333352,-0.07569939659901259,False,0.17997439842994545,-1969062734.1976533,0.3,-0.4122966656249672,0.8997439842994545,-0.12056367432150306,,,,,0.07463936414036412,-0.09651474530831083,0.07463936414036412,False,60日价格动量(财报缺失后备),0.2,0.40720734006550163,False,False
600061,国投资本,证券Ⅲ,申银万国行业分类标准,2026-09-14,6.3,216843064.8,-0.05688622754491013,,,2026-09-18,-1660941809.337916,-0.15565871288802677,0.10687022900763359,False,0.5064667922536927,0.3621670810821829,0.01917280291578312,0.016129032258064502,-0.024767801857585203,False,0.243942347258187,-163411314.17332336,0.4,-0.21012146789880648,1.23942347258187,-0.04109589041095896,,,,,-0.0716490189292892,-0.05688622754491013,-0.0716490189292892,True,60日价格动量(财报缺失后备),0.6666666666666666,0.4009663369588479,False,False
601985,中国核电,核力发电,申银万国行业分类标准,2026-09-14,9.06,729586477.85,-0.0022026431718060735,,,2026-09-18,-628638869.256398,-0.5301416753944239,0.2366412213740458,False,0.36330643783283334,0.1199656831000373,0.01310991995764865,0.04018369690011481,0.01683501683501687,False,0.4731614382064548,1640372963.679235,0.5,0.04150334726460437,1.1818103653470222,0.023728813559322104,,,,,0.02816697109702382,-0.0022026431718060735,0.02816697109702382,False,60日价格动量(财报缺失后备),0.5,0.3996105351762729,False,False
601059,信达证券,证券Ⅲ,申银万国行业分类标准,2026-09-14,15.56,193041805.1,-0.03414028553693349,,,2026-09-18,-1660941809.337916,-0.15565871288802677,0.10687022900763359,False,0.18226230519693049,0.21871476623631658,-0.031514256515732364,0.0,-0.08739002932551321,False,0.38,-369314920.99270046,0.6,-0.4825029888245083,2.1305947563726453,-0.08952603861907549,,,,,-0.0716490189292892,-0.03414028553693349,-0.0716490189292892,True,60日价格动量(财报缺失后备),0.9047619047619048,0.39724321355108205,False,False
601600,中国铝业,铝,申银万国行业分类标准,2026-09-14,9.29,1637624462.7,-0.057809330628803224,,,2026-09-18,-569848293.2000339,-0.15811749890184632,0.24427480916030533,False,0.825,0.6330334388741696,-0.05013696603802257,0.14691358024691348,-0.026205450733752578,False,0.14767685442654488,-916444791.3489828,0.2,-0.13514827486866177,0.8767685442654486,-0.051072522982635316,,,,,0.0006007543990019792,-0.057809330628803224,0.0006007543990019792,False,60日价格动量(财报缺失后备),0.25,0.3957741754386972,False,False
688271,联影医疗,医疗设备,申银万国行业分类标准,2026-09-14,102.35,433178831.05,-0.017660044150110354,,,2026-09-18,-928205921.2294596,-0.7232713628633243,0.16030534351145037,False,0.6298559503206758,0.7129022285410577,-0.11147347974028611,0.04194238012827034,-0.04559865721745615,False,0.19541970689515598,-622310309.1989205,0.4,-0.12454446025957826,0.7541970689515598,-0.03169347209082318,,,,,0.05549849396301326,-0.017660044150110354,0.05549849396301326,False,60日价格动量(财报缺失后备),0.5,0.3948727805222818,False,False
601186,中国铁建,基建市政工程,申银万国行业分类标准,2026-09-14,6.08,186697563.95,-0.04402515723270439,,,2026-09-18,-929811214.5485673,-0.6323504124544348,0.15267175572519084,False,0.27421733916418944,0.25758378126086834,-0.03313689975270533,0.02184873949579824,0.0016474464579900872,False,0.45385510362098364,217920318.80237913,0.5,0.04734361600390966,0.9817386970051448,-0.004909983633387904,,,,,-0.03996409147451433,-0.04402515723270439,-0.03996409147451433,False,60日价格动量(财报缺失后备),0.6666666666666666,0.39292999546620755,False,False
600999,招商证券,证券Ⅲ,申银万国行业分类标准,2026-09-14,17.37,1032769903.7,-0.11603053435114496,,,2026-09-18,-1660941809.337916,-0.15565871288802677,0.10687022900763359,False,0.9749999999999999,0.7270261183169924,0.08383997488327616,0.0,-0.038738240177089045,False,0.1227734387414732,-4366077821.048784,0.1,-0.19776848572493,0.927734387414732,-0.07161945483698551,,,,,-0.0716490189292892,-0.11603053435114496,-0.0716490189292892,False,60日价格动量(财报缺失后备),0.19047619047619047,0.3921864531059425,False,False
603893,瑞芯微,数字芯片设计,申银万国行业分类标准,2026-09-14,178.75,2308641673.85,-0.006447668278583674,,,2026-09-18,-5167180725.196652,-0.15441366866568976,0.04580152671755725,False,0.3184127042923678,0.31078940322644233,-0.1257119345236062,0.02376861397479968,-0.07229603487647918,False,0.1496666462541545,-10936131534.772425,0.2,-0.4381400963780963,0.8966664625415447,-0.1220530451866404,,,,,-0.3011092419238107,-0.006447668278583674,-0.3011092419238107,True,60日价格动量(财报缺失后备),1.0,0.3921007781947604,False,False
688303,大全能源,硅料硅片,申银万国行业分类标准,2026-09-14,16.48,139511687.75,-0.17144293614881856,,,2026-09-18,157039998.03350258,0.3597532457256034,0.7633587786259542,False,0.22522387831607105,0.08880147251210324,-0.05323650812801642,0.060489060489060664,-0.035693387946167277,False,0.18512370791427724,-115077582.6170188,0.3,0.28635653464740335,0.6076092375658884,-0.032863849765258135,,,,,-0.15225992961287083,-0.17144293614881856,-0.15225992961287083,False,60日价格动量(财报缺失后备),0.5,0.3915198461985815,False,False
300308,中际旭创,通信网络设备及器件,申银万国行业分类标准,2026-09-14,873.0,24154118788.85,-0.36845760419002693,,,2026-09-18,-20757658325.726166,-0.43722743448132695,0.007633587786259542,False,1.0,0.8636848517046535,0.1171242005058402,0.07380073800738018,-0.02833737729002961,False,0.14863735296746175,-19383121284.612663,0.2,0.10691710149442785,0.7580730078813042,0.01594320958920048,,,,,-0.10078953026184752,-0.36845760419002693,-0.10078953026184752,False,60日价格动量(财报缺失后备),0.2,0.38868605579911736,False,False
002074,国轩高科,锂电池,申银万国行业分类标准,2026-09-14,25.37,510601784.3,-0.17415364583333326,,,2026-09-18,-950430789.1266441,-0.09082088100103532,0.1450381679389313,False,0.2185229951802778,0.17334772408646326,-0.0379878399869662,0.029626623376623362,-0.023855328972681722,False,0.17241135903706614,-726237741.1457659,0.4,-0.15882160919662439,0.5241135903706614,-0.048387096774193505,,,,,-0.21596809973702205,-0.17415364583333326,-0.21596809973702205,True,60日价格动量(财报缺失后备),1.0,0.3876673719011361,False,False
301308,江波龙,数字芯片设计,申银万国行业分类标准,2026-09-14,331.01,3847754022.4,-0.4627856400934822,,,2026-09-18,-5167180725.196652,-0.15441366866568976,0.04580152671755725,False,1.0,0.8000361165424499,0.3127993005549819,0.03505315822388977,-0.0759589079336721,False,0.10955698848872156,-9993387369.722551,0.2,-0.08275040438918917,0.49556988488721565,-0.10339129963703342,,,,,-0.3011092419238107,-0.4627856400934822,-0.3011092419238107,False,60日价格动量(财报缺失后备),0.2,0.38654955246569184,False,False
601211,国泰海通,证券Ⅲ,申银万国行业分类标准,2026-09-14,17.37,1347363465.5,-0.04297520661157017,,,2026-09-18,-1660941809.337916,-0.15565871288802677,0.10687022900763359,False,0.41746252748311186,0.49055641946153605,-0.03599222778349253,0.0034662045060660507,-0.0062929061784896545,False,0.1966134211112711,-2078078748.7336779,0.4,-0.20440152245856422,0.7661342111127111,-0.0317725752508361,,,,,-0.0716490189292892,-0.04297520661157017,-0.0716490189292892,True,60日价格动量(财报缺失后备),0.7619047619047619,0.3862423498004685,False,False
301236,软通动力,IT服务Ⅲ,申银万国行业分类标准,2026-09-14,36.13,671403297.95,-0.07666751852798359,,,2026-09-18,546343003.8477975,0.17720311088155644,0.9007633587786259,False,0.2800514710257754,0.2312207454658194,-0.004883778899953981,0.034947006588370355,-0.04189870060991774,False,0.15281638482902732,-1139813169.4569273,0.3,0.03771446033573843,0.5829064958873871,-0.0546834118262689,,,,,0.0140281482085155,-0.07666751852798359,0.0140281482085155,False,60日价格动量(财报缺失后备),0.3333333333333333,0.385705542604048,False,False
300433,蓝思科技,消费电子零部件及组装,申银万国行业分类标准,2026-09-14,33.27,3719521724.85,-0.38171343616428166,,,2026-09-18,-10034668283.6192,-0.5969939684446365,0.015267175572519083,False,1.0,0.7695984119987803,0.27685036892487913,0.07914369120986064,-0.07015092230296249,False,0.15222929483274622,-11829179218.640392,0.3,-0.2512638501152258,0.6222929483274621,-0.10804289544235912,,,,,-0.19198821126993204,-0.38171343616428166,-0.19198821126993204,False,60日价格动量(财报缺失后备),0.16666666666666666,0.382777425489357,False,False
300750,宁德时代,锂电池,申银万国行业分类标准,2026-09-14,337.11,9102368022.85,-0.17572986454105333,,,2026-09-18,-950430789.1266441,-0.09082088100103532,0.1450381679389313,False,0.45929395530761946,0.4912453305572161,-0.09183078674830314,0.019969138603975756,-0.031849511774841965,False,0.18818816682909262,-16441244383.404211,0.2,-0.11865974863056371,1.2818816682909262,-0.058614912035744204,,,,,-0.21596809973702205,-0.17572986454105333,-0.21596809973702205,True,60日价格动量(财报缺失后备),0.6666666666666666,0.3805095285540119,False,False
600115,中国东航,航空运输,申银万国行业分类标准,2026-09-14,3.37,524324889.45,-0.14030612244897955,,,2026-09-18,-426127279.0000006,-0.3407588307081739,0.3053435114503817,False,0.7083490107737819,0.6443017152298832,0.021390717923607902,0.0,-0.037142857142857144,False,0.21452066591783434,-193150108.9277948,0.3,-0.11392766660436154,1.2452066591783433,-0.034383954154727836,,,,,-0.09509797253695566,-0.14030612244897955,-0.09509797253695566,False,60日价格动量(财报缺失后备),0.2,0.3772035720016695,False,False
300476,胜宏科技,印制电路板,申银万国行业分类标准,2026-09-14,225.0,6661039738.1,-0.3842364532019704,,,2026-09-18,-5876125071.742454,-0.17648010649006962,0.022900763358778626,False,1.0,0.5034544321601575,0.18962151290127865,0.24750499001995996,-0.03623747108712416,False,0.14425352324105878,-13348561810.331968,0.3,-0.05118825235950054,0.5425352324105879,-0.03425186711305683,,,,,-0.21249266193436803,-0.3842364532019704,-0.21249266193436803,False,60日价格动量(财报缺失后备),0.14285714285714285,0.3763578191963062,False,False
600188,兖矿能源,动力煤,申银万国行业分类标准,2026-09-14,20.37,1091183695.45,0.026713709677419484,,,2026-09-18,-2443904974.165418,-0.6770510673302214,0.0916030534351145,False,0.825,0.7013684504638036,-0.058793293798517055,0.14631401238041652,-0.019730510105871013,False,0.18364112872528968,-3576268191.0636287,0.3,-0.545006397556436,0.9364112872528968,-0.09386120996441283,,,,,0.0819444837539624,0.026713709677419484,0.0819444837539624,False,60日价格动量(财报缺失后备),0.25,0.3742308928683453,False,False
000063,中兴通讯,通信网络设备及器件,申银万国行业分类标准,2026-09-14,31.95,2308374021.55,-0.18970327162059342,,,2026-09-18,-20757658325.726166,-0.43722743448132695,0.007633587786259542,False,0.4682188706951342,0.561862644834161,-0.007947835007452872,0.0,-0.0399639423076924,False,0.11517372077769625,-6917996714.051154,0.2,-0.0037997050909752473,0.5517372077769626,-0.0679696616102684,,,,,-0.10078953026184752,-0.18970327162059342,-0.10078953026184752,False,60日价格动量(财报缺失后备),0.8,0.37078580896021623,False,False
601360,三六零,横向通用软件,申银万国行业分类标准,2026-09-14,9.03,990462199.2,-0.05741127348643016,,,2026-09-18,-842126062.3817618,-0.22629023349200547,0.183206106870229,False,0.37800348058962907,0.18132247030010662,-0.047186412101343896,0.08273381294964022,0.006688963210702115,False,0.12843638257395737,-4882001521.577443,0.1,-1.035893782116221,0.9843638257395736,-0.02588996763754048,,,,,-0.051423260625335115,-0.05741127348643016,-0.051423260625335115,False,60日价格动量(财报缺失后备),0.75,0.3696513611944239,False,False
002352,顺丰控股,快递,申银万国行业分类标准,2026-09-14,30.98,626215669.15,-0.02762084118016317,,,2026-09-18,-808592440.7137284,-0.8527749091593795,0.20610687022900764,False,0.5379785853341984,0.7469292215640998,-0.09387062728590036,0.005191434133679396,-0.02425196850393696,False,0.16644388458128265,-723731395.0496367,0.3,-0.19002137904573507,0.7644388458128265,-0.03579209461562405,,,,,0.02595163326088895,-0.02762084118016317,0.02595163326088895,False,60日价格动量(财报缺失后备),0.5,0.3692259207913817,False,False
002236,大华股份,安防设备,申银万国行业分类标准,2026-09-14,15.96,454260890.35,-0.032727272727272716,,,2026-09-18,1293159.5210181307,0.0010934459522579678,0.5877862595419847,False,0.26450804051090143,0.3098719601708708,-0.030424201927498794,0.002512562814070307,-0.019656019656019708,False,0.18658114237819184,-258755461.22898072,0.4,-0.06802623530089347,0.6658114237819186,-0.03797468354430378,,,,,-0.01133774541024013,-0.032727272727272716,-0.01133774541024013,False,60日价格动量(财报缺失后备),0.5,0.3685549496562153,False,False
688472,阿特斯,光伏电池组件,申银万国行业分类标准,2026-09-14,8.21,352056042.15,-0.2891774891774892,,,2026-09-18,111479719.46316318,0.12453495671257477,0.732824427480916,False,0.3480457428624938,0.41765489143499257,-0.06824117004619815,0.0,-0.05414746543778792,False,0.13545356921007592,-1075243296.2734964,0.2,-0.24540371805846484,0.7545356921007592,-0.08268156424580986,,,,,-0.227758642275517,-0.2891774891774892,-0.227758642275517,False,60日价格动量(财报缺失后备),0.3333333333333333,0.36817533399078367,False,False
601878,浙商证券,证券Ⅲ,申银万国行业分类标准,2026-09-14,9.06,193579125.2,-0.06308169596690794,,,2026-09-18,-1660941809.337916,-0.15565871288802677,0.10687022900763359,False,0.4724355420781046,0.5669226504937256,-0.002270777506029942,0.0,-0.03205128205128194,False,0.19489134659039817,-474599909.2744324,0.3,-0.2605740516502938,1.0489134659039816,-0.044303797468354444,,,,,-0.0716490189292892,-0.06308169596690794,-0.0716490189292892,True,60日价格动量(财报缺失后备),0.6190476190476191,0.36658944983446234,False,False
601881,中国银河,证券Ⅲ,申银万国行业分类标准,2026-09-14,12.08,302472399.6,-0.0736196319018404,,,2026-09-18,-1660941809.337916,-0.15565871288802677,0.10687022900763359,False,0.5882553961663366,0.6208182380367926,0.0038607028155021065,0.015126050420168013,-0.01628664495113996,False,0.19647782402230152,-334939551.112134,0.3,-0.049206794425771125,1.0647782402230153,-0.031275060144346445,,,,,-0.0716490189292892,-0.0736196319018404,-0.0716490189292892,False,60日价格动量(财报缺失后备),0.47619047619047616,0.3660177397046221,False,False
603986,兆易创新,数字芯片设计,申银万国行业分类标准,2026-09-14,356.88,13686330635.5,-0.482557633753806,,,2026-09-18,-5167180725.196652,-0.15441366866568976,0.04580152671755725,False,1.0,0.8733291130239245,0.33058637454319145,0.04736749427716136,-0.07409713574097132,False,0.11453872685274041,-37011641683.75199,0.2,-0.0986753374853449,0.545387268527404,-0.09190839694656494,,,,,-0.3011092419238107,-0.482557633753806,-0.3011092419238107,False,60日价格动量(财报缺失后备),0.1,0.36279498705669655,False,False
688041,海光信息,数字芯片设计,申银万国行业分类标准,2026-09-14,223.69,4974164138.65,-0.31655973113351665,,,2026-09-18,-5167180725.196652,-0.15441366866568976,0.04580152671755725,False,0.5249999999999999,0.8807136384741938,-0.03245987040683087,0.0,-0.0783651271064233,False,0.16560188627245878,-6939500957.949663,0.3,0.027003676971873083,0.7236144503583402,-0.10677634468713815,,,,,-0.3011092419238107,-0.31655973113351665,-0.3011092419238107,False,60日价格动量(财报缺失后备),0.6,0.35806077691162613,False,False
600588,用友网络,横向通用软件,申银万国行业分类标准,2026-09-14,9.41,580055415.0,-0.05805805805805808,,,2026-09-18,-842126062.3817618,-0.22629023349200547,0.183206106870229,False,0.5702346505160385,0.45799586633353195,-0.14866236444891295,0.0754285714285714,-0.060878243512973995,False,0.09643067313952823,-2522594875.2938557,0.1,-0.35113342190171937,0.6643067313952823,-0.09432146294513954,,,,,-0.051423260625335115,-0.05805805805805808,-0.051423260625335115,False,60日价格动量(财报缺失后备),0.5,0.35681928481373937,False,False
300418,昆仑万维,游戏Ⅲ,申银万国行业分类标准,2026-09-14,42.91,3115956920.2,-0.033993696533093365,,,2026-09-18,-710885951.2881477,-0.19653634983609014,0.22137404580152673,False,0.573522227223823,0.02980258550530268,0.029013452918652687,0.19194444444444425,-0.07918454935622332,False,0.22523159877053328,-8398346890.038124,0.4,-0.19381825585956813,1.0523159877053327,-0.06595559425337394,,,,,0.018968334526029418,-0.033993696533093365,0.018968334526029418,False,60日价格动量(财报缺失后备),0.3333333333333333,0.3559727103534189,False,False
600050,中国联通,电信运营商,申银万国行业分类标准,2026-09-14,4.22,511985984.5,-0.02314814814814825,,,2026-09-18,-831376068.3376732,-0.43088099902045146,0.1984732824427481,False,0.6015129403344813,0.5568155284013778,-0.06204936437410055,0.05499999999999994,0.0,False,0.20496761459363252,-717373855.1904761,0.4,-0.37306119721649744,0.8496761459363252,-0.02314814814814825,,,,,0.04891116084919637,-0.02314814814814825,0.04891116084919637,False,60日价格动量(财报缺失后备),0.3333333333333333,0.35472377557063545,False,False
000166,申万宏源,证券Ⅲ,申银万国行业分类标准,2026-09-14,4.44,289169131.65,-0.0410367170626349,,,2026-09-18,-1660941809.337916,-0.15565871288802677,0.10687022900763359,False,0.20418762358115258,0.21775242102465597,-0.024487388424993563,0.009090909090909038,-0.017699115044247593,False,0.268001388664959,-518661759.07631224,0.5,-0.31393074372198376,1.1800138866495897,-0.03056768558951961,,,,,-0.0716490189292892,-0.0410367170626349,-0.0716490189292892,True,60日价格动量(财报缺失后备),0.8095238095238095,0.3520116324230646,False,False
688009,中国通号,轨交设备Ⅲ,申银万国行业分类标准,2026-09-14,4.67,133108825.3,-0.0752475247524752,,,2026-09-18,-355840803.7499994,-0.4020174784815721,0.3282442748091603,False,0.3377437273733455,0.4052924728480146,-0.0483304271168449,0.0,-0.048879837067209775,False,0.2302719915734761,-345373035.2142833,0.4,-0.49021023038152783,1.102719915734761,-0.06412825651302612,,,,,0.0029406115214695716,-0.0752475247524752,0.0029406115214695716,False,60日价格动量(财报缺失后备),0.5,0.34953997106720475,False,False
688036,传音控股,品牌消费电子,申银万国行业分类标准,2026-09-14,51.86,655486733.95,-0.07094231458258693,,,2026-09-18,-296156678.4214287,-0.4856851923853139,0.3435114503816794,False,0.41889405401244395,0.5026728648149328,-0.11263596868761444,0.0,-0.053649635036496335,False,0.11620396469424356,-2134164594.0293987,0.2,-0.25667254104806614,0.5620396469424356,-0.10878157759065132,,,,,0.01809253890685325,-0.07094231458258693,0.01809253890685325,False,60日价格动量(财报缺失后备),0.5,0.34842149745362994,False,False
002241,歌尔股份,消费电子零部件及组装,申银万国行业分类标准,2026-09-14,22.06,1908059656.8,-0.0699831365935919,,,2026-09-18,-10034668283.6192,-0.5969939684446365,0.015267175572519083,False,0.3410258647977936,0.16670286529287448,-0.0022376409369156604,0.08084272415482596,-0.06525423728813573,False,0.13454969240689058,-4826325407.145155,0.2,-0.24524708263313608,0.7454969240689057,-0.07814458838278315,,,,,-0.19198821126993204,-0.0699831365935919,-0.19198821126993204,True,60日价格动量(财报缺失后备),0.8333333333333334,0.34733195098889785,False,False
600030,中信证券,证券Ⅲ,申银万国行业分类标准,2026-09-14,26.61,2897862660.45,-0.0708798882681565,,,2026-09-18,-1660941809.337916,-0.15565871288802677,0.10687022900763359,False,0.45023703489795613,0.5402844418775474,-0.0036712299906657467,0.0,-0.038308637513552624,False,0.22061915169974466,-7043895183.756582,0.4,-0.23408376445133125,1.0061915169974467,-0.050321199143469,,,,,-0.0716490189292892,-0.0708798882681565,-0.0716490189292892,True,60日价格动量(财报缺失后备),0.5238095238095238,0.3425523251482307,False,False
002558,巨人网络,游戏Ⅲ,申银万国行业分类标准,2026-09-14,25.02,1641168931.25,-0.027972027972027913,,,2026-09-18,-710885951.2881477,-0.19653634983609014,0.22137404580152673,False,0.25723808966219924,0.20446734531176103,-0.07221747324266664,0.03473945409429269,-0.08985085485631139,False,0.20239082568476743,-5031161629.718343,0.4,-0.19454657287012128,0.8239082568476743,-0.07161410018552872,,,,,0.018968334526029418,-0.027972027972027913,0.018968334526029418,False,60日价格动量(财报缺失后备),0.6666666666666666,0.33871060914682366,False,False
601688,华泰证券,证券Ⅲ,申银万国行业分类标准,2026-09-14,18.8,979721054.6,-0.11695631751996238,,,2026-09-18,-1660941809.337916,-0.15565871288802677,0.10687022900763359,False,0.7721747164098197,0.7650439992486096,0.02554226810687629,0.011296395911780666,-0.029426948890036164,False,0.19433372916927144,-1940090619.3691802,0.4,-0.09556816601235284,0.7433372916927143,-0.0398365679264554,,,,,-0.0716490189292892,-0.11695631751996238,-0.0716490189292892,False,60日价格动量(财报缺失后备),0.14285714285714285,0.33732417873107623,False,False
000792,盐湖股份,钾肥,申银万国行业分类标准,2026-09-14,25.14,1582708508.0,-0.18084066471163251,,,2026-09-18,-543567254.59231,-0.39678051334938413,0.26717557251908397,False,0.3712810594379827,0.0748744753979711,0.02817309862368089,0.026960784313725394,-0.04337899543378998,False,0.17099061304290938,-4238071199.8914814,0.3,-0.09919310710120745,0.8099061304290939,-0.09730700179533214,,,,,-0.13348010945814653,-0.18084066471163251,-0.13348010945814653,False,60日价格动量(财报缺失后备),0.5,0.3325670855959389,False,False
002371,北方华创,半导体设备,申银万国行业分类标准,2026-09-14,626.0,4631273586.5,-0.1597315436241611,,,2026-09-18,-2510617123.434124,-0.2896861488704354,0.08396946564885496,False,0.4948436330386013,0.5938123596463216,-0.0025739798922639356,0.0,-0.05244834632558837,False,0.159041382929827,-7619441637.685285,0.3,-0.09196220769657866,0.6904138292982699,-0.06245319754380718,,,,,-0.1344119225771668,-0.1597315436241611,-0.1344119225771668,False,60日价格动量(财报缺失后备),0.5,0.3300073287738081,False,False
300033,同花顺,垂直应用软件,申银万国行业分类标准,2026-09-14,205.55,2660658157.45,-0.16680178354276443,,,2026-09-18,-1149288868.2576268,-0.3971685057556131,0.11450381679389313,False,0.36761391962976525,0.35809256357846697,0.00807373583112166,0.0,-0.05237195150062235,False,0.17034337591763957,-12607530628.13394,0.3,-0.3384062245739429,0.8034337591763956,-0.0946130467339118,,,,,-0.1518037997560308,-0.16680178354276443,-0.1518037997560308,False,60日价格动量(财报缺失后备),0.6,0.3257707832271181,False,False
601390,中国中铁,基建市政工程,申银万国行业分类标准,2026-09-14,4.36,376699973.5,-0.062365591397849474,,,2026-09-18,-929811214.5485673,-0.6323504124544348,0.15267175572519084,False,0.3482905906546985,0.2729821992346573,-0.04070607191720858,0.045563549160671624,0.0022988505747127963,False,0.2190845591146255,-466931688.51429534,0.4,-0.18035622874414478,0.9908455911462549,-0.013574660633484115,,,,,-0.03996409147451433,-0.062365591397849474,-0.03996409147451433,False,60日价格动量(财报缺失后备),0.5,0.3147926681201041,False,False
601336,新华保险,保险Ⅲ,申银万国行业分类标准,2026-09-14,58.41,1190159357.4,-0.07739693571315753,,,2026-09-18,-35345158.70549059,-0.007079200956638721,0.5343511450381679,False,0.3407979583286121,0.3699356977570818,-0.01695705311844071,0.013007284079084247,-0.037409360580092366,False,0.21364336865360672,-2598488640.9593883,0.3,-0.4315426438922956,1.2364336865360672,-0.050243902439024435,,,,,0.03340492019010759,-0.07739693571315753,0.03340492019010759,False,60日价格动量(财报缺失后备),0.2,0.3125204586696189,False,False
601066,中信建投,证券Ⅲ,申银万国行业分类标准,2026-09-14,23.6,461746875.9,-0.13837166849215043,,,2026-09-18,-1660941809.337916,-0.15565871288802677,0.10687022900763359,False,0.8098514415833434,0.8714614338010909,0.03323266818472342,0.0,-0.05030181086519114,False,0.134582338634179,-1725076073.7153823,0.2,-0.02419922060714571,0.74582338634179,-0.0763209393346379,,,,,-0.0716490189292892,-0.13837166849215043,-0.0716490189292892,False,60日价格动量(财报缺失后备),0.047619047619047616,0.30987982483983634,False,False
000858,五 粮 液,白酒Ⅲ,申银万国行业分类标准,2026-09-14,69.85,1635638484.35,-0.08752449379490534,,,2026-09-18,-547983309.5404472,-0.12534260784446646,0.2595419847328244,False,0.43121942791894974,0.5131622382339228,-0.0483447306028874,0.0014336917562722817,-0.022530086761824775,False,0.2021871915934713,-3368834002.875474,0.4,-0.1725102698586297,0.8218719159347129,-0.027565084226646275,,,,,0.009246440399955131,-0.08752449379490534,0.009246440399955131,False,60日价格动量(财报缺失后备),0.2857142857142857,0.303249594649189,False,False
002304,洋河股份,白酒Ⅲ,申银万国行业分类标准,2026-09-14,38.07,186620567.6,-0.0770909090909091,,,2026-09-18,-547983309.5404472,-0.12534260784446646,0.2595419847328244,False,0.27147955430280246,0.29150341415379877,-0.05395806426029558,0.01142401700318807,-0.036202531645569636,False,0.19782630066553392,-309053252.13114333,0.4,-0.16126400784556358,0.7782630066553393,-0.03522554485554996,,,,,0.009246440399955131,-0.0770909090909091,0.009246440399955131,False,60日价格动量(财报缺失后备),0.42857142857142855,0.28995169554664624,False,False
600570,恒生电子,垂直应用软件,申银万国行业分类标准,2026-09-14,20.38,456806299.65,-0.13534153585065767,,,2026-09-18,-1149288868.2576268,-0.3971685057556131,0.11450381679389313,False,0.10040118792791856,0.07262499480562568,-0.03183714135010693,0.0159521435692922,-0.056044465030106516,False,0.13555258488847438,-1884437313.7954633,0.2,-0.3353392631985418,0.7555258488847438,-0.08239531742458361,,,,,-0.1518037997560308,-0.13534153585065767,-0.1518037997560308,True,60日价格动量(财报缺失后备),0.8,0.28690926595927285,False,False
002736,国信证券,证券Ⅲ,申银万国行业分类标准,2026-09-14,9.89,232873969.3,-0.04628736740597861,,,2026-09-18,-1660941809.337916,-0.15565871288802677,0.10687022900763359,False,0.15090722537655532,0.12469245729409406,0.0034038748761955205,0.007128309572301372,-0.024654832347140054,False,0.16005924815532746,-876072698.7859559,0.2,-0.3915673000052807,1.0005924815532745,-0.04259438528557591,,,,,-0.0716490189292892,-0.04628736740597861,-0.0716490189292892,True,60日价格动量(财报缺失后备),0.7142857142857143,0.2852324540247537,False,False
002028,思源电气,输变电设备,申银万国行业分类标准,2026-09-14,133.8,1932063381.0,-0.334990059642147,,,2026-09-18,-1070124654.2925189,-0.6395258015885883,0.1297709923664122,False,0.2867012355689529,0.3440414826827435,-0.046682391018963605,0.0,-0.0772413793103448,False,0.18623495877630727,-920142736.0293849,0.3,-0.06275894572579321,0.9623495877630728,-0.04632929436920885,,,,,-0.29927333923096183,-0.334990059642147,-0.29927333923096183,False,60日价格动量(财报缺失后备),0.5,0.2835233088380451,False,False
000568,泸州老窖,白酒Ⅲ,申银万国行业分类标准,2026-09-14,73.48,775573978.6,-0.09585332841146788,,,2026-09-18,-547983309.5404472,-0.12534260784446646,0.2595419847328244,False,0.5249999999999999,0.7260674921090936,-0.17977790026042312,0.0,-0.07339218158890282,False,0.14945990564297187,-2807970324.387939,0.2,-0.4837554081678544,0.8945990564297187,-0.06609049313675652,,,,,0.009246440399955131,-0.09585332841146788,0.009246440399955131,False,60日价格动量(财报缺失后备),0.14285714285714285,0.28248765907159357,False,False
600010,包钢股份,板材,申银万国行业分类标准,2026-09-14,2.12,743963121.9,-0.15873015873015872,,,2026-09-18,-292718511.55554897,-0.2669557172745802,0.3511450381679389,False,0.14419855265924927,0.012577300938351299,0.008555282763300533,0.024154589371980784,-0.031963470319634646,False,0.16461802221001293,-2253254656.200014,0.3,-0.2995126626034621,0.7461802221001295,-0.06607929515418498,,,,,-0.0715389924085576,-0.15873015873015872,-0.0715389924085576,False,60日价格动量(财报缺失后备),0.5,0.2796430789838658,False,False
601995,中金公司,证券Ⅲ,申银万国行业分类标准,2026-09-14,31.8,668312985.7,-0.10270880361173806,,,2026-09-18,-1660941809.337916,-0.15565871288802677,0.10687022900763359,False,0.5249999999999999,0.7781941574466017,-0.03719543708505121,0.0,-0.04932735426008972,False,0.15392386157554203,-3736886866.4051714,0.1,-0.5548974032172951,1.2392386157554203,-0.08225108225108224,,,,,-0.0716490189292892,-0.10270880361173806,-0.0716490189292892,False,60日价格动量(财报缺失后备),0.23809523809523808,0.2768788207192217,False,False
601633,长城汽车,综合乘用车,申银万国行业分类标准,2026-09-14,14.71,191293751.55,-0.13572267920093994,,,2026-09-18,-960578838.1684167,-0.41124169221610846,0.13740458015267176,False,0.4367974048526808,0.4765049521215591,-0.06662804461288302,0.015883977900552626,-0.016053511705685475,False,0.20832428880631115,-327967868.5004489,0.3,-0.19291517128187952,1.1832428880631114,-0.03223684210526301,,,,,-0.031333169669197414,-0.13572267920093994,-0.031333169669197414,False,60日价格动量(财报缺失后备),0.25,0.2731012096879164,False,False
601788,光大证券,证券Ⅲ,申银万国行业分类标准,2026-09-14,13.94,273445885.85,-0.0737541528239204,,,2026-09-18,-1660941809.337916,-0.15565871288802677,0.10687022900763359,False,0.3425833072492812,0.41109996869913745,-0.009556425427772396,0.0,-0.03662750518313762,False,0.15150072220564992,-895806318.4629953,0.2,-0.26610040512889815,0.9150072220564991,-0.05874409182984475,,,,,-0.0716490189292892,-0.0737541528239204,-0.0716490189292892,False,60日价格动量(财报缺失后备),0.42857142857142855,0.26916707567058074,False,False
601669,中国电建,基建市政工程,申银万国行业分类标准,2026-09-14,4.58,340501710.95,-0.09486166007905128,,,2026-09-18,-929811214.5485673,-0.6323504124544348,0.15267175572519084,False,0.3437008655121231,0.41244103861454773,-0.016527148560060614,0.0,-0.010799136069114423,False,0.17864505295368954,-142273372.00002167,0.3,-0.09646145373598997,0.8864505295368954,-0.012931034482758563,,,,,-0.03996409147451433,-0.09486166007905128,-0.03996409147451433,False,60日价格动量(财报缺失后备),0.3333333333333333,0.26163920737043084,False,False
601868,中国能建,基建市政工程,申银万国行业分类标准,2026-09-14,2.46,475637399.35,-0.12142857142857133,,,2026-09-18,-929811214.5485673,-0.6323504124544348,0.15267175572519084,False,0.4704807708116671,0.5473929055809432,0.0016706685521027948,0.0,-0.004048582995951455,False,0.18221289553924178,-1561107848.4666696,0.3,-0.044965951245022125,0.9221289553924178,-0.016000000000000014,,,,,-0.03996409147451433,-0.12142857142857133,-0.03996409147451433,False,60日价格动量(财报缺失后备),0.16666666666666666,0.2588984729400154,False,False
300059,东方财富,证券Ⅲ,申银万国行业分类标准,2026-09-14,18.22,3654615708.5,-0.1311397234144015,,,2026-09-18,-1660941809.337916,-0.15565871288802677,0.10687022900763359,False,0.5249999999999999,0.7193455465355614,-0.008946509391537023,0.0,-0.0405476566614007,False,0.1674381717819095,-15754227012.462002,0.3,-0.1639111308212088,0.7743817178190952,-0.06082474226804124,,,,,-0.0716490189292892,-0.1311397234144015,-0.0716490189292892,False,60日价格动量(财报缺失后备),0.09523809523809523,0.2445431125565279,False,False
601238,广汽集团,综合乘用车,申银万国行业分类标准,2026-09-11,5.09,173274926.4,-0.07956600361663657,,,2026-09-18,-960578838.1684167,-0.41124169221610846,0.13740458015267176,False,0.10797823038391478,0.006874489957629848,-0.006398530669345141,0.04089979550102263,-0.015473887814313358,False,0.2169843795473403,-262034598.68254337,0.4,-0.24906970165040593,0.9698437954734028,-0.02490421455938696,,,,,-0.031333169669197414,-0.07956600361663657,-0.031333169669197414,False,60日价格动量(财报缺失后备),0.5,0.23912048003254385,False,False
002230,科大讯飞,横向通用软件,申银万国行业分类标准,2026-09-14,39.6,1002691403.8,-0.09753874202370105,,,2026-09-18,-842126062.3817618,-0.22629023349200547,0.183206106870229,False,0.3134452166006789,0.30597424189061406,-0.04473956125538385,0.01851851851851838,0.0040567951318459805,False,0.17247578832235747,-1417969487.4842637,0.4,-0.07091181972084451,0.5247578832235746,-0.0154152163102933,,,,,-0.051423260625335115,-0.09753874202370105,-0.051423260625335115,False,60日价格动量(财报缺失后备),0.25,0.2362937334348388,False,False
601456,国联民生,证券Ⅲ,申银万国行业分类标准,2026-09-14,8.65,149318468.2,-0.09138655462184864,,,2026-09-18,-1660941809.337916,-0.15565871288802677,0.10687022900763359,False,0.2533279239491465,0.3039935087389758,-0.0049978509331895776,0.0,-0.019274376417233507,False,0.20432156801656476,-157232556.62156832,0.3,-0.0909120552503178,1.1432156801656477,-0.03888888888888886,,,,,-0.0716490189292892,-0.09138655462184864,-0.0716490189292892,False,60日价格动量(财报缺失后备),0.3333333333333333,0.2317861483237452,False,False
002625,光启技术,航空装备Ⅲ,申银万国行业分类标准,2026-09-14,26.51,509385487.65,-0.18455859735465996,,,2026-09-18,-4026408485.01404,-0.8135692945629891,0.05343511450381679,False,0.24111307490096098,0.2768356898811526,-0.036647810698625195,0.004166666666666874,-0.05591168091168075,False,0.1517356742930841,-1563482587.8743873,0.2,-0.1731671421944021,0.9173567429308411,-0.05792466240227434,,,,,-0.0014416618022053962,-0.18455859735465996,-0.0014416618022053962,False,60日价格动量(财报缺失后备),0.16666666666666666,0.16262153061098933,False,False
