code,name,exchange,industry,industry_standard,industry_code,raw_universe_size
000001,平安银行,深圳,股份制银行Ⅱ,申万二级行业,801783,5223
000002,万  科Ａ,深圳,房地产开发,申万二级行业,801181,5223
000006,深振业Ａ,深圳,房地产开发,申万二级行业,801181,5223
000007,全新好,深圳,一般零售,申万二级行业,801203,5223
000008,神州高铁,深圳,轨交设备Ⅱ,申万二级行业,801076,5223
000009,中国宝安,深圳,电池,申万二级行业,801737,5223
000011,深物业A,深圳,房地产开发,申万二级行业,801181,5223
000012,南  玻Ａ,深圳,玻璃玻纤,申万二级行业,801712,5223
000014,沙河股份,深圳,房地产开发,申万二级行业,801181,5223
000017,深中华A,深圳,饰品,申万二级行业,801133,5223
000019,深粮控股,深圳,农产品加工,申万二级行业,801012,5223
000020,深华发Ａ,深圳,光学光电子,申万二级行业,801084,5223
000021,深科技,深圳,消费电子,申万二级行业,801085,5223
000025,特  力Ａ,深圳,综合Ⅱ,申万二级行业,801231,5223
000026,飞亚达,深圳,饰品,申万二级行业,801133,5223
000027,深圳能源,深圳,电力,申万二级行业,801161,5223
000028,国药一致,深圳,医药商业,申万二级行业,801154,5223
000029,深深房Ａ,深圳,房地产开发,申万二级行业,801181,5223
000030,富奥股份,深圳,汽车零部件,申万二级行业,801093,5223
000031,大悦城,深圳,房地产开发,申万二级行业,801181,5223
000032,深桑达Ａ,深圳,专业工程,申万二级行业,801724,5223
000034,神州数码,深圳,IT服务Ⅱ,申万二级行业,801103,5223
000035,中国天楹,深圳,环境治理,申万二级行业,801971,5223
000036,华联控股,深圳,房地产开发,申万二级行业,801181,5223
000037,深南电A,深圳,电力,申万二级行业,801161,5223
000039,中集集团,深圳,通用设备,申万二级行业,801072,5223
000042,中洲控股,深圳,房地产开发,申万二级行业,801181,5223
000045,深纺织Ａ,深圳,光学光电子,申万二级行业,801084,5223
000048,京基智农,深圳,养殖业,申万二级行业,801017,5223
000049,德赛电池,深圳,电池,申万二级行业,801737,5223
000050,深天马Ａ,深圳,光学光电子,申万二级行业,801084,5223
000055,方大集团,深圳,装修建材,申万二级行业,801713,5223
000058,深 赛 格,深圳,一般零售,申万二级行业,801203,5223
000059,华锦股份,深圳,炼化及贸易,申万二级行业,801963,5223
000060,中金岭南,深圳,工业金属,申万二级行业,801055,5223
000061,农 产 品,深圳,一般零售,申万二级行业,801203,5223
000062,深圳华强,深圳,其他电子Ⅱ,申万二级行业,801082,5223
000063,中兴通讯,深圳,通信设备,申万二级行业,801102,5223
000065,北方国际,深圳,专业工程,申万二级行业,801724,5223
000066,中国长城,深圳,计算机设备,申万二级行业,801101,5223
000068,华控赛格,深圳,环境治理,申万二级行业,801971,5223
000069,华侨城Ａ,深圳,房地产开发,申万二级行业,801181,5223
000070,特发信息,深圳,通信设备,申万二级行业,801102,5223
000088,盐 田 港,深圳,航运港口,申万二级行业,801992,5223
000089,深圳机场,深圳,航空机场,申万二级行业,801991,5223
000090,天健集团,深圳,房地产开发,申万二级行业,801181,5223
000096,广聚能源,深圳,炼化及贸易,申万二级行业,801963,5223
000099,中信海直,深圳,航空机场,申万二级行业,801991,5223
000100,TCL科技,深圳,光学光电子,申万二级行业,801084,5223
000151,中成股份,深圳,贸易Ⅱ,申万二级行业,801202,5223
000153,丰原药业,深圳,化学制药,申万二级行业,801151,5223
000155,川能动力,深圳,电力,申万二级行业,801161,5223
000156,华数传媒,深圳,电视广播Ⅱ,申万二级行业,801995,5223
000157,中联重科,深圳,工程机械,申万二级行业,801077,5223
000158,常山北明,深圳,IT服务Ⅱ,申万二级行业,801103,5223
000159,国际实业,深圳,光伏设备,申万二级行业,801735,5223
000166,申万宏源,深圳,证券Ⅱ,申万二级行业,801193,5223
000301,东方盛虹,深圳,炼化及贸易,申万二级行业,801963,5223
000333,美的集团,深圳,白色家电,申万二级行业,801111,5223
000338,潍柴动力,深圳,汽车零部件,申万二级行业,801093,5223
000400,许继电气,深圳,电网设备,申万二级行业,801738,5223
000401,金隅冀东,深圳,水泥,申万二级行业,801711,5223
000402,金 融 街,深圳,房地产开发,申万二级行业,801181,5223
000403,派林生物,深圳,生物制品,申万二级行业,801152,5223
000404,长虹华意,深圳,家电零部件Ⅱ,申万二级行业,801116,5223
000407,胜利股份,深圳,燃气Ⅱ,申万二级行业,801163,5223
000408,藏格矿业,深圳,农化制品,申万二级行业,801038,5223
000409,云鼎科技,深圳,IT服务Ⅱ,申万二级行业,801103,5223
000410,沈阳机床,深圳,通用设备,申万二级行业,801072,5223
000411,英特集团,深圳,医药商业,申万二级行业,801154,5223
000415,渤海租赁,深圳,多元金融,申万二级行业,801191,5223
000417,合百集团,深圳,一般零售,申万二级行业,801203,5223
000419,通程控股,深圳,一般零售,申万二级行业,801203,5223
000420,吉林化纤,深圳,化学纤维,申万二级行业,801032,5223
000421,南京公用,深圳,综合Ⅱ,申万二级行业,801231,5223
000422,湖北宜化,深圳,农化制品,申万二级行业,801038,5223
000423,东阿阿胶,深圳,中药Ⅱ,申万二级行业,801155,5223
000425,徐工机械,深圳,工程机械,申万二级行业,801077,5223
000426,兴业银锡,深圳,工业金属,申万二级行业,801055,5223
000428,华天酒店,深圳,酒店餐饮,申万二级行业,801219,5223
000429,粤高速Ａ,深圳,铁路公路,申万二级行业,801179,5223
000430,张家界,深圳,旅游及景区,申万二级行业,801993,5223
000498,山东路桥,深圳,基础建设,申万二级行业,801723,5223
000501,武商集团,深圳,一般零售,申万二级行业,801203,5223
000503,国新健康,深圳,软件开发,申万二级行业,801104,5223
000504,南华生物,深圳,医疗服务,申万二级行业,801156,5223
000505,京粮控股,深圳,农产品加工,申万二级行业,801012,5223
000506,招金黄金,深圳,贵金属,申万二级行业,801053,5223
000507,珠海港,深圳,电力,申万二级行业,801161,5223
000509,华塑控股,深圳,光学光电子,申万二级行业,801084,5223
000510,新金路,深圳,化学原料,申万二级行业,801033,5223
000513,丽珠集团,深圳,化学制药,申万二级行业,801151,5223
000514,渝 开 发,深圳,房地产开发,申万二级行业,801181,5223
000516,国际医学,深圳,医疗服务,申万二级行业,801156,5223
000517,荣安地产,深圳,房地产开发,申万二级行业,801181,5223
000518,四环生物,深圳,生物制品,申万二级行业,801152,5223
000519,中兵红箭,深圳,地面兵装Ⅱ,申万二级行业,801743,5223
000520,凤凰航运,深圳,航运港口,申万二级行业,801992,5223
000521,长虹美菱,深圳,白色家电,申万二级行业,801111,5223
000523,红棉股份,深圳,综合Ⅱ,申万二级行业,801231,5223
000524,岭南控股,深圳,旅游及景区,申万二级行业,801993,5223
000525,红太阳,深圳,农化制品,申万二级行业,801038,5223
000526,学大教育,深圳,教育,申万二级行业,801994,5223
000528,柳    工,深圳,工程机械,申万二级行业,801077,5223
000529,广弘控股,深圳,食品加工,申万二级行业,801124,5223
000530,冰山冷热,深圳,通用设备,申万二级行业,801072,5223
000531,穗恒运Ａ,深圳,电力,申万二级行业,801161,5223
000532,华金资本,深圳,多元金融,申万二级行业,801191,5223
000533,顺钠股份,深圳,电网设备,申万二级行业,801738,5223
000534,万泽股份,深圳,生物制品,申万二级行业,801152,5223
000536,华映科技,深圳,光学光电子,申万二级行业,801084,5223
000537,绿发电力,深圳,电力,申万二级行业,801161,5223
000538,云南白药,深圳,中药Ⅱ,申万二级行业,801155,5223
000539,粤电力Ａ,深圳,电力,申万二级行业,801161,5223
000541,佛山照明,深圳,照明设备Ⅱ,申万二级行业,801115,5223
000543,皖能电力,深圳,电力,申万二级行业,801161,5223
000544,中原环保,深圳,环境治理,申万二级行业,801971,5223
000545,金浦钛业,深圳,化学原料,申万二级行业,801033,5223
000546,金圆股份,深圳,环境治理,申万二级行业,801971,5223
000547,航天发展,深圳,军工电子Ⅱ,申万二级行业,801745,5223
000548,湖南投资,深圳,铁路公路,申万二级行业,801179,5223
000550,江铃汽车,深圳,商用车,申万二级行业,801096,5223
000551,创元科技,深圳,环保设备Ⅱ,申万二级行业,801972,5223
000552,甘肃能化,深圳,煤炭开采,申万二级行业,801951,5223
000553,安道麦A,深圳,农化制品,申万二级行业,801038,5223
000554,泰山石油,深圳,炼化及贸易,申万二级行业,801963,5223
000555,神州信息,深圳,IT服务Ⅱ,申万二级行业,801103,5223
000557,西部创业,深圳,铁路公路,申万二级行业,801179,5223
000558,天府文旅,深圳,旅游及景区,申万二级行业,801993,5223
000559,万向钱潮,深圳,汽车零部件,申万二级行业,801093,5223
000560,我爱我家,深圳,房地产服务,申万二级行业,801183,5223
000561,烽火电子,深圳,航空装备Ⅱ,申万二级行业,801742,5223
000563,陕国投Ａ,深圳,多元金融,申万二级行业,801191,5223
000564,供销大集,深圳,一般零售,申万二级行业,801203,5223
000565,渝三峡Ａ,深圳,化学制品,申万二级行业,801034,5223
000566,海南海药,深圳,化学制药,申万二级行业,801151,5223
000567,海德股份,深圳,多元金融,申万二级行业,801191,5223
000568,泸州老窖,深圳,白酒Ⅱ,申万二级行业,801125,5223
000570,苏常柴Ａ,深圳,汽车零部件,申万二级行业,801093,5223
000571,新大洲A,深圳,煤炭开采,申万二级行业,801951,5223
000572,海马汽车,深圳,乘用车,申万二级行业,801095,5223
000573,粤宏远Ａ,深圳,房地产开发,申万二级行业,801181,5223
000576,甘化科工,深圳,地面兵装Ⅱ,申万二级行业,801743,5223
000581,威孚高科,深圳,汽车零部件,申万二级行业,801093,5223
000582,北部湾港,深圳,航运港口,申万二级行业,801992,5223
000586,汇源通信,深圳,通信设备,申万二级行业,801102,5223
000589,贵州轮胎,深圳,汽车零部件,申万二级行业,801093,5223
000590,古汉医药,深圳,中药Ⅱ,申万二级行业,801155,5223
000591,太阳能,深圳,电力,申万二级行业,801161,5223
000592,平潭发展,深圳,未分类,缺失,,5223
000593,德龙汇能,深圳,燃气Ⅱ,申万二级行业,801163,5223
000595,新能股份,深圳,电力,申万二级行业,801161,5223
000596,古井贡酒,深圳,白酒Ⅱ,申万二级行业,801125,5223
000597,东北制药,深圳,化学制药,申万二级行业,801151,5223
000598,兴蓉环境,深圳,环境治理,申万二级行业,801971,5223
000599,青岛双星,深圳,汽车零部件,申万二级行业,801093,5223
000600,建投能源,深圳,电力,申万二级行业,801161,5223
000601,韶能股份,深圳,电力,申万二级行业,801161,5223
000603,盛达资源,深圳,工业金属,申万二级行业,801055,5223
000605,渤海股份,深圳,环境治理,申万二级行业,801971,5223
000607,华媒控股,深圳,广告营销,申万二级行业,801765,5223
000608,阳光股份,深圳,房地产开发,申万二级行业,801181,5223
000612,焦作万方,深圳,工业金属,申万二级行业,801055,5223
000617,中油资本,深圳,多元金融,申万二级行业,801191,5223
000619,海螺新材,深圳,装修建材,申万二级行业,801713,5223
000620,盈新发展,深圳,房地产开发,申万二级行业,801181,5223
000623,吉林敖东,深圳,中药Ⅱ,申万二级行业,801155,5223
000625,长安汽车,深圳,乘用车,申万二级行业,801095,5223
000626,远大控股,深圳,物流,申万二级行业,801178,5223
000628,高新发展,深圳,房屋建设Ⅱ,申万二级行业,801721,5223
000629,钒钛股份,深圳,冶钢原料,申万二级行业,801043,5223
000630,铜陵有色,深圳,工业金属,申万二级行业,801055,5223
000631,顺发恒能,深圳,电力,申万二级行业,801161,5223
000633,合金投资,深圳,金属新材料,申万二级行业,801051,5223
000635,英 力 特,深圳,化学原料,申万二级行业,801033,5223
000636,风华高科,深圳,元件,申万二级行业,801083,5223
000637,茂化实华,深圳,炼化及贸易,申万二级行业,801963,5223
000650,仁和药业,深圳,中药Ⅱ,申万二级行业,801155,5223
000651,格力电器,深圳,白色家电,申万二级行业,801111,5223
000652,泰达股份,深圳,综合Ⅱ,申万二级行业,801231,5223
000655,金岭矿业,深圳,冶钢原料,申万二级行业,801043,5223
000656,金科股份,深圳,房地产开发,申万二级行业,801181,5223
000657,中钨高新,深圳,小金属,申万二级行业,801054,5223
000659,珠海中富,深圳,包装印刷,申万二级行业,801141,5223
000661,长春高新,深圳,生物制品,申万二级行业,801152,5223
000663,永安林业,深圳,未分类,缺失,,5223
000665,湖北广电,深圳,电视广播Ⅱ,申万二级行业,801995,5223
000668,荣丰控股,深圳,房地产开发,申万二级行业,801181,5223
000670,盈方微,深圳,其他电子Ⅱ,申万二级行业,801082,5223
000672,上峰材料,深圳,水泥,申万二级行业,801711,5223
000676,智度股份,深圳,广告营销,申万二级行业,801765,5223
000678,襄阳轴承,深圳,汽车零部件,申万二级行业,801093,5223
000679,大连友谊,深圳,一般零售,申万二级行业,801203,5223
000680,山推股份,深圳,工程机械,申万二级行业,801077,5223
000681,视觉中国,深圳,数字媒体,申万二级行业,801767,5223
000682,东方电子,深圳,电网设备,申万二级行业,801738,5223
000683,博源化工,深圳,化学原料,申万二级行业,801033,5223
000685,中山公用,深圳,环境治理,申万二级行业,801971,5223
000686,东北证券,深圳,证券Ⅱ,申万二级行业,801193,5223
000688,国城矿业,深圳,小金属,申万二级行业,801054,5223
000690,宝新能源,深圳,电力,申万二级行业,801161,5223
000691,亚太实业,深圳,化学原料,申万二级行业,801033,5223
000692,惠天热电,深圳,电力,申万二级行业,801161,5223
000695,滨海能源,深圳,电池,申万二级行业,801737,5223
000697,炼石航空,深圳,航空装备Ⅱ,申万二级行业,801742,5223
000700,模塑科技,深圳,汽车零部件,申万二级行业,801093,5223
000701,厦门信达,深圳,贸易Ⅱ,申万二级行业,801202,5223
000702,正虹科技,深圳,饲料,申万二级行业,801014,5223
000703,恒逸石化,深圳,炼化及贸易,申万二级行业,801963,5223
000705,浙江震元,深圳,医药商业,申万二级行业,801154,5223
000707,双环科技,深圳,化学原料,申万二级行业,801033,5223
000708,中信特钢,深圳,特钢Ⅱ,申万二级行业,801045,5223
000709,河钢股份,深圳,普钢,申万二级行业,801044,5223
000710,贝瑞基因,深圳,医疗服务,申万二级行业,801156,5223
000711,京蓝科技,深圳,环境治理,申万二级行业,801971,5223
000712,锦龙股份,深圳,证券Ⅱ,申万二级行业,801193,5223
000713,国投丰乐,深圳,种植业,申万二级行业,801016,5223
000715,中兴商业,深圳,一般零售,申万二级行业,801203,5223
000716,黑芝麻,深圳,休闲食品,申万二级行业,801128,5223
000717,中南股份,深圳,普钢,申万二级行业,801044,5223
000718,苏宁环球,深圳,房地产开发,申万二级行业,801181,5223
000719,中原传媒,深圳,出版,申万二级行业,801769,5223
000720,新能泰山,深圳,电网设备,申万二级行业,801738,5223
000721,西安饮食,深圳,酒店餐饮,申万二级行业,801219,5223
000722,湖南发展,深圳,电力,申万二级行业,801161,5223
000723,美锦能源,深圳,焦炭Ⅱ,申万二级行业,801952,5223
000725,京东方Ａ,深圳,光学光电子,申万二级行业,801084,5223
000726,鲁  泰Ａ,深圳,纺织制造,申万二级行业,801131,5223
000727,冠捷科技,深圳,光学光电子,申万二级行业,801084,5223
000728,国元证券,深圳,证券Ⅱ,申万二级行业,801193,5223
000729,燕京啤酒,深圳,非白酒,申万二级行业,801126,5223
000731,四川美丰,深圳,农化制品,申万二级行业,801038,5223
000733,振华科技,深圳,军工电子Ⅱ,申万二级行业,801745,5223
000735,罗 牛 山,深圳,养殖业,申万二级行业,801017,5223
000736,中交发展,深圳,房地产开发,申万二级行业,801181,5223
000737,北方铜业,深圳,工业金属,申万二级行业,801055,5223
000738,航发控制,深圳,航空装备Ⅱ,申万二级行业,801742,5223
000739,普洛药业,深圳,化学制药,申万二级行业,801151,5223
000750,国海证券,深圳,证券Ⅱ,申万二级行业,801193,5223
000751,锌业股份,深圳,工业金属,申万二级行业,801055,5223
000753,漳州发展,深圳,综合Ⅱ,申万二级行业,801231,5223
000755,山西高速,深圳,铁路公路,申万二级行业,801179,5223
000756,新华制药,深圳,化学制药,申万二级行业,801151,5223
000757,浩物股份,深圳,汽车服务,申万二级行业,801092,5223
000758,中色股份,深圳,工业金属,申万二级行业,801055,5223
000759,中百集团,深圳,一般零售,申万二级行业,801203,5223
000761,本钢板材,深圳,普钢,申万二级行业,801044,5223
000762,西藏矿业,深圳,能源金属,申万二级行业,801056,5223
000766,通化金马,深圳,化学制药,申万二级行业,801151,5223
000767,晋控电力,深圳,电力,申万二级行业,801161,5223
000768,中航西飞,深圳,航空装备Ⅱ,申万二级行业,801742,5223
000776,广发证券,深圳,证券Ⅱ,申万二级行业,801193,5223
000777,中核科技,深圳,通用设备,申万二级行业,801072,5223
000778,新兴铸管,深圳,普钢,申万二级行业,801044,5223
000779,甘咨询,深圳,工程咨询服务Ⅱ,申万二级行业,801726,5223
000782,恒申新材,深圳,化学纤维,申万二级行业,801032,5223
000783,长江证券,深圳,证券Ⅱ,申万二级行业,801193,5223
000785,居然智家,深圳,一般零售,申万二级行业,801203,5223
000786,北新建材,深圳,装修建材,申万二级行业,801713,5223
000788,北大医药,深圳,化学制药,申万二级行业,801151,5223
000789,万年青,深圳,水泥,申万二级行业,801711,5223
000790,华神科技,深圳,中药Ⅱ,申万二级行业,801155,5223
000791,甘肃能源,深圳,电力,申万二级行业,801161,5223
000792,盐湖股份,深圳,农化制品,申万二级行业,801038,5223
000795,英洛华,深圳,金属新材料,申万二级行业,801051,5223
000796,凯撒旅业,深圳,旅游及景区,申万二级行业,801993,5223
000797,中国武夷,深圳,房地产开发,申万二级行业,801181,5223
000798,中水渔业,深圳,渔业,申万二级行业,801015,5223
000799,酒鬼酒,深圳,白酒Ⅱ,申万二级行业,801125,5223
000800,一汽解放,深圳,商用车,申万二级行业,801096,5223
000801,四川九洲,深圳,黑色家电,申万二级行业,801112,5223
000802,北京文化,深圳,影视院线,申万二级行业,801766,5223
000803,山高环能,深圳,环境治理,申万二级行业,801971,5223
000807,云铝股份,深圳,工业金属,申万二级行业,801055,5223
000809,和展能源,深圳,风电设备,申万二级行业,801736,5223
000810,创维数字,深圳,黑色家电,申万二级行业,801112,5223
000811,冰轮环境,深圳,通用设备,申万二级行业,801072,5223
000812,陕西金叶,深圳,包装印刷,申万二级行业,801141,5223
000813,德展健康,深圳,化学制药,申万二级行业,801151,5223
000815,美利云,深圳,IT服务Ⅱ,申万二级行业,801103,5223
000816,智慧农业,深圳,汽车零部件,申万二级行业,801093,5223
000818,航锦科技,深圳,化学原料,申万二级行业,801033,5223
000819,岳阳兴长,深圳,炼化及贸易,申万二级行业,801963,5223
000820,神雾节能,深圳,环保设备Ⅱ,申万二级行业,801972,5223
000822,山东海化,深圳,化学原料,申万二级行业,801033,5223
000823,超声电子,深圳,元件,申万二级行业,801083,5223
000825,太钢不锈,深圳,特钢Ⅱ,申万二级行业,801045,5223
000828,东莞控股,深圳,铁路公路,申万二级行业,801179,5223
000829,天音控股,深圳,专业连锁Ⅱ,申万二级行业,801204,5223
000830,鲁西化工,深圳,化学原料,申万二级行业,801033,5223
000831,中国稀土,深圳,小金属,申万二级行业,801054,5223
000833,粤桂股份,深圳,综合Ⅱ,申万二级行业,801231,5223
000837,秦川机床,深圳,通用设备,申万二级行业,801072,5223
000839,国安股份,深圳,通信服务,申万二级行业,801223,5223
000848,承德露露,深圳,饮料乳品,申万二级行业,801127,5223
000850,华茂股份,深圳,纺织制造,申万二级行业,801131,5223
000852,石化机械,深圳,专用设备,申万二级行业,801074,5223
000856,冀东装备,深圳,专用设备,申万二级行业,801074,5223
000858,五 粮 液,深圳,白酒Ⅱ,申万二级行业,801125,5223
000859,国风新材,深圳,塑料,申万二级行业,801036,5223
000860,顺鑫农业,深圳,白酒Ⅱ,申万二级行业,801125,5223
000862,银星能源,深圳,电力,申万二级行业,801161,5223
000863,三湘印象,深圳,房地产开发,申万二级行业,801181,5223
000868,安凯客车,深圳,商用车,申万二级行业,801096,5223
000869,张  裕Ａ,深圳,非白酒,申万二级行业,801126,5223
000875,电投绿能,深圳,电力,申万二级行业,801161,5223
000876,新 希 望,深圳,饲料,申万二级行业,801014,5223
000877,天山股份,深圳,水泥,申万二级行业,801711,5223
000878,云南铜业,深圳,工业金属,申万二级行业,801055,5223
000880,潍柴重机,深圳,通用设备,申万二级行业,801072,5223
000881,中广核技,深圳,化学制品,申万二级行业,801034,5223
000882,华联股份,深圳,一般零售,申万二级行业,801203,5223
000883,湖北能源,深圳,电力,申万二级行业,801161,5223
000885,城发环境,深圳,环境治理,申万二级行业,801971,5223
000886,海南高速,深圳,铁路公路,申万二级行业,801179,5223
000887,中鼎股份,深圳,汽车零部件,申万二级行业,801093,5223
000888,峨眉山Ａ,深圳,旅游及景区,申万二级行业,801993,5223
000889,中嘉博创,深圳,通信服务,申万二级行业,801223,5223
000890,法尔胜,深圳,环保设备Ⅱ,申万二级行业,801972,5223
000892,欢瑞世纪,深圳,影视院线,申万二级行业,801766,5223
000893,亚钾国际,深圳,农化制品,申万二级行业,801038,5223
000895,双汇发展,深圳,食品加工,申万二级行业,801124,5223
000897,津滨发展,深圳,房地产开发,申万二级行业,801181,5223
000898,鞍钢股份,深圳,普钢,申万二级行业,801044,5223
000899,赣能股份,深圳,电力,申万二级行业,801161,5223
000900,现代投资,深圳,铁路公路,申万二级行业,801179,5223
000901,航天科技,深圳,汽车零部件,申万二级行业,801093,5223
000902,新洋丰,深圳,农化制品,申万二级行业,801038,5223
000905,厦门港务,深圳,航运港口,申万二级行业,801992,5223
000906,浙商中拓,深圳,物流,申万二级行业,801178,5223
000908,石药景峰,深圳,化学制药,申万二级行业,801151,5223
000910,大亚圣象,深圳,家居用品,申万二级行业,801142,5223
000912,泸天化,深圳,农化制品,申万二级行业,801038,5223
000913,钱江摩托,深圳,摩托车及其他,申万二级行业,801881,5223
000915,华特达因,深圳,化学制药,申万二级行业,801151,5223
000917,电广传媒,深圳,电视广播Ⅱ,申万二级行业,801995,5223
000919,金陵药业,深圳,化学制药,申万二级行业,801151,5223
000920,沃顿科技,深圳,塑料,申万二级行业,801036,5223
000921,海信家电,深圳,白色家电,申万二级行业,801111,5223
000922,佳电股份,深圳,电机Ⅱ,申万二级行业,801731,5223
000923,河钢资源,深圳,冶钢原料,申万二级行业,801043,5223
000925,众合科技,深圳,轨交设备Ⅱ,申万二级行业,801076,5223
000926,福星股份,深圳,房地产开发,申万二级行业,801181,5223
000927,中国铁物,深圳,轨交设备Ⅱ,申万二级行业,801076,5223
000928,中钢国际,深圳,专业工程,申万二级行业,801724,5223
000929,兰州黄河,深圳,非白酒,申万二级行业,801126,5223
000930,中粮科技,深圳,农产品加工,申万二级行业,801012,5223
000931,中 关 村,深圳,化学制药,申万二级行业,801151,5223
000932,华菱钢铁,深圳,普钢,申万二级行业,801044,5223
000933,神火股份,深圳,工业金属,申万二级行业,801055,5223
000935,四川双马,深圳,多元金融,申万二级行业,801191,5223
000936,华西股份,深圳,化学纤维,申万二级行业,801032,5223
000937,冀中能源,深圳,煤炭开采,申万二级行业,801951,5223
000938,紫光股份,深圳,IT服务Ⅱ,申万二级行业,801103,5223
000948,南天信息,深圳,软件开发,申万二级行业,801104,5223
000949,新乡化纤,深圳,化学纤维,申万二级行业,801032,5223
000950,重药控股,深圳,医药商业,申万二级行业,801154,5223
000951,中国重汽,深圳,商用车,申万二级行业,801096,5223
000952,广济药业,深圳,化学制药,申万二级行业,801151,5223
000953,中哲精化,深圳,化学制药,申万二级行业,801151,5223
000955,欣龙控股,深圳,纺织制造,申万二级行业,801131,5223
000957,中通客车,深圳,商用车,申万二级行业,801096,5223
000958,电投产融,深圳,电力,申万二级行业,801161,5223
000959,首钢股份,深圳,普钢,申万二级行业,801044,5223
000960,锡业股份,深圳,小金属,申万二级行业,801054,5223
000962,东方钽业,深圳,小金属,申万二级行业,801054,5223
000963,华东医药,深圳,化学制药,申万二级行业,801151,5223
000965,天保基建,深圳,房地产开发,申万二级行业,801181,5223
000966,长源电力,深圳,电力,申万二级行业,801161,5223
000967,盈峰环境,深圳,环保设备Ⅱ,申万二级行业,801972,5223
000968,蓝焰控股,深圳,未分类,缺失,,5223
000969,安泰科技,深圳,金属新材料,申万二级行业,801051,5223
000970,中科三环,深圳,金属新材料,申万二级行业,801051,5223
000972,中基健康,深圳,农产品加工,申万二级行业,801012,5223
000973,佛塑科技,深圳,塑料,申万二级行业,801036,5223
000975,山金国际,深圳,贵金属,申万二级行业,801053,5223
000977,浪潮信息,深圳,计算机设备,申万二级行业,801101,5223
000978,桂林旅游,深圳,旅游及景区,申万二级行业,801993,5223
000980,众泰汽车,深圳,汽车零部件,申万二级行业,801093,5223
000981,山子高科,深圳,汽车零部件,申万二级行业,801093,5223
000983,山西焦煤,深圳,煤炭开采,申万二级行业,801951,5223
000985,大庆华科,深圳,炼化及贸易,申万二级行业,801963,5223
000987,越秀资本,深圳,多元金融,申万二级行业,801191,5223
000988,华工科技,深圳,自动化设备,申万二级行业,801078,5223
000989,九芝堂,深圳,中药Ⅱ,申万二级行业,801155,5223
000990,诚志股份,深圳,化学原料,申万二级行业,801033,5223
000993,闽东电力,深圳,电力,申万二级行业,801161,5223
000995,皇台酒业,深圳,白酒Ⅱ,申万二级行业,801125,5223
000997,新 大 陆,深圳,计算机设备,申万二级行业,801101,5223
000998,隆平高科,深圳,种植业,申万二级行业,801016,5223
000999,华润三九,深圳,中药Ⅱ,申万二级行业,801155,5223
001201,东瑞股份,深圳,养殖业,申万二级行业,801017,5223
001202,炬申股份,深圳,物流,申万二级行业,801178,5223
001203,大中矿业,深圳,冶钢原料,申万二级行业,801043,5223
001205,盛航股份,深圳,航运港口,申万二级行业,801992,5223
001206,依依股份,深圳,个护用品,申万二级行业,801981,5223
001207,联科科技,深圳,橡胶,申万二级行业,801037,5223
001208,华菱线缆,深圳,电网设备,申万二级行业,801738,5223
001209,洪兴股份,深圳,服装家纺,申万二级行业,801132,5223
001210,金房能源,深圳,电力,申万二级行业,801161,5223
001211,双枪科技,深圳,家居用品,申万二级行业,801142,5223
001212,中旗新材,深圳,装修建材,申万二级行业,801713,5223
001213,中铁特货,深圳,铁路公路,申万二级行业,801179,5223
001215,千味央厨,深圳,食品加工,申万二级行业,801124,5223
001216,华瓷股份,深圳,家居用品,申万二级行业,801142,5223
001217,华尔泰,深圳,化学原料,申万二级行业,801033,5223
001218,丽臣实业,深圳,化学制品,申万二级行业,801034,5223
001219,青岛食品,深圳,休闲食品,申万二级行业,801128,5223
001220,世盟股份,深圳,物流,申万二级行业,801178,5223
001221,悍高集团,深圳,家居用品,申万二级行业,801142,5223
001222,源飞宠物,深圳,文娱用品,申万二级行业,801145,5223
001223,欧克科技,深圳,自动化设备,申万二级行业,801078,5223
001225,和泰机电,深圳,专用设备,申万二级行业,801074,5223
001226,拓山重工,深圳,工程机械,申万二级行业,801077,5223
001227,兰州银行,深圳,城商行Ⅱ,申万二级行业,801784,5223
001228,永泰运,深圳,物流,申万二级行业,801178,5223
001229,魅视科技,深圳,计算机设备,申万二级行业,801101,5223
001230,劲旅环境,深圳,环境治理,申万二级行业,801971,5223
001231,农心科技,深圳,农化制品,申万二级行业,801038,5223
001233,海安集团,深圳,汽车零部件,申万二级行业,801093,5223
001234,泰慕士,深圳,服装家纺,申万二级行业,801132,5223
001236,弘业期货,深圳,多元金融,申万二级行业,801191,5223
001237,惠康科技,深圳,通用设备,申万二级行业,801072,5223
001238,浙江正特,深圳,文娱用品,申万二级行业,801145,5223
001239,永达股份,深圳,工程机械,申万二级行业,801077,5223
001255,博菲电气,深圳,塑料,申万二级行业,801036,5223
001256,炜冈科技,深圳,专用设备,申万二级行业,801074,5223
001257,盛龙股份,深圳,小金属,申万二级行业,801054,5223
001258,立新能源,深圳,电力,申万二级行业,801161,5223
001259,利仁科技,深圳,小家电,申万二级行业,801113,5223
001260,坤泰股份,深圳,汽车零部件,申万二级行业,801093,5223
001266,宏英智能,深圳,自动化设备,申万二级行业,801078,5223
001267,汇绿生态,深圳,通信设备,申万二级行业,801102,5223
001268,联合精密,深圳,家电零部件Ⅱ,申万二级行业,801116,5223
001269,欧晶科技,深圳,光伏设备,申万二级行业,801735,5223
001270,铖昌科技,深圳,军工电子Ⅱ,申万二级行业,801745,5223
001277,速达股份,深圳,专用设备,申万二级行业,801074,5223
001278,一彬科技,深圳,汽车零部件,申万二级行业,801093,5223
001279,强邦新材,深圳,包装印刷,申万二级行业,801141,5223
001280,中国铀业,深圳,小金属,申万二级行业,801054,5223
001282,三联锻造,深圳,汽车零部件,申万二级行业,801093,5223
001283,豪鹏科技,深圳,电池,申万二级行业,801737,5223
001285,瑞立科密,深圳,汽车零部件,申万二级行业,801093,5223
001286,陕西能源,深圳,电力,申万二级行业,801161,5223
001287,中电港,深圳,其他电子Ⅱ,申万二级行业,801082,5223
001288,运机集团,深圳,专用设备,申万二级行业,801074,5223
001289,龙源电力,深圳,电力,申万二级行业,801161,5223
001296,长江材料,深圳,非金属材料Ⅱ,申万二级行业,801039,5223
001298,好上好,深圳,其他电子Ⅱ,申万二级行业,801082,5223
001299,美能能源,深圳,燃气Ⅱ,申万二级行业,801163,5223
001300,三柏硕,深圳,文娱用品,申万二级行业,801145,5223
001301,尚太科技,深圳,电池,申万二级行业,801737,5223
001306,夏厦精密,深圳,通用设备,申万二级行业,801072,5223
001308,康冠科技,深圳,光学光电子,申万二级行业,801084,5223
001309,德明利,深圳,半导体,申万二级行业,801081,5223
001311,多利科技,深圳,汽车零部件,申万二级行业,801093,5223
001312,福恩股份,深圳,纺织制造,申万二级行业,801131,5223
001313,粤海饲料,深圳,饲料,申万二级行业,801014,5223
001314,亿道信息,深圳,消费电子,申万二级行业,801085,5223
001316,润贝航科,深圳,炼化及贸易,申万二级行业,801963,5223
001317,三羊马,深圳,铁路公路,申万二级行业,801179,5223
001318,阳光乳业,深圳,饮料乳品,申万二级行业,801127,5223
001319,铭科精技,深圳,汽车零部件,申万二级行业,801093,5223
001322,箭牌家居,深圳,家居用品,申万二级行业,801142,5223
001323,慕思股份,深圳,家居用品,申万二级行业,801142,5223
001324,长青科技,深圳,轨交设备Ⅱ,申万二级行业,801076,5223
001325,元创股份,深圳,橡胶,申万二级行业,801037,5223
001326,联域股份,深圳,照明设备Ⅱ,申万二级行业,801115,5223
001328,登康口腔,深圳,个护用品,申万二级行业,801981,5223
001330,博纳影业,深圳,影视院线,申万二级行业,801766,5223
001331,胜通能源,深圳,燃气Ⅱ,申万二级行业,801163,5223
001332,锡装股份,深圳,专用设备,申万二级行业,801074,5223
001333,光华股份,深圳,塑料,申万二级行业,801036,5223
001335,信凯科技,深圳,化学制品,申万二级行业,801034,5223
001336,楚环科技,深圳,环保设备Ⅱ,申万二级行业,801972,5223
001337,四川黄金,深圳,贵金属,申万二级行业,801053,5223
001338,永顺泰,深圳,农产品加工,申万二级行业,801012,5223
001339,智微智能,深圳,计算机设备,申万二级行业,801101,5223
001356,富岭股份,深圳,家居用品,申万二级行业,801142,5223
001358,兴欣新材,深圳,化学制品,申万二级行业,801034,5223
001359,平安电工,深圳,塑料,申万二级行业,801036,5223
001360,南矿集团,深圳,专用设备,申万二级行业,801074,5223
001365,天海电子,深圳,汽车零部件,申万二级行业,801093,5223
001366,播恩集团,深圳,饲料,申万二级行业,801014,5223
001367,海森药业,深圳,化学制药,申万二级行业,801151,5223
001368,通达创智,深圳,文娱用品,申万二级行业,801145,5223
001369,双欣材料,深圳,化学纤维,申万二级行业,801032,5223
001373,翔腾新材,深圳,光学光电子,申万二级行业,801084,5223
001376,百通能源,深圳,电力,申万二级行业,801161,5223
001378,德冠新材,深圳,塑料,申万二级行业,801036,5223
001379,腾达科技,深圳,通用设备,申万二级行业,801072,5223
001380,华纬科技,深圳,汽车零部件,申万二级行业,801093,5223
001382,新亚电缆,深圳,电网设备,申万二级行业,801738,5223
001386,马可波罗,深圳,家居用品,申万二级行业,801142,5223
001387,雪祺电气,深圳,白色家电,申万二级行业,801111,5223
001388,信通电子,深圳,电网设备,申万二级行业,801738,5223
001389,广合科技,深圳,元件,申万二级行业,801083,5223
001390,古麒绒材,深圳,纺织制造,申万二级行业,801131,5223
001391,国货航,深圳,物流,申万二级行业,801178,5223
001393,维通利,深圳,电网设备,申万二级行业,801738,5223
001395,亚联机械,深圳,专用设备,申万二级行业,801074,5223
001396,誉帆科技,深圳,基础建设,申万二级行业,801723,5223
001399,惠科股份,深圳,光学光电子,申万二级行业,801084,5223
001400,江顺科技,深圳,专用设备,申万二级行业,801074,5223
001696,宗申动力,深圳,通用设备,申万二级行业,801072,5223
001872,招商港口,深圳,航运港口,申万二级行业,801992,5223
001896,豫能控股,深圳,电力,申万二级行业,801161,5223
001914,招商积余,深圳,房地产服务,申万二级行业,801183,5223
001965,招商公路,深圳,铁路公路,申万二级行业,801179,5223
001979,招商蛇口,深圳,房地产开发,申万二级行业,801181,5223
002001,新 和 成,深圳,化学制品,申万二级行业,801034,5223
002003,伟星股份,深圳,纺织制造,申万二级行业,801131,5223
002004,华邦健康,深圳,化学制药,申万二级行业,801151,5223
002005,德豪润达,深圳,小家电,申万二级行业,801113,5223
002006,精工科技,深圳,专用设备,申万二级行业,801074,5223
002007,华兰生物,深圳,生物制品,申万二级行业,801152,5223
002008,大族激光,深圳,自动化设备,申万二级行业,801078,5223
002009,天奇股份,深圳,专用设备,申万二级行业,801074,5223
002010,传化智联,深圳,物流,申万二级行业,801178,5223
002011,盾安环境,深圳,家电零部件Ⅱ,申万二级行业,801116,5223
002012,凯恩股份,深圳,造纸,申万二级行业,801143,5223
002014,永新股份,深圳,包装印刷,申万二级行业,801141,5223
002015,协鑫能科,深圳,电力,申万二级行业,801161,5223
002016,世荣兆业,深圳,房地产开发,申万二级行业,801181,5223
002017,东信和平,深圳,通信设备,申万二级行业,801102,5223
002019,亿帆医药,深圳,化学制药,申万二级行业,801151,5223
002020,京新药业,深圳,化学制药,申万二级行业,801151,5223
002021,中捷资源,深圳,专用设备,申万二级行业,801074,5223
002022,科华生物,深圳,医疗器械,申万二级行业,801153,5223
002023,海特高新,深圳,航空装备Ⅱ,申万二级行业,801742,5223
002025,航天电器,深圳,军工电子Ⅱ,申万二级行业,801745,5223
002026,山东威达,深圳,通用设备,申万二级行业,801072,5223
002027,分众传媒,深圳,广告营销,申万二级行业,801765,5223
002028,思源电气,深圳,电网设备,申万二级行业,801738,5223
002029,七 匹 狼,深圳,服装家纺,申万二级行业,801132,5223
002030,达安基因,深圳,医疗器械,申万二级行业,801153,5223
002031,巨轮智能,深圳,专用设备,申万二级行业,801074,5223
002032,苏 泊 尔,深圳,小家电,申万二级行业,801113,5223
002033,丽江股份,深圳,旅游及景区,申万二级行业,801993,5223
002034,旺能环境,深圳,环境治理,申万二级行业,801971,5223
002035,华帝股份,深圳,厨卫电器,申万二级行业,801114,5223
002036,联创电子,深圳,光学光电子,申万二级行业,801084,5223
002037,保利联合,深圳,化学制品,申万二级行业,801034,5223
002038,双鹭药业,深圳,化学制药,申万二级行业,801151,5223
002039,黔源电力,深圳,电力,申万二级行业,801161,5223
002040,南 京 港,深圳,航运港口,申万二级行业,801992,5223
002041,登海种业,深圳,种植业,申万二级行业,801016,5223
002042,华孚时尚,深圳,纺织制造,申万二级行业,801131,5223
002043,兔 宝 宝,深圳,装修建材,申万二级行业,801713,5223
002044,美年健康,深圳,医疗服务,申万二级行业,801156,5223
002045,国光电器,深圳,消费电子,申万二级行业,801085,5223
002046,国机精工,深圳,通用设备,申万二级行业,801072,5223
002047,宝鹰股份,深圳,装修装饰Ⅱ,申万二级行业,801722,5223
002048,宁波华翔,深圳,汽车零部件,申万二级行业,801093,5223
002049,紫光国微,深圳,半导体,申万二级行业,801081,5223
002050,三花智控,深圳,家电零部件Ⅱ,申万二级行业,801116,5223
002051,中工国际,深圳,专业工程,申万二级行业,801724,5223
002052,同洲电子,深圳,其他电源设备Ⅱ,申万二级行业,801733,5223
002053,云南能投,深圳,电力,申万二级行业,801161,5223
002054,德美化工,深圳,化学制品,申万二级行业,801034,5223
002056,横店东磁,深圳,光伏设备,申万二级行业,801735,5223
002057,中钢天源,深圳,专业服务,申万二级行业,801218,5223
002058,紫竹高科,深圳,电池,申万二级行业,801737,5223
002059,云南旅游,深圳,旅游及景区,申万二级行业,801993,5223
002060,广东建工,深圳,基础建设,申万二级行业,801723,5223
002061,浙江交科,深圳,基础建设,申万二级行业,801723,5223
002062,宏润建设,深圳,基础建设,申万二级行业,801723,5223
002063,远光软件,深圳,软件开发,申万二级行业,801104,5223
002064,华峰化学,深圳,化学纤维,申万二级行业,801032,5223
002065,东华软件,深圳,IT服务Ⅱ,申万二级行业,801103,5223
002066,瑞泰科技,深圳,装修建材,申万二级行业,801713,5223
002067,景兴纸业,深圳,造纸,申万二级行业,801143,5223
002068,黑猫股份,深圳,橡胶,申万二级行业,801037,5223
002069,獐子岛,深圳,渔业,申万二级行业,801015,5223
002072,凯瑞德,深圳,贸易Ⅱ,申万二级行业,801202,5223
002073,软控股份,深圳,专用设备,申万二级行业,801074,5223
002074,国轩高科,深圳,电池,申万二级行业,801737,5223
002075,沙钢股份,深圳,特钢Ⅱ,申万二级行业,801045,5223
002076,星光股份,深圳,照明设备Ⅱ,申万二级行业,801115,5223
002077,大港股份,深圳,半导体,申万二级行业,801081,5223
002078,太阳纸业,深圳,造纸,申万二级行业,801143,5223
002079,苏州固锝,深圳,光伏设备,申万二级行业,801735,5223
002080,中材科技,深圳,玻璃玻纤,申万二级行业,801712,5223
002081,金 螳 螂,深圳,装修装饰Ⅱ,申万二级行业,801722,5223
002083,孚日股份,深圳,纺织制造,申万二级行业,801131,5223
002084,海鸥住工,深圳,家居用品,申万二级行业,801142,5223
002085,万丰奥威,深圳,汽车零部件,申万二级行业,801093,5223
002086,东方海洋,深圳,农产品加工,申万二级行业,801012,5223
002088,鲁阳节能,深圳,装修建材,申万二级行业,801713,5223
002090,金智科技,深圳,电网设备,申万二级行业,801738,5223
002091,江苏国泰,深圳,贸易Ⅱ,申万二级行业,801202,5223
002092,中泰化学,深圳,化学原料,申万二级行业,801033,5223
002093,国脉科技,深圳,教育,申万二级行业,801994,5223
002094,青岛金王,深圳,化妆品,申万二级行业,801982,5223
002095,生 意 宝,深圳,数字媒体,申万二级行业,801767,5223
002096,易普力,深圳,化学制品,申万二级行业,801034,5223
002097,山河智能,深圳,工程机械,申万二级行业,801077,5223
002098,浔兴股份,深圳,纺织制造,申万二级行业,801131,5223
002099,海翔药业,深圳,化学制药,申万二级行业,801151,5223
002100,天康生物,深圳,饲料,申万二级行业,801014,5223
002101,广东鸿图,深圳,汽车零部件,申万二级行业,801093,5223
002103,广博股份,深圳,文娱用品,申万二级行业,801145,5223
002104,恒宝股份,深圳,通信设备,申万二级行业,801102,5223
002105,信隆健康,深圳,摩托车及其他,申万二级行业,801881,5223
002106,莱宝高科,深圳,光学光电子,申万二级行业,801084,5223
002107,沃华医药,深圳,中药Ⅱ,申万二级行业,801155,5223
002108,沧州明珠,深圳,塑料,申万二级行业,801036,5223
002110,三钢闽光,深圳,普钢,申万二级行业,801044,5223
002111,威海广泰,深圳,航空装备Ⅱ,申万二级行业,801742,5223
002112,三变科技,深圳,电网设备,申万二级行业,801738,5223
002114,罗平锌电,深圳,工业金属,申万二级行业,801055,5223
002115,三维通信,深圳,通信服务,申万二级行业,801223,5223
002116,中国海诚,深圳,专业工程,申万二级行业,801724,5223
002117,东港股份,深圳,包装印刷,申万二级行业,801141,5223
002119,康强电子,深圳,半导体,申万二级行业,801081,5223
002120,韵达股份,深圳,物流,申万二级行业,801178,5223
002121,科陆电子,深圳,电网设备,申万二级行业,801738,5223
002123,梦网科技,深圳,通信服务,申万二级行业,801223,5223
002124,天邦食品,深圳,养殖业,申万二级行业,801017,5223
002125,湘潭电化,深圳,电池,申万二级行业,801737,5223
002126,银轮股份,深圳,汽车零部件,申万二级行业,801093,5223
002127,南极电商,深圳,互联网电商,申万二级行业,801206,5223
002128,电投能源,深圳,煤炭开采,申万二级行业,801951,5223
002129,TCL中环,深圳,光伏设备,申万二级行业,801735,5223
002130,沃尔核材,深圳,其他电子Ⅱ,申万二级行业,801082,5223
002131,利欧股份,深圳,通用设备,申万二级行业,801072,5223
002132,恒星科技,深圳,通用设备,申万二级行业,801072,5223
002133,广宇集团,深圳,房地产开发,申万二级行业,801181,5223
002134,天津普林,深圳,元件,申万二级行业,801083,5223
002135,东南网架,深圳,专业工程,申万二级行业,801724,5223
002136,安 纳 达,深圳,化学原料,申万二级行业,801033,5223
002137,实益达,深圳,光学光电子,申万二级行业,801084,5223
002138,顺络电子,深圳,元件,申万二级行业,801083,5223
002139,拓邦股份,深圳,消费电子,申万二级行业,801085,5223
002140,东华科技,深圳,专业工程,申万二级行业,801724,5223
002141,贤丰控股,深圳,元件,申万二级行业,801083,5223
002142,宁波银行,深圳,城商行Ⅱ,申万二级行业,801784,5223
002144,宏达高科,深圳,纺织制造,申万二级行业,801131,5223
002145,钛能化学,深圳,化学原料,申万二级行业,801033,5223
002146,荣盛发展,深圳,房地产开发,申万二级行业,801181,5223
002148,北纬科技,深圳,通信服务,申万二级行业,801223,5223
002149,西部材料,深圳,小金属,申万二级行业,801054,5223
002150,正泰电源,深圳,光伏设备,申万二级行业,801735,5223
002151,北斗星通,深圳,军工电子Ⅱ,申万二级行业,801745,5223
002152,广电运通,深圳,计算机设备,申万二级行业,801101,5223
002153,石基信息,深圳,软件开发,申万二级行业,801104,5223
002154,报 喜 鸟,深圳,服装家纺,申万二级行业,801132,5223
002155,湖南黄金,深圳,贵金属,申万二级行业,801053,5223
002156,通富微电,深圳,半导体,申万二级行业,801081,5223
002157,正邦科技,深圳,养殖业,申万二级行业,801017,5223
002158,汉钟精机,深圳,通用设备,申万二级行业,801072,5223
002159,三特索道,深圳,旅游及景区,申万二级行业,801993,5223
002160,常铝股份,深圳,工业金属,申万二级行业,801055,5223
002161,远 望 谷,深圳,其他电子Ⅱ,申万二级行业,801082,5223
002162,悦心健康,深圳,家居用品,申万二级行业,801142,5223
002163,海南发展,深圳,装修装饰Ⅱ,申万二级行业,801722,5223
002164,宁波东力,深圳,通用设备,申万二级行业,801072,5223
002165,红 宝 丽,深圳,化学制品,申万二级行业,801034,5223
002166,莱茵生物,深圳,化学制品,申万二级行业,801034,5223
002167,东方锆业,深圳,小金属,申万二级行业,801054,5223
002169,智光电气,深圳,电网设备,申万二级行业,801738,5223
002170,芭田股份,深圳,农化制品,申万二级行业,801038,5223
002171,楚江新材,深圳,工业金属,申万二级行业,801055,5223
002172,澳洋健康,深圳,医疗服务,申万二级行业,801156,5223
002173,创新医疗,深圳,医疗服务,申万二级行业,801156,5223
002174,游族网络,深圳,游戏Ⅱ,申万二级行业,801764,5223
002176,江特电机,深圳,电机Ⅱ,申万二级行业,801731,5223
002177,御银股份,深圳,一般零售,申万二级行业,801203,5223
002178,延华智能,深圳,软件开发,申万二级行业,801104,5223
002179,中航光电,深圳,军工电子Ⅱ,申万二级行业,801745,5223
002180,奔图科技,深圳,计算机设备,申万二级行业,801101,5223
002181,粤 传 媒,深圳,出版,申万二级行业,801769,5223
002182,宝武镁业,深圳,小金属,申万二级行业,801054,5223
002183,怡 亚 通,深圳,贸易Ⅱ,申万二级行业,801202,5223
002184,海得控制,深圳,自动化设备,申万二级行业,801078,5223
002185,华天科技,深圳,半导体,申万二级行业,801081,5223
002186,全 聚 德,深圳,酒店餐饮,申万二级行业,801219,5223
002187,广百股份,深圳,一般零售,申万二级行业,801203,5223
002188,中天服务,深圳,房地产服务,申万二级行业,801183,5223
002189,中光学,深圳,军工电子Ⅱ,申万二级行业,801745,5223
002190,成飞集成,深圳,汽车零部件,申万二级行业,801093,5223
002191,劲嘉股份,深圳,包装印刷,申万二级行业,801141,5223
002192,融捷股份,深圳,能源金属,申万二级行业,801056,5223
002194,武汉凡谷,深圳,通信设备,申万二级行业,801102,5223
002195,岩山科技,深圳,IT服务Ⅱ,申万二级行业,801103,5223
002196,方正电机,深圳,电机Ⅱ,申万二级行业,801731,5223
002197,证通电子,深圳,计算机设备,申万二级行业,801101,5223
002199,东晶电子,深圳,元件,申万二级行业,801083,5223
002200,交投生态,深圳,基础建设,申万二级行业,801723,5223
002201,九鼎新材,深圳,玻璃玻纤,申万二级行业,801712,5223
002202,金风科技,深圳,风电设备,申万二级行业,801736,5223
002203,海亮股份,深圳,工业金属,申万二级行业,801055,5223
002204,大连重工,深圳,专用设备,申万二级行业,801074,5223
002205,国统股份,深圳,水泥,申万二级行业,801711,5223
002206,海 利 得,深圳,化学纤维,申万二级行业,801032,5223
002208,合肥城建,深圳,房地产开发,申万二级行业,801181,5223
002209,达 意 隆,深圳,专用设备,申万二级行业,801074,5223
002210,飞马国际,深圳,环境治理,申万二级行业,801971,5223
002212,天融信,深圳,软件开发,申万二级行业,801104,5223
002213,大为股份,深圳,半导体,申万二级行业,801081,5223
002214,大立科技,深圳,军工电子Ⅱ,申万二级行业,801745,5223
002215,诺 普 信,深圳,种植业,申万二级行业,801016,5223
002216,三全食品,深圳,食品加工,申万二级行业,801124,5223
002218,拓日新能,深圳,电力,申万二级行业,801161,5223
002219,新里程,深圳,医疗服务,申万二级行业,801156,5223
002221,东华能源,深圳,炼化及贸易,申万二级行业,801963,5223
002222,福晶科技,深圳,光学光电子,申万二级行业,801084,5223
002223,鱼跃医疗,深圳,医疗器械,申万二级行业,801153,5223
002224,三 力 士,深圳,橡胶,申万二级行业,801037,5223
002225,濮耐股份,深圳,装修建材,申万二级行业,801713,5223
002226,江南化工,深圳,化学制品,申万二级行业,801034,5223
002228,合兴包装,深圳,包装印刷,申万二级行业,801141,5223
002229,鸿博股份,深圳,IT服务Ⅱ,申万二级行业,801103,5223
002230,科大讯飞,深圳,软件开发,申万二级行业,801104,5223
002232,启明信息,深圳,IT服务Ⅱ,申万二级行业,801103,5223
002233,塔牌集团,深圳,水泥,申万二级行业,801711,5223
002234,民和股份,深圳,养殖业,申万二级行业,801017,5223
002235,安妮股份,深圳,造纸,申万二级行业,801143,5223
002236,大华股份,深圳,计算机设备,申万二级行业,801101,5223
002237,恒邦股份,深圳,贵金属,申万二级行业,801053,5223
002238,天威视讯,深圳,电视广播Ⅱ,申万二级行业,801995,5223
002239,奥特佳,深圳,汽车零部件,申万二级行业,801093,5223
002240,盛新锂能,深圳,能源金属,申万二级行业,801056,5223
002241,歌尔股份,深圳,消费电子,申万二级行业,801085,5223
002242,九阳股份,深圳,小家电,申万二级行业,801113,5223
002243,力合科创,深圳,专业服务,申万二级行业,801218,5223
002244,滨江集团,深圳,房地产开发,申万二级行业,801181,5223
002245,蔚蓝锂芯,深圳,电池,申万二级行业,801737,5223
002246,北化股份,深圳,化学制品,申万二级行业,801034,5223
002247,聚力文化,深圳,装修建材,申万二级行业,801713,5223
002248,华东数控,深圳,通用设备,申万二级行业,801072,5223
002249,大洋电机,深圳,电机Ⅱ,申万二级行业,801731,5223
002250,联化科技,深圳,农化制品,申万二级行业,801038,5223
002251,步步高,深圳,一般零售,申万二级行业,801203,5223
002252,上海莱士,深圳,生物制品,申万二级行业,801152,5223
002253,川大智胜,深圳,软件开发,申万二级行业,801104,5223
002254,泰和新材,深圳,化学纤维,申万二级行业,801032,5223
002255,海陆重工,深圳,其他电源设备Ⅱ,申万二级行业,801733,5223
002256,兆新股份,深圳,电力,申万二级行业,801161,5223
002258,利尔化学,深圳,农化制品,申万二级行业,801038,5223
002259,升达林业,深圳,燃气Ⅱ,申万二级行业,801163,5223
002261,拓维信息,深圳,软件开发,申万二级行业,801104,5223
002262,恩华药业,深圳,化学制药,申万二级行业,801151,5223
002263,大东南,深圳,塑料,申万二级行业,801036,5223
002264,新 华 都,深圳,广告营销,申万二级行业,801765,5223
002265,建设工业,深圳,汽车零部件,申万二级行业,801093,5223
002266,浙富控股,深圳,环境治理,申万二级行业,801971,5223
002267,陕天然气,深圳,燃气Ⅱ,申万二级行业,801163,5223
002268,电科网安,深圳,计算机设备,申万二级行业,801101,5223
002269,美邦服饰,深圳,服装家纺,申万二级行业,801132,5223
002270,华明装备,深圳,电网设备,申万二级行业,801738,5223
002271,东方雨虹,深圳,装修建材,申万二级行业,801713,5223
002272,川润股份,深圳,通用设备,申万二级行业,801072,5223
002273,水晶光电,深圳,光学光电子,申万二级行业,801084,5223
002274,华昌化工,深圳,化学原料,申万二级行业,801033,5223
002275,桂林三金,深圳,中药Ⅱ,申万二级行业,801155,5223
002276,万马股份,深圳,电网设备,申万二级行业,801738,5223
002277,友阿股份,深圳,一般零售,申万二级行业,801203,5223
002278,神开股份,深圳,专用设备,申万二级行业,801074,5223
002279,久其软件,深圳,软件开发,申万二级行业,801104,5223
002281,光迅科技,深圳,通信设备,申万二级行业,801102,5223
002282,博深股份,深圳,通用设备,申万二级行业,801072,5223
002283,天润工业,深圳,汽车零部件,申万二级行业,801093,5223
002284,亚太股份,深圳,汽车零部件,申万二级行业,801093,5223
002285,世联行,深圳,房地产服务,申万二级行业,801183,5223
002286,保龄宝,深圳,农产品加工,申万二级行业,801012,5223
002287,奇正藏药,深圳,中药Ⅱ,申万二级行业,801155,5223
002289,宇顺电子,深圳,光学光电子,申万二级行业,801084,5223
002290,禾盛新材,深圳,家电零部件Ⅱ,申万二级行业,801116,5223
002291,遥望科技,深圳,广告营销,申万二级行业,801765,5223
002292,奥飞娱乐,深圳,影视院线,申万二级行业,801766,5223
002293,罗莱生活,深圳,服装家纺,申万二级行业,801132,5223
002294,信立泰,深圳,化学制药,申万二级行业,801151,5223
002295,精艺股份,深圳,工业金属,申万二级行业,801055,5223
002296,辉煌科技,深圳,通信设备,申万二级行业,801102,5223
002297,博云新材,深圳,航空装备Ⅱ,申万二级行业,801742,5223
002298,中电鑫龙,深圳,软件开发,申万二级行业,801104,5223
002299,圣农发展,深圳,养殖业,申万二级行业,801017,5223
002300,太阳电缆,深圳,电网设备,申万二级行业,801738,5223
002301,齐心集团,深圳,文娱用品,申万二级行业,801145,5223
002302,西部建设,深圳,水泥,申万二级行业,801711,5223
002303,美盈森,深圳,包装印刷,申万二级行业,801141,5223
002304,洋河股份,深圳,白酒Ⅱ,申万二级行业,801125,5223
002307,北新路桥,深圳,基础建设,申万二级行业,801723,5223
002309,中利集团,深圳,电网设备,申万二级行业,801738,5223
002310,东方新能,深圳,电力,申万二级行业,801161,5223
002311,海大集团,深圳,饲料,申万二级行业,801014,5223
002312,川发龙蟒,深圳,农化制品,申万二级行业,801038,5223
002313,日海智能,深圳,通信设备,申万二级行业,801102,5223
002314,南山控股,深圳,房地产开发,申万二级行业,801181,5223
002315,焦点科技,深圳,互联网电商,申万二级行业,801206,5223
002316,亚联发展,深圳,综合Ⅱ,申万二级行业,801231,5223
002317,众生药业,深圳,中药Ⅱ,申万二级行业,801155,5223
002318,久立特材,深圳,特钢Ⅱ,申万二级行业,801045,5223
002319,乐通股份,深圳,化学制品,申万二级行业,801034,5223
002320,海峡股份,深圳,航运港口,申万二级行业,801992,5223
002321,华英农业,深圳,养殖业,申万二级行业,801017,5223
002322,理工能科,深圳,软件开发,申万二级行业,801104,5223
002324,普利特,深圳,塑料,申万二级行业,801036,5223
002326,永太科技,深圳,化学制品,申万二级行业,801034,5223
002327,富安娜,深圳,服装家纺,申万二级行业,801132,5223
002328,新朋股份,深圳,汽车零部件,申万二级行业,801093,5223
002329,皇氏集团,深圳,饮料乳品,申万二级行业,801127,5223
002330,得利斯,深圳,食品加工,申万二级行业,801124,5223
002331,皖通科技,深圳,IT服务Ⅱ,申万二级行业,801103,5223
002332,仙琚制药,深圳,化学制药,申万二级行业,801151,5223
002333,罗普斯金,深圳,装修建材,申万二级行业,801713,5223
002334,英威腾,深圳,自动化设备,申万二级行业,801078,5223
002335,科华数据,深圳,其他电源设备Ⅱ,申万二级行业,801733,5223
002337,赛象科技,深圳,专用设备,申万二级行业,801074,5223
002338,奥普光电,深圳,军工电子Ⅱ,申万二级行业,801745,5223
002339,积成电子,深圳,电网设备,申万二级行业,801738,5223
002340,格林美,深圳,电池,申万二级行业,801737,5223
002342,巨力索具,深圳,通用设备,申万二级行业,801072,5223
002343,慈文传媒,深圳,影视院线,申万二级行业,801766,5223
002344,海宁皮城,深圳,一般零售,申万二级行业,801203,5223
002345,潮宏基,深圳,饰品,申万二级行业,801133,5223
002346,柘中股份,深圳,电网设备,申万二级行业,801738,5223
002347,泰尔股份,深圳,通用设备,申万二级行业,801072,5223
002348,高乐股份,深圳,文娱用品,申万二级行业,801145,5223
002349,精华制药,深圳,中药Ⅱ,申万二级行业,801155,5223
002350,北京科锐,深圳,电网设备,申万二级行业,801738,5223
002351,漫步者,深圳,消费电子,申万二级行业,801085,5223
002352,顺丰控股,深圳,物流,申万二级行业,801178,5223
002353,杰瑞股份,深圳,专用设备,申万二级行业,801074,5223
002354,天娱数科,深圳,广告营销,申万二级行业,801765,5223
002355,兴民智通,深圳,汽车零部件,申万二级行业,801093,5223
002356,鹏飞绿能,深圳,一般零售,申万二级行业,801203,5223
002357,富临运业,深圳,铁路公路,申万二级行业,801179,5223
002358,森源电气,深圳,电网设备,申万二级行业,801738,5223
002361,神剑股份,深圳,塑料,申万二级行业,801036,5223
002362,汉王科技,深圳,软件开发,申万二级行业,801104,5223
002363,隆基机械,深圳,汽车零部件,申万二级行业,801093,5223
002364,中恒电气,深圳,其他电源设备Ⅱ,申万二级行业,801733,5223
002365,永安药业,深圳,化学制药,申万二级行业,801151,5223
002366,融发核电,深圳,其他电源设备Ⅱ,申万二级行业,801733,5223
002367,康力电梯,深圳,专用设备,申万二级行业,801074,5223
002368,太极股份,深圳,IT服务Ⅱ,申万二级行业,801103,5223
002369,卓翼科技,深圳,消费电子,申万二级行业,801085,5223
002370,亚太药业,深圳,化学制药,申万二级行业,801151,5223
002371,北方华创,深圳,半导体,申万二级行业,801081,5223
002372,伟星新材,深圳,装修建材,申万二级行业,801713,5223
002373,千方科技,深圳,IT服务Ⅱ,申万二级行业,801103,5223
002374,中锐股份,深圳,包装印刷,申万二级行业,801141,5223
002375,亚厦股份,深圳,装修装饰Ⅱ,申万二级行业,801722,5223
002376,新北洋,深圳,计算机设备,申万二级行业,801101,5223
002377,国创高新,深圳,炼化及贸易,申万二级行业,801963,5223
002378,章源钨业,深圳,小金属,申万二级行业,801054,5223
002379,宏桥控股,深圳,工业金属,申万二级行业,801055,5223
002380,科远智慧,深圳,IT服务Ⅱ,申万二级行业,801103,5223
002381,双箭股份,深圳,橡胶,申万二级行业,801037,5223
002382,蓝帆医疗,深圳,医疗器械,申万二级行业,801153,5223
002383,合众思壮,深圳,军工电子Ⅱ,申万二级行业,801745,5223
002384,东山精密,深圳,元件,申万二级行业,801083,5223
002385,大北农,深圳,饲料,申万二级行业,801014,5223
002386,天原股份,深圳,化学原料,申万二级行业,801033,5223
002387,维信诺,深圳,光学光电子,申万二级行业,801084,5223
002388,新亚制程,深圳,其他电子Ⅱ,申万二级行业,801082,5223
002389,航天彩虹,深圳,航空装备Ⅱ,申万二级行业,801742,5223
002390,信邦制药,深圳,中药Ⅱ,申万二级行业,801155,5223
002391,长青股份,深圳,农化制品,申万二级行业,801038,5223
002392,北京利尔,深圳,装修建材,申万二级行业,801713,5223
002393,力生制药,深圳,化学制药,申万二级行业,801151,5223
002394,联发股份,深圳,纺织制造,申万二级行业,801131,5223
002395,双象股份,深圳,塑料,申万二级行业,801036,5223
002396,星网锐捷,深圳,通信设备,申万二级行业,801102,5223
002397,梦洁股份,深圳,服装家纺,申万二级行业,801132,5223
002398,垒知集团,深圳,装修建材,申万二级行业,801713,5223
002399,海普瑞,深圳,化学制药,申万二级行业,801151,5223
002400,省广集团,深圳,广告营销,申万二级行业,801765,5223
002401,中远海科,深圳,IT服务Ⅱ,申万二级行业,801103,5223
002402,和而泰,深圳,消费电子,申万二级行业,801085,5223
002403,爱仕达,深圳,小家电,申万二级行业,801113,5223
002404,嘉欣丝绸,深圳,服装家纺,申万二级行业,801132,5223
002405,四维图新,深圳,软件开发,申万二级行业,801104,5223
002406,远东传动,深圳,汽车零部件,申万二级行业,801093,5223
002407,多氟多,深圳,化学制品,申万二级行业,801034,5223
002408,齐翔腾达,深圳,炼化及贸易,申万二级行业,801963,5223
002409,雅克科技,深圳,半导体,申万二级行业,801081,5223
002410,广联达,深圳,软件开发,申万二级行业,801104,5223
002412,汉森制药,深圳,中药Ⅱ,申万二级行业,801155,5223
002413,雷科防务,深圳,军工电子Ⅱ,申万二级行业,801745,5223
002414,高德红外,深圳,军工电子Ⅱ,申万二级行业,801745,5223
002415,海康威视,深圳,计算机设备,申万二级行业,801101,5223
002416,爱施德,深圳,专业连锁Ⅱ,申万二级行业,801204,5223
002418,康盛股份,深圳,家电零部件Ⅱ,申万二级行业,801116,5223
002419,天虹股份,深圳,一般零售,申万二级行业,801203,5223
002420,毅昌科技,深圳,综合Ⅱ,申万二级行业,801231,5223
002421,达实智能,深圳,IT服务Ⅱ,申万二级行业,801103,5223
002422,科伦药业,深圳,化学制药,申万二级行业,801151,5223
002423,中粮资本,深圳,多元金融,申万二级行业,801191,5223
002425,凯撒文化,深圳,游戏Ⅱ,申万二级行业,801764,5223
002426,胜利精密,深圳,消费电子,申万二级行业,801085,5223
002427,尤夫股份,深圳,化学纤维,申万二级行业,801032,5223
002428,云南锗业,深圳,小金属,申万二级行业,801054,5223
002429,兆驰股份,深圳,黑色家电,申万二级行业,801112,5223
002430,杭氧股份,深圳,化学制品,申万二级行业,801034,5223
002432,九安医疗,深圳,医疗器械,申万二级行业,801153,5223
002434,万里扬,深圳,汽车零部件,申万二级行业,801093,5223
002436,兴森科技,深圳,元件,申万二级行业,801083,5223
002437,誉衡药业,深圳,化学制药,申万二级行业,801151,5223
002438,江苏神通,深圳,通用设备,申万二级行业,801072,5223
002439,启明星辰,深圳,软件开发,申万二级行业,801104,5223
002440,闰土股份,深圳,化学制品,申万二级行业,801034,5223
002441,众业达,深圳,电网设备,申万二级行业,801738,5223
002442,龙星科技,深圳,橡胶,申万二级行业,801037,5223
002443,金洲管道,深圳,特钢Ⅱ,申万二级行业,801045,5223
002444,巨星科技,深圳,通用设备,申万二级行业,801072,5223
002445,中南文化,深圳,通用设备,申万二级行业,801072,5223
002446,盛路通信,深圳,军工电子Ⅱ,申万二级行业,801745,5223
002448,中原内配,深圳,汽车零部件,申万二级行业,801093,5223
002449,国星光电,深圳,光学光电子,申万二级行业,801084,5223
002451,摩恩电气,深圳,电网设备,申万二级行业,801738,5223
002452,长高电气,深圳,电网设备,申万二级行业,801738,5223
002453,华软科技,深圳,化学制品,申万二级行业,801034,5223
002454,松芝股份,深圳,汽车零部件,申万二级行业,801093,5223
002455,百川股份,深圳,化学制品,申万二级行业,801034,5223
002456,欧菲光,深圳,光学光电子,申万二级行业,801084,5223
002457,青龙管业,深圳,装修建材,申万二级行业,801713,5223
002458,益生股份,深圳,养殖业,申万二级行业,801017,5223
002459,晶澳科技,深圳,光伏设备,申万二级行业,801735,5223
002460,赣锋锂业,深圳,能源金属,申万二级行业,801056,5223
002461,珠江啤酒,深圳,非白酒,申万二级行业,801126,5223
002462,嘉事堂,深圳,医药商业,申万二级行业,801154,5223
002463,沪电股份,深圳,元件,申万二级行业,801083,5223
002465,海格通信,深圳,军工电子Ⅱ,申万二级行业,801745,5223
002466,天齐锂业,深圳,能源金属,申万二级行业,801056,5223
002467,二六三,深圳,通信服务,申万二级行业,801223,5223
002468,申通快递,深圳,物流,申万二级行业,801178,5223
002469,三维化学,深圳,专业工程,申万二级行业,801724,5223
002470,金正大,深圳,农化制品,申万二级行业,801038,5223
002471,中超控股,深圳,电网设备,申万二级行业,801738,5223
002472,双环传动,深圳,汽车零部件,申万二级行业,801093,5223
002474,榕基软件,深圳,IT服务Ⅱ,申万二级行业,801103,5223
002475,立讯精密,深圳,消费电子,申万二级行业,801085,5223
002476,新叶股份,深圳,炼化及贸易,申万二级行业,801963,5223
002478,常宝股份,深圳,特钢Ⅱ,申万二级行业,801045,5223
002479,富春环保,深圳,电力,申万二级行业,801161,5223
002480,新筑股份,深圳,电力,申万二级行业,801161,5223
002481,双塔食品,深圳,农产品加工,申万二级行业,801012,5223
002482,广田集团,深圳,装修装饰Ⅱ,申万二级行业,801722,5223
002483,润邦股份,深圳,专用设备,申万二级行业,801074,5223
002484,江海股份,深圳,元件,申万二级行业,801083,5223
002486,嘉麟杰,深圳,服装家纺,申万二级行业,801132,5223
002487,大金重工,深圳,风电设备,申万二级行业,801736,5223
002488,金固股份,深圳,汽车零部件,申万二级行业,801093,5223
002489,浙江永强,深圳,家居用品,申万二级行业,801142,5223
002490,山东墨龙,深圳,专用设备,申万二级行业,801074,5223
002491,通鼎互联,深圳,通信设备,申万二级行业,801102,5223
002492,恒基达鑫,深圳,物流,申万二级行业,801178,5223
002493,荣盛石化,深圳,炼化及贸易,申万二级行业,801963,5223
002494,华斯股份,深圳,服装家纺,申万二级行业,801132,5223
002495,佳隆股份,深圳,调味发酵品Ⅱ,申万二级行业,801129,5223
002496,辉丰股份,深圳,农化制品,申万二级行业,801038,5223
002497,雅化集团,深圳,化学制品,申万二级行业,801034,5223
002498,汉缆股份,深圳,电网设备,申万二级行业,801738,5223
002500,山西证券,深圳,证券Ⅱ,申万二级行业,801193,5223
002506,协鑫集成,深圳,光伏设备,申万二级行业,801735,5223
002507,涪陵榨菜,深圳,调味发酵品Ⅱ,申万二级行业,801129,5223
002508,老板电器,深圳,厨卫电器,申万二级行业,801114,5223
002510,天汽模,深圳,汽车零部件,申万二级行业,801093,5223
002511,中顺洁柔,深圳,个护用品,申万二级行业,801981,5223
002513,蓝丰生化,深圳,农化制品,申万二级行业,801038,5223
002515,金字火腿,深圳,食品加工,申万二级行业,801124,5223
002516,旷达科技,深圳,汽车零部件,申万二级行业,801093,5223
002517,恺英网络,深圳,游戏Ⅱ,申万二级行业,801764,5223
002518,科士达,深圳,其他电源设备Ⅱ,申万二级行业,801733,5223
002519,银河电子,深圳,地面兵装Ⅱ,申万二级行业,801743,5223
002520,日发精机,深圳,通用设备,申万二级行业,801072,5223
002521,齐峰新材,深圳,造纸,申万二级行业,801143,5223
002522,浙江众成,深圳,塑料,申万二级行业,801036,5223
002523,天桥起重,深圳,专用设备,申万二级行业,801074,5223
002524,光正眼科,深圳,医疗服务,申万二级行业,801156,5223
002526,山东矿机,深圳,专用设备,申万二级行业,801074,5223
002527,新时达,深圳,专用设备,申万二级行业,801074,5223
002529,海源复材,深圳,专用设备,申万二级行业,801074,5223
002530,金财互联,深圳,专用设备,申万二级行业,801074,5223
002531,天顺风能,深圳,风电设备,申万二级行业,801736,5223
002532,天山铝业,深圳,工业金属,申万二级行业,801055,5223
002533,金杯电工,深圳,电网设备,申万二级行业,801738,5223
002534,西子洁能,深圳,其他电源设备Ⅱ,申万二级行业,801733,5223
002535,林州重机,深圳,专用设备,申万二级行业,801074,5223
002536,飞龙股份,深圳,汽车零部件,申万二级行业,801093,5223
002537,海联金汇,深圳,汽车零部件,申万二级行业,801093,5223
002539,云图控股,深圳,农化制品,申万二级行业,801038,5223
002540,亚太科技,深圳,工业金属,申万二级行业,801055,5223
002541,鸿路钢构,深圳,专业工程,申万二级行业,801724,5223
002543,万和电气,深圳,厨卫电器,申万二级行业,801114,5223
002544,普天科技,深圳,通信服务,申万二级行业,801223,5223
002545,东方铁塔,深圳,农化制品,申万二级行业,801038,5223
002546,新联电子,深圳,电网设备,申万二级行业,801738,5223
002548,金新农,深圳,饲料,申万二级行业,801014,5223
002549,凯美特气,深圳,化学制品,申万二级行业,801034,5223
002550,千红制药,深圳,化学制药,申万二级行业,801151,5223
002551,尚荣医疗,深圳,医疗器械,申万二级行业,801153,5223
002552,宝鼎科技,深圳,元件,申万二级行业,801083,5223
002553,南方精工,深圳,汽车零部件,申万二级行业,801093,5223
002554,惠博普,深圳,油服工程,申万二级行业,801962,5223
002555,三七互娱,深圳,游戏Ⅱ,申万二级行业,801764,5223
002556,辉隆股份,深圳,未分类,缺失,,5223
002557,洽洽食品,深圳,休闲食品,申万二级行业,801128,5223
002558,巨人网络,深圳,游戏Ⅱ,申万二级行业,801764,5223
002559,亚威股份,深圳,通用设备,申万二级行业,801072,5223
002560,通达股份,深圳,电网设备,申万二级行业,801738,5223
002561,徐家汇,深圳,一般零售,申万二级行业,801203,5223
002562,兄弟科技,深圳,化学制品,申万二级行业,801034,5223
002563,森马服饰,深圳,服装家纺,申万二级行业,801132,5223
002564,天沃科技,深圳,专用设备,申万二级行业,801074,5223
002565,顺灏股份,深圳,包装印刷,申万二级行业,801141,5223
002566,益盛药业,深圳,中药Ⅱ,申万二级行业,801155,5223
002567,唐人神,深圳,饲料,申万二级行业,801014,5223
002568,百润股份,深圳,非白酒,申万二级行业,801126,5223
002570,贝因美,深圳,饮料乳品,申万二级行业,801127,5223
002571,德力股份,深圳,家居用品,申万二级行业,801142,5223
002572,索菲亚,深圳,家居用品,申万二级行业,801142,5223
002573,清新环境,深圳,环境治理,申万二级行业,801971,5223
002574,明牌珠宝,深圳,饰品,申万二级行业,801133,5223
002575,群兴玩具,深圳,综合Ⅱ,申万二级行业,801231,5223
002576,通达动力,深圳,电机Ⅱ,申万二级行业,801731,5223
002577,雷柏科技,深圳,计算机设备,申万二级行业,801101,5223
002578,闽发铝业,深圳,工业金属,申万二级行业,801055,5223
002579,中京电子,深圳,元件,申万二级行业,801083,5223
002580,圣阳股份,深圳,电池,申万二级行业,801737,5223
002582,好想你,深圳,休闲食品,申万二级行业,801128,5223
002583,海能达,深圳,通信设备,申万二级行业,801102,5223
002584,西陇科学,深圳,电子化学品Ⅱ,申万二级行业,801086,5223
002585,双星新材,深圳,塑料,申万二级行业,801036,5223
002586,围海股份,深圳,基础建设,申万二级行业,801723,5223
002587,奥拓电子,深圳,光学光电子,申万二级行业,801084,5223
002588,史丹利,深圳,农化制品,申万二级行业,801038,5223
002589,瑞康医药,深圳,医药商业,申万二级行业,801154,5223
002590,万安科技,深圳,汽车零部件,申万二级行业,801093,5223
002591,恒大高新,深圳,化学制品,申万二级行业,801034,5223
002593,日上集团,深圳,专业工程,申万二级行业,801724,5223
002594,比亚迪,深圳,乘用车,申万二级行业,801095,5223
002595,豪迈科技,深圳,专用设备,申万二级行业,801074,5223
002596,海南瑞泽,深圳,水泥,申万二级行业,801711,5223
002597,金禾实业,深圳,化学制品,申万二级行业,801034,5223
002599,盛通股份,深圳,包装印刷,申万二级行业,801141,5223
002600,领益智造,深圳,消费电子,申万二级行业,801085,5223
002601,龙佰集团,深圳,化学原料,申万二级行业,801033,5223
002602,世纪华通,深圳,游戏Ⅱ,申万二级行业,801764,5223
002603,以岭药业,深圳,中药Ⅱ,申万二级行业,801155,5223
002605,姚记科技,深圳,游戏Ⅱ,申万二级行业,801764,5223
002606,大连电瓷,深圳,电网设备,申万二级行业,801738,5223
002607,中公教育,深圳,教育,申万二级行业,801994,5223
002608,江苏国信,深圳,电力,申万二级行业,801161,5223
002609,捷顺科技,深圳,IT服务Ⅱ,申万二级行业,801103,5223
002611,东方精工,深圳,专用设备,申万二级行业,801074,5223
002612,朗姿股份,深圳,服装家纺,申万二级行业,801132,5223
002613,北玻股份,深圳,玻璃玻纤,申万二级行业,801712,5223
002614,奥佳华,深圳,未分类,缺失,,5223
002615,哈尔斯,深圳,家居用品,申万二级行业,801142,5223
002616,长青集团,深圳,电力,申万二级行业,801161,5223
002617,露笑科技,深圳,电力,申万二级行业,801161,5223
002622,皓宸医疗,深圳,医疗服务,申万二级行业,801156,5223
002623,亚玛顿,深圳,光伏设备,申万二级行业,801735,5223
002624,完美世界,深圳,游戏Ⅱ,申万二级行业,801764,5223
002625,光启技术,深圳,航空装备Ⅱ,申万二级行业,801742,5223
002626,金达威,深圳,食品加工,申万二级行业,801124,5223
002627,三峡旅游,深圳,旅游及景区,申万二级行业,801993,5223
002628,成都路桥,深圳,基础建设,申万二级行业,801723,5223
002629,仁智股份,深圳,油服工程,申万二级行业,801962,5223
002631,德尔未来,深圳,家居用品,申万二级行业,801142,5223
002632,道明光学,深圳,塑料,申万二级行业,801036,5223
002633,申科股份,深圳,通用设备,申万二级行业,801072,5223
002635,安洁科技,深圳,消费电子,申万二级行业,801085,5223
002636,金安国纪,深圳,元件,申万二级行业,801083,5223
002637,赞宇科技,深圳,化学制品,申万二级行业,801034,5223
002638,勤上股份,深圳,照明设备Ⅱ,申万二级行业,801115,5223
002639,雪人集团,深圳,通用设备,申万二级行业,801072,5223
002640,跨境通,深圳,互联网电商,申万二级行业,801206,5223
002641,公元股份,深圳,装修建材,申万二级行业,801713,5223
002642,荣联科技,深圳,IT服务Ⅱ,申万二级行业,801103,5223
002643,万润股份,深圳,电子化学品Ⅱ,申万二级行业,801086,5223
002644,佛慈制药,深圳,中药Ⅱ,申万二级行业,801155,5223
002645,华宏科技,深圳,环保设备Ⅱ,申万二级行业,801972,5223
002646,天佑德酒,深圳,白酒Ⅱ,申万二级行业,801125,5223
002647,仁东控股,深圳,多元金融,申万二级行业,801191,5223
002648,卫星化学,深圳,化学原料,申万二级行业,801033,5223
002649,博彦科技,深圳,IT服务Ⅱ,申万二级行业,801103,5223
002651,利君股份,深圳,航空装备Ⅱ,申万二级行业,801742,5223
002652,扬子新材,深圳,装修建材,申万二级行业,801713,5223
002653,海思科,深圳,化学制药,申万二级行业,801151,5223
002654,万润科技,深圳,光学光电子,申万二级行业,801084,5223
002655,共达电声,深圳,消费电子,申万二级行业,801085,5223
002656,摩登大道,深圳,服装家纺,申万二级行业,801132,5223
002657,中科金财,深圳,IT服务Ⅱ,申万二级行业,801103,5223
002658,雪迪龙,深圳,环保设备Ⅱ,申万二级行业,801972,5223
002659,凯文教育,深圳,教育,申万二级行业,801994,5223
002660,茂硕电源,深圳,消费电子,申万二级行业,801085,5223
002661,克明食品,深圳,食品加工,申万二级行业,801124,5223
002662,峰璟股份,深圳,汽车零部件,申万二级行业,801093,5223
002663,普邦股份,深圳,基础建设,申万二级行业,801723,5223
002664,信质集团,深圳,汽车零部件,申万二级行业,801093,5223
002666,德联集团,深圳,化学制品,申万二级行业,801034,5223
002668,TCL智家,深圳,白色家电,申万二级行业,801111,5223
002669,康达新材,深圳,化学制品,申万二级行业,801034,5223
002670,国盛证券,深圳,证券Ⅱ,申万二级行业,801193,5223
002671,龙泉股份,深圳,水泥,申万二级行业,801711,5223
002672,东江环保,深圳,环境治理,申万二级行业,801971,5223
002673,西部证券,深圳,证券Ⅱ,申万二级行业,801193,5223
002674,兴业科技,深圳,纺织制造,申万二级行业,801131,5223
002675,东诚药业,深圳,化学制药,申万二级行业,801151,5223
002676,顺威股份,深圳,家电零部件Ⅱ,申万二级行业,801116,5223
002677,浙江美大,深圳,厨卫电器,申万二级行业,801114,5223
002678,珠江钢琴,深圳,文娱用品,申万二级行业,801145,5223
002679,福建金森,深圳,未分类,缺失,,5223
002681,奋达科技,深圳,消费电子,申万二级行业,801085,5223
002682,龙洲股份,深圳,物流,申万二级行业,801178,5223
002683,广东宏大,深圳,化学制品,申万二级行业,801034,5223
002685,华东重机,深圳,工程机械,申万二级行业,801077,5223
002686,亿利达,深圳,通用设备,申万二级行业,801072,5223
002687,乔治白,深圳,服装家纺,申万二级行业,801132,5223
002688,金河生物,深圳,动物保健Ⅱ,申万二级行业,801018,5223
002690,美亚光电,深圳,专用设备,申万二级行业,801074,5223
002692,远程股份,深圳,电网设备,申万二级行业,801738,5223
002693,双成药业,深圳,化学制药,申万二级行业,801151,5223
002695,煌上煌,深圳,休闲食品,申万二级行业,801128,5223
002696,百洋股份,深圳,饲料,申万二级行业,801014,5223
002697,红旗连锁,深圳,一般零售,申万二级行业,801203,5223
002698,博实股份,深圳,自动化设备,申万二级行业,801078,5223
002700,万憬能源,深圳,燃气Ⅱ,申万二级行业,801163,5223
002701,奥瑞金,深圳,包装印刷,申万二级行业,801141,5223
002702,海欣食品,深圳,食品加工,申万二级行业,801124,5223
002703,浙江世宝,深圳,汽车零部件,申万二级行业,801093,5223
002705,新宝股份,深圳,小家电,申万二级行业,801113,5223
002706,良信股份,深圳,电网设备,申万二级行业,801738,5223
002707,众信旅游,深圳,旅游及景区,申万二级行业,801993,5223
002708,光洋股份,深圳,汽车零部件,申万二级行业,801093,5223
002709,天赐材料,深圳,电池,申万二级行业,801737,5223
002712,思美传媒,深圳,广告营销,申万二级行业,801765,5223
002713,东易日盛,深圳,装修装饰Ⅱ,申万二级行业,801722,5223
002714,牧原股份,深圳,养殖业,申万二级行业,801017,5223
002715,登云股份,深圳,汽车零部件,申万二级行业,801093,5223
002716,湖南白银,深圳,贵金属,申万二级行业,801053,5223
002718,友邦吊顶,深圳,装修建材,申万二级行业,801713,5223
002721,金一文化,深圳,饰品,申万二级行业,801133,5223
002722,物产金轮,深圳,专用设备,申万二级行业,801074,5223
002723,小崧股份,深圳,照明设备Ⅱ,申万二级行业,801115,5223
002724,海洋王,深圳,照明设备Ⅱ,申万二级行业,801115,5223
002725,跃岭股份,深圳,汽车零部件,申万二级行业,801093,5223
002727,一心堂,深圳,医药商业,申万二级行业,801154,5223
002728,特一药业,深圳,中药Ⅱ,申万二级行业,801155,5223
002729,好利科技,深圳,其他电子Ⅱ,申万二级行业,801082,5223
002730,电光科技,深圳,专用设备,申万二级行业,801074,5223
002732,燕塘乳业,深圳,饮料乳品,申万二级行业,801127,5223
002733,雄韬股份,深圳,电池,申万二级行业,801737,5223
002734,利民股份,深圳,农化制品,申万二级行业,801038,5223
002735,王子新材,深圳,包装印刷,申万二级行业,801141,5223
002736,国信证券,深圳,证券Ⅱ,申万二级行业,801193,5223
002737,葵花药业,深圳,中药Ⅱ,申万二级行业,801155,5223
002738,中矿资源,深圳,小金属,申万二级行业,801054,5223
002739,儒意电影,深圳,影视院线,申万二级行业,801766,5223
002741,光华科技,深圳,电子化学品Ⅱ,申万二级行业,801086,5223
002742,冀衡医药,深圳,化学制药,申万二级行业,801151,5223
002745,木林森,深圳,光学光电子,申万二级行业,801084,5223
002746,仙坛股份,深圳,养殖业,申万二级行业,801017,5223
002747,埃斯顿,深圳,自动化设备,申万二级行业,801078,5223
002748,世龙实业,深圳,化学原料,申万二级行业,801033,5223
002749,国光股份,深圳,农化制品,申万二级行业,801038,5223
002752,昇兴股份,深圳,包装印刷,申万二级行业,801141,5223
002753,永东股份,深圳,橡胶,申万二级行业,801037,5223
002755,奥赛康,深圳,化学制药,申万二级行业,801151,5223
002756,永兴材料,深圳,能源金属,申万二级行业,801056,5223
002757,南兴股份,深圳,专用设备,申万二级行业,801074,5223
002758,浙农股份,深圳,农化制品,申万二级行业,801038,5223
002760,凤形股份,深圳,通用设备,申万二级行业,801072,5223
002761,浙江建投,深圳,房屋建设Ⅱ,申万二级行业,801721,5223
002762,金发拉比,深圳,服装家纺,申万二级行业,801132,5223
002763,汇洁股份,深圳,服装家纺,申万二级行业,801132,5223
002765,蓝黛科技,深圳,汽车零部件,申万二级行业,801093,5223
002766,索菱股份,深圳,汽车零部件,申万二级行业,801093,5223
002767,先锋电子,深圳,通用设备,申万二级行业,801072,5223
002768,国恩股份,深圳,塑料,申万二级行业,801036,5223
002769,普路通,深圳,物流,申万二级行业,801178,5223
002771,真视通,深圳,IT服务Ⅱ,申万二级行业,801103,5223
002772,众兴菌业,深圳,种植业,申万二级行业,801016,5223
002773,康弘药业,深圳,生物制品,申万二级行业,801152,5223
002774,快意电梯,深圳,专用设备,申万二级行业,801074,5223
002775,文科股份,深圳,基础建设,申万二级行业,801723,5223
002777,久远银海,深圳,IT服务Ⅱ,申万二级行业,801103,5223
002778,中晟高科,深圳,环境治理,申万二级行业,801971,5223
002779,中坚科技,深圳,专用设备,申万二级行业,801074,5223
002780,三夫户外,深圳,服装家纺,申万二级行业,801132,5223
002782,可立克,深圳,其他电子Ⅱ,申万二级行业,801082,5223
002783,凯龙股份,深圳,化学制品,申万二级行业,801034,5223
002785,万里石,深圳,装修建材,申万二级行业,801713,5223
002786,银宝山新,深圳,专用设备,申万二级行业,801074,5223
002787,华源控股,深圳,包装印刷,申万二级行业,801141,5223
002788,鹭燕医药,深圳,医药商业,申万二级行业,801154,5223
002790,瑞尔特,深圳,家居用品,申万二级行业,801142,5223
002791,坚朗五金,深圳,装修建材,申万二级行业,801713,5223
002792,通宇通讯,深圳,通信设备,申万二级行业,801102,5223
002793,罗欣药业,深圳,化学制药,申万二级行业,801151,5223
002795,永和智控,深圳,通用设备,申万二级行业,801072,5223
002796,世嘉科技,深圳,通信设备,申万二级行业,801102,5223
002797,第一创业,深圳,证券Ⅱ,申万二级行业,801193,5223
002798,帝欧水华,深圳,家居用品,申万二级行业,801142,5223
002799,环球印务,深圳,包装印刷,申万二级行业,801141,5223
002800,天顺股份,深圳,物流,申万二级行业,801178,5223
002801,微光股份,深圳,电机Ⅱ,申万二级行业,801731,5223
002802,洪汇新材,深圳,化学制品,申万二级行业,801034,5223
002803,吉宏股份,深圳,互联网电商,申万二级行业,801206,5223
002805,丰元股份,深圳,电池,申万二级行业,801737,5223
002806,华锋股份,深圳,汽车零部件,申万二级行业,801093,5223
002807,江阴银行,深圳,农商行Ⅱ,申万二级行业,801785,5223
002809,红墙股份,深圳,化学制品,申万二级行业,801034,5223
002810,山东赫达,深圳,化学制品,申万二级行业,801034,5223
002811,郑中设计,深圳,装修装饰Ⅱ,申万二级行业,801722,5223
002812,恩捷股份,深圳,电池,申万二级行业,801737,5223
002813,路畅科技,深圳,汽车零部件,申万二级行业,801093,5223
002815,崇达技术,深圳,元件,申万二级行业,801083,5223
002817,黄山胶囊,深圳,化学制药,申万二级行业,801151,5223
002818,富森美,深圳,一般零售,申万二级行业,801203,5223
002819,东方中科,深圳,通用设备,申万二级行业,801072,5223
002820,桂发祥,深圳,休闲食品,申万二级行业,801128,5223
002821,凯莱英,深圳,医疗服务,申万二级行业,801156,5223
002823,凯中精密,深圳,电机Ⅱ,申万二级行业,801731,5223
002824,和胜股份,深圳,工业金属,申万二级行业,801055,5223
002825,纳尔股份,深圳,塑料,申万二级行业,801036,5223
002826,易明医药,深圳,化学制药,申万二级行业,801151,5223
002827,高争民爆,深圳,化学制品,申万二级行业,801034,5223
002828,贝肯能源,深圳,油服工程,申万二级行业,801962,5223
002829,星网宇达,深圳,航天装备Ⅱ,申万二级行业,801741,5223
002830,名雕股份,深圳,装修装饰Ⅱ,申万二级行业,801722,5223
002831,裕同科技,深圳,包装印刷,申万二级行业,801141,5223
002832,比音勒芬,深圳,服装家纺,申万二级行业,801132,5223
002833,弘亚数控,深圳,专用设备,申万二级行业,801074,5223
002835,同为股份,深圳,计算机设备,申万二级行业,801101,5223
002836,新宏泽,深圳,包装印刷,申万二级行业,801141,5223
002837,英维克,深圳,专用设备,申万二级行业,801074,5223
002838,道恩股份,深圳,塑料,申万二级行业,801036,5223
002839,张家港行,深圳,农商行Ⅱ,申万二级行业,801785,5223
002840,华统股份,深圳,食品加工,申万二级行业,801124,5223
002841,视源股份,深圳,消费电子,申万二级行业,801085,5223
002842,翔鹭钨业,深圳,小金属,申万二级行业,801054,5223
002843,泰嘉股份,深圳,通用设备,申万二级行业,801072,5223
002845,同兴达,深圳,光学光电子,申万二级行业,801084,5223
002846,英联股份,深圳,包装印刷,申万二级行业,801141,5223
002847,盐津铺子,深圳,休闲食品,申万二级行业,801128,5223
002848,高斯贝尔,深圳,黑色家电,申万二级行业,801112,5223
002849,威星智能,深圳,通用设备,申万二级行业,801072,5223
002850,科达利,深圳,电池,申万二级行业,801737,5223
002851,麦格米特,深圳,其他电源设备Ⅱ,申万二级行业,801733,5223
002852,道道全,深圳,农产品加工,申万二级行业,801012,5223
002853,皮阿诺,深圳,家居用品,申万二级行业,801142,5223
002855,捷荣技术,深圳,消费电子,申万二级行业,801085,5223
002857,三晖电气,深圳,电网设备,申万二级行业,801738,5223
002858,力盛体育,深圳,未分类,缺失,,5223
002859,洁美科技,深圳,其他电子Ⅱ,申万二级行业,801082,5223
002860,星帅尔,深圳,家电零部件Ⅱ,申万二级行业,801116,5223
002861,瀛通通讯,深圳,消费电子,申万二级行业,801085,5223
002862,实丰文化,深圳,文娱用品,申万二级行业,801145,5223
002863,今飞凯达,深圳,汽车零部件,申万二级行业,801093,5223
002864,盘龙药业,深圳,中药Ⅱ,申万二级行业,801155,5223
002865,钧达股份,深圳,光伏设备,申万二级行业,801735,5223
002866,传艺科技,深圳,消费电子,申万二级行业,801085,5223
002867,周大生,深圳,饰品,申万二级行业,801133,5223
002868,绿康生化,深圳,动物保健Ⅱ,申万二级行业,801018,5223
002869,金溢科技,深圳,计算机设备,申万二级行业,801101,5223
002870,香山股份,深圳,汽车零部件,申万二级行业,801093,5223
002871,伟隆股份,深圳,通用设备,申万二级行业,801072,5223
002873,新天药业,深圳,中药Ⅱ,申万二级行业,801155,5223
002875,安奈儿,深圳,服装家纺,申万二级行业,801132,5223
002876,三利谱,深圳,光学光电子,申万二级行业,801084,5223
002877,智能自控,深圳,通用设备,申万二级行业,801072,5223
002878,元隆雅图,深圳,广告营销,申万二级行业,801765,5223
002879,长缆科技,深圳,电网设备,申万二级行业,801738,5223
002880,卫光生物,深圳,生物制品,申万二级行业,801152,5223
002881,美格智能,深圳,通信设备,申万二级行业,801102,5223
002882,金龙羽,深圳,电网设备,申万二级行业,801738,5223
002884,凌霄泵业,深圳,通用设备,申万二级行业,801072,5223
002885,京泉华,深圳,其他电子Ⅱ,申万二级行业,801082,5223
002886,沃特股份,深圳,塑料,申万二级行业,801036,5223
002887,绿茵生态,深圳,环境治理,申万二级行业,801971,5223
002888,惠威科技,深圳,消费电子,申万二级行业,801085,5223
002889,东方嘉盛,深圳,物流,申万二级行业,801178,5223
002890,弘宇股份,深圳,专用设备,申万二级行业,801074,5223
002891,中宠股份,深圳,饲料,申万二级行业,801014,5223
002892,科力尔,深圳,电机Ⅱ,申万二级行业,801731,5223
002893,京能热力,深圳,电力,申万二级行业,801161,5223
002895,川恒股份,深圳,农化制品,申万二级行业,801038,5223
002896,中大力德,深圳,通用设备,申万二级行业,801072,5223
002897,意华股份,深圳,通信设备,申万二级行业,801102,5223
002899,英派斯,深圳,文娱用品,申万二级行业,801145,5223
002900,哈三联,深圳,化学制药,申万二级行业,801151,5223
002901,大博医疗,深圳,医疗器械,申万二级行业,801153,5223
002902,铭普光磁,深圳,通信设备,申万二级行业,801102,5223
002903,宇环数控,深圳,通用设备,申万二级行业,801072,5223
002905,金逸影视,深圳,影视院线,申万二级行业,801766,5223
002906,华阳集团,深圳,汽车零部件,申万二级行业,801093,5223
002907,华森制药,深圳,中药Ⅱ,申万二级行业,801155,5223
002908,德生科技,深圳,IT服务Ⅱ,申万二级行业,801103,5223
002909,集泰股份,深圳,化学制品,申万二级行业,801034,5223
002910,庄园牧场,深圳,饮料乳品,申万二级行业,801127,5223
002911,佛燃能源,深圳,燃气Ⅱ,申万二级行业,801163,5223
002912,中新赛克,深圳,计算机设备,申万二级行业,801101,5223
002913,奥士康,深圳,元件,申万二级行业,801083,5223
002915,中欣氟材,深圳,化学制品,申万二级行业,801034,5223
002916,深南电路,深圳,元件,申万二级行业,801083,5223
002917,金奥博,深圳,化学制品,申万二级行业,801034,5223
002918,蒙娜丽莎,深圳,家居用品,申万二级行业,801142,5223
002919,名臣健康,深圳,游戏Ⅱ,申万二级行业,801764,5223
002920,德赛西威,深圳,软件开发,申万二级行业,801104,5223
002921,联诚精密,深圳,汽车零部件,申万二级行业,801093,5223
002922,伊戈尔,深圳,其他电子Ⅱ,申万二级行业,801082,5223
002923,润都股份,深圳,化学制药,申万二级行业,801151,5223
002925,盈趣科技,深圳,消费电子,申万二级行业,801085,5223
002926,华西证券,深圳,证券Ⅱ,申万二级行业,801193,5223
002927,泰永长征,深圳,电网设备,申万二级行业,801738,5223
002928,华夏航空,深圳,航空机场,申万二级行业,801991,5223
002929,润建股份,深圳,通信服务,申万二级行业,801223,5223
002930,宏川智慧,深圳,物流,申万二级行业,801178,5223
002931,锋龙股份,深圳,通用设备,申万二级行业,801072,5223
002933,新兴装备,深圳,航空装备Ⅱ,申万二级行业,801742,5223
002935,天奥电子,深圳,军工电子Ⅱ,申万二级行业,801745,5223
002936,郑州银行,深圳,城商行Ⅱ,申万二级行业,801784,5223
002937,兴瑞科技,深圳,汽车零部件,申万二级行业,801093,5223
002938,鹏鼎控股,深圳,元件,申万二级行业,801083,5223
002939,长城证券,深圳,证券Ⅱ,申万二级行业,801193,5223
002940,昂利康,深圳,化学制药,申万二级行业,801151,5223
002941,新疆交建,深圳,基础建设,申万二级行业,801723,5223
002942,新农股份,深圳,农化制品,申万二级行业,801038,5223
002943,宇晶股份,深圳,通用设备,申万二级行业,801072,5223
002945,华林证券,深圳,证券Ⅱ,申万二级行业,801193,5223
002946,新乳业,深圳,饮料乳品,申万二级行业,801127,5223
002947,恒铭达,深圳,消费电子,申万二级行业,801085,5223
002948,青岛银行,深圳,城商行Ⅱ,申万二级行业,801784,5223
002949,华阳国际,深圳,工程咨询服务Ⅱ,申万二级行业,801726,5223
002950,奥美医疗,深圳,医疗器械,申万二级行业,801153,5223
002951,金时科技,深圳,其他电源设备Ⅱ,申万二级行业,801733,5223
002952,亚世光电,深圳,光学光电子,申万二级行业,801084,5223
002953,日丰股份,深圳,电网设备,申万二级行业,801738,5223
002955,鸿合科技,深圳,光学光电子,申万二级行业,801084,5223
002956,西麦食品,深圳,休闲食品,申万二级行业,801128,5223
002957,科瑞技术,深圳,自动化设备,申万二级行业,801078,5223
002958,青农商行,深圳,农商行Ⅱ,申万二级行业,801785,5223
002959,小熊电器,深圳,小家电,申万二级行业,801113,5223
002960,青鸟智控,深圳,专用设备,申万二级行业,801074,5223
002961,瑞达期货,深圳,多元金融,申万二级行业,801191,5223
002962,五方光电,深圳,光学光电子,申万二级行业,801084,5223
002963,豪尔赛,深圳,装修装饰Ⅱ,申万二级行业,801722,5223
002965,祥鑫科技,深圳,汽车零部件,申万二级行业,801093,5223
002966,苏州银行,深圳,城商行Ⅱ,申万二级行业,801784,5223
002967,广电计量,深圳,专业服务,申万二级行业,801218,5223
002968,新大正,深圳,房地产服务,申万二级行业,801183,5223
002969,嘉美包装,深圳,包装印刷,申万二级行业,801141,5223
002970,锐明技术,深圳,计算机设备,申万二级行业,801101,5223
002971,和远气体,深圳,化学制品,申万二级行业,801034,5223
002972,科安达,深圳,轨交设备Ⅱ,申万二级行业,801076,5223
002973,侨银股份,深圳,环境治理,申万二级行业,801971,5223
002975,博杰股份,深圳,自动化设备,申万二级行业,801078,5223
002976,瑞玛精密,深圳,汽车零部件,申万二级行业,801093,5223
002978,安宁股份,深圳,小金属,申万二级行业,801054,5223
002979,雷赛智能,深圳,自动化设备,申万二级行业,801078,5223
002980,华盛昌,深圳,电网设备,申万二级行业,801738,5223
002981,朝阳科技,深圳,消费电子,申万二级行业,801085,5223
002982,湘佳股份,深圳,养殖业,申万二级行业,801017,5223
002983,芯瑞达,深圳,光学光电子,申万二级行业,801084,5223
002984,森麒麟,深圳,汽车零部件,申万二级行业,801093,5223
002985,北摩高科,深圳,航空装备Ⅱ,申万二级行业,801742,5223
002986,宇新股份,深圳,炼化及贸易,申万二级行业,801963,5223
002987,京北方,深圳,软件开发,申万二级行业,801104,5223
002988,豪美新材,深圳,工业金属,申万二级行业,801055,5223
002989,中天精装,深圳,装修装饰Ⅱ,申万二级行业,801722,5223
002990,盛视科技,深圳,计算机设备,申万二级行业,801101,5223
002991,甘源食品,深圳,休闲食品,申万二级行业,801128,5223
002992,宝明科技,深圳,光学光电子,申万二级行业,801084,5223
002993,奥海科技,深圳,消费电子,申万二级行业,801085,5223
002995,天地在线,深圳,广告营销,申万二级行业,801765,5223
002996,顺博合金,深圳,工业金属,申万二级行业,801055,5223
002997,瑞鹄模具,深圳,汽车零部件,申万二级行业,801093,5223
002998,优彩资源,深圳,化学纤维,申万二级行业,801032,5223
002999,天禾股份,深圳,农化制品,申万二级行业,801038,5223
003000,劲仔食品,深圳,休闲食品,申万二级行业,801128,5223
003001,中岩大地,深圳,专业工程,申万二级行业,801724,5223
003002,壶化股份,深圳,化学制品,申万二级行业,801034,5223
003003,天元股份,深圳,包装印刷,申万二级行业,801141,5223
003004,声迅股份,深圳,计算机设备,申万二级行业,801101,5223
003005,竞业达,深圳,IT服务Ⅱ,申万二级行业,801103,5223
003006,百亚股份,深圳,个护用品,申万二级行业,801981,5223
003007,直真科技,深圳,软件开发,申万二级行业,801104,5223
003008,开普检测,深圳,专业服务,申万二级行业,801218,5223
003009,中天火箭,深圳,航天装备Ⅱ,申万二级行业,801741,5223
003010,若羽臣,深圳,互联网电商,申万二级行业,801206,5223
003011,海象新材,深圳,家居用品,申万二级行业,801142,5223
003012,东鹏控股,深圳,家居用品,申万二级行业,801142,5223
003013,地铁设计,深圳,工程咨询服务Ⅱ,申万二级行业,801726,5223
003015,日久光电,深圳,光学光电子,申万二级行业,801084,5223
003016,欣贺股份,深圳,服装家纺,申万二级行业,801132,5223
003017,大洋生物,深圳,化学原料,申万二级行业,801033,5223
003018,金富科技,深圳,包装印刷,申万二级行业,801141,5223
003019,宸展光电,深圳,光学光电子,申万二级行业,801084,5223
003020,立方制药,深圳,化学制药,申万二级行业,801151,5223
003021,兆威机电,深圳,电机Ⅱ,申万二级行业,801731,5223
003022,联泓新科,深圳,光伏设备,申万二级行业,801735,5223
003023,彩虹集团,深圳,小家电,申万二级行业,801113,5223
003025,思进智能,深圳,通用设备,申万二级行业,801072,5223
003026,中晶科技,深圳,半导体,申万二级行业,801081,5223
003027,同兴科技,深圳,环境治理,申万二级行业,801971,5223
003028,振邦智能,深圳,家电零部件Ⅱ,申万二级行业,801116,5223
003029,吉大正元,深圳,软件开发,申万二级行业,801104,5223
003030,祖名股份,深圳,农产品加工,申万二级行业,801012,5223
003031,中瓷电子,深圳,通信设备,申万二级行业,801102,5223
003032,传智教育,深圳,教育,申万二级行业,801994,5223
003033,征和工业,深圳,摩托车及其他,申万二级行业,801881,5223
003035,南网能源,深圳,电力,申万二级行业,801161,5223
003036,泰坦股份,深圳,专用设备,申万二级行业,801074,5223
003037,三和管桩,深圳,水泥,申万二级行业,801711,5223
003038,鑫铂股份,深圳,工业金属,申万二级行业,801055,5223
003039,顺控发展,深圳,环境治理,申万二级行业,801971,5223
003040,楚天龙,深圳,通信设备,申万二级行业,801102,5223
003041,真爱美家,深圳,服装家纺,申万二级行业,801132,5223
003042,中农联合,深圳,农化制品,申万二级行业,801038,5223
003043,华亚智能,深圳,半导体,申万二级行业,801081,5223
003816,中国广核,深圳,电力,申万二级行业,801161,5223
300001,特锐德,深圳,电网设备,申万二级行业,801738,5223
300002,神州泰岳,深圳,游戏Ⅱ,申万二级行业,801764,5223
300003,乐普医疗,深圳,医疗器械,申万二级行业,801153,5223
300004,南风股份,深圳,专用设备,申万二级行业,801074,5223
300005,探路者,深圳,服装家纺,申万二级行业,801132,5223
300006,莱美药业,深圳,化学制药,申万二级行业,801151,5223
300007,汉威科技,深圳,通用设备,申万二级行业,801072,5223
300008,天海防务,深圳,航海装备Ⅱ,申万二级行业,801744,5223
300009,安科生物,深圳,生物制品,申万二级行业,801152,5223
300011,鼎汉技术,深圳,轨交设备Ⅱ,申万二级行业,801076,5223
300012,华测检测,深圳,专业服务,申万二级行业,801218,5223
300013,新宁物流,深圳,物流,申万二级行业,801178,5223
300014,亿纬锂能,深圳,电池,申万二级行业,801737,5223
300015,爱尔眼科,深圳,医疗服务,申万二级行业,801156,5223
300016,北陆药业,深圳,化学制药,申万二级行业,801151,5223
300017,网宿科技,深圳,IT服务Ⅱ,申万二级行业,801103,5223
300018,中元股份,深圳,电网设备,申万二级行业,801738,5223
300019,硅宝科技,深圳,化学制品,申万二级行业,801034,5223
300021,大禹节水,深圳,未分类,缺失,,5223
300022,吉峰科技,深圳,专业连锁Ⅱ,申万二级行业,801204,5223
300024,机器人,深圳,自动化设备,申万二级行业,801078,5223
300025,华星创业,深圳,通信服务,申万二级行业,801223,5223
300026,红日药业,深圳,中药Ⅱ,申万二级行业,801155,5223
300030,阳普医疗,深圳,医疗器械,申万二级行业,801153,5223
300031,宝通科技,深圳,游戏Ⅱ,申万二级行业,801764,5223
300032,金龙机电,深圳,消费电子,申万二级行业,801085,5223
300033,同花顺,深圳,软件开发,申万二级行业,801104,5223
300034,钢研高纳,深圳,航空装备Ⅱ,申万二级行业,801742,5223
300035,中科电气,深圳,电池,申万二级行业,801737,5223
300036,超图软件,深圳,软件开发,申万二级行业,801104,5223
300037,新宙邦,深圳,电池,申万二级行业,801737,5223
300039,上海凯宝,深圳,中药Ⅱ,申万二级行业,801155,5223
300040,九洲集团,深圳,电力,申万二级行业,801161,5223
300041,回天新材,深圳,化学制品,申万二级行业,801034,5223
300042,朗科科技,深圳,计算机设备,申万二级行业,801101,5223
300043,星辉娱乐,深圳,游戏Ⅱ,申万二级行业,801764,5223
300045,华力创通,深圳,军工电子Ⅱ,申万二级行业,801745,5223
300046,台基股份,深圳,半导体,申万二级行业,801081,5223
300047,天源迪科,深圳,软件开发,申万二级行业,801104,5223
300048,合康新能,深圳,自动化设备,申万二级行业,801078,5223
300049,福瑞医科,深圳,医疗器械,申万二级行业,801153,5223
300050,世纪鼎利,深圳,教育,申万二级行业,801994,5223
300051,琏升科技,深圳,光伏设备,申万二级行业,801735,5223
300052,中青宝,深圳,游戏Ⅱ,申万二级行业,801764,5223
300053,航宇微,深圳,半导体,申万二级行业,801081,5223
300054,鼎龙股份,深圳,电子化学品Ⅱ,申万二级行业,801086,5223
300055,万邦达,深圳,炼化及贸易,申万二级行业,801963,5223
300056,中创环保,深圳,环境治理,申万二级行业,801971,5223
300057,万顺新材,深圳,工业金属,申万二级行业,801055,5223
300058,蓝色光标,深圳,广告营销,申万二级行业,801765,5223
300059,东方财富,深圳,证券Ⅱ,申万二级行业,801193,5223
300061,旗天科技,深圳,广告营销,申万二级行业,801765,5223
300062,中能电气,深圳,电网设备,申万二级行业,801738,5223
300063,天龙集团,深圳,广告营销,申万二级行业,801765,5223
300065,海兰信,深圳,航海装备Ⅱ,申万二级行业,801744,5223
300066,三川智慧,深圳,通用设备,申万二级行业,801072,5223
300067,安诺其,深圳,化学制品,申万二级行业,801034,5223
300069,金利华电,深圳,电网设备,申万二级行业,801738,5223
300070,碧水源,深圳,环境治理,申万二级行业,801971,5223
300071,福石控股,深圳,广告营销,申万二级行业,801765,5223
300072,海新能科,深圳,化学制品,申万二级行业,801034,5223
300073,当升科技,深圳,电池,申万二级行业,801737,5223
300074,华平股份,深圳,软件开发,申万二级行业,801104,5223
300075,数字政通,深圳,软件开发,申万二级行业,801104,5223
300077,国民技术,深圳,半导体,申万二级行业,801081,5223
300078,思创智联,深圳,IT服务Ⅱ,申万二级行业,801103,5223
300079,数码视讯,深圳,IT服务Ⅱ,申万二级行业,801103,5223
300080,易成新能,深圳,光伏设备,申万二级行业,801735,5223
300082,奥克股份,深圳,化学原料,申万二级行业,801033,5223
300083,创世纪,深圳,自动化设备,申万二级行业,801078,5223
300084,海默科技,深圳,专用设备,申万二级行业,801074,5223
300085,银之杰,深圳,软件开发,申万二级行业,801104,5223
300086,康芝药业,深圳,化学制药,申万二级行业,801151,5223
300088,长信科技,深圳,光学光电子,申万二级行业,801084,5223
300092,科新机电,深圳,专用设备,申万二级行业,801074,5223
300093,金刚光伏,深圳,光伏设备,申万二级行业,801735,5223
300094,国联水产,深圳,渔业,申万二级行业,801015,5223
300095,华伍股份,深圳,专用设备,申万二级行业,801074,5223
300096,易联众,深圳,IT服务Ⅱ,申万二级行业,801103,5223
300097,智云股份,深圳,自动化设备,申万二级行业,801078,5223
300098,高新兴,深圳,通信设备,申万二级行业,801102,5223
300099,尤洛卡,深圳,专用设备,申万二级行业,801074,5223
300100,双林股份,深圳,汽车零部件,申万二级行业,801093,5223
300101,振芯科技,深圳,军工电子Ⅱ,申万二级行业,801745,5223
300102,乾照光电,深圳,光学光电子,申万二级行业,801084,5223
300103,达刚控股,深圳,专用设备,申万二级行业,801074,5223
300105,龙源技术,深圳,环保设备Ⅱ,申万二级行业,801972,5223
300106,西部牧业,深圳,饮料乳品,申万二级行业,801127,5223
300107,建新股份,深圳,化学制品,申万二级行业,801034,5223
300109,新开源,深圳,化学制品,申万二级行业,801034,5223
300110,华仁药业,深圳,化学制药,申万二级行业,801151,5223
300111,向日葵,深圳,化学制药,申万二级行业,801151,5223
300112,万讯自控,深圳,通用设备,申万二级行业,801072,5223
300113,顺网科技,深圳,游戏Ⅱ,申万二级行业,801764,5223
300115,长盈精密,深圳,消费电子,申万二级行业,801085,5223
300118,东方日升,深圳,光伏设备,申万二级行业,801735,5223
300119,瑞普生物,深圳,动物保健Ⅱ,申万二级行业,801018,5223
300120,经纬辉开,深圳,光学光电子,申万二级行业,801084,5223
300121,阳谷华泰,深圳,橡胶,申万二级行业,801037,5223
300122,智飞生物,深圳,生物制品,申万二级行业,801152,5223
300124,汇川技术,深圳,自动化设备,申万二级行业,801078,5223
300125,聆达股份,深圳,电力,申万二级行业,801161,5223
300126,锐奇股份,深圳,通用设备,申万二级行业,801072,5223
300127,银河磁体,深圳,金属新材料,申万二级行业,801051,5223
300128,锦富技术,深圳,消费电子,申万二级行业,801085,5223
300129,泰胜风能,深圳,风电设备,申万二级行业,801736,5223
300130,新国都,深圳,计算机设备,申万二级行业,801101,5223
300131,英唐智控,深圳,其他电子Ⅱ,申万二级行业,801082,5223
300132,诺斯贝尔,深圳,化妆品,申万二级行业,801982,5223
300133,华策影视,深圳,影视院线,申万二级行业,801766,5223
300134,大富科技,深圳,通信设备,申万二级行业,801102,5223
300135,宝利国际,深圳,炼化及贸易,申万二级行业,801963,5223
300136,信维通信,深圳,消费电子,申万二级行业,801085,5223
300137,先河环保,深圳,环保设备Ⅱ,申万二级行业,801972,5223
300138,晨光生物,深圳,农产品加工,申万二级行业,801012,5223
300139,晓程科技,深圳,贵金属,申万二级行业,801053,5223
300140,节能环境,深圳,环境治理,申万二级行业,801971,5223
300141,和顺电气,深圳,电网设备,申万二级行业,801738,5223
300142,沃森生物,深圳,生物制品,申万二级行业,801152,5223
300143,盈康生命,深圳,医疗服务,申万二级行业,801156,5223
300144,宋城演艺,深圳,旅游及景区,申万二级行业,801993,5223
300145,南方泵业,深圳,通用设备,申万二级行业,801072,5223
300146,汤臣倍健,深圳,食品加工,申万二级行业,801124,5223
300148,天舟文化,深圳,出版,申万二级行业,801769,5223
300149,睿智医药,深圳,医疗服务,申万二级行业,801156,5223
300150,世纪瑞尔,深圳,IT服务Ⅱ,申万二级行业,801103,5223
300151,昌红科技,深圳,专用设备,申万二级行业,801074,5223
300153,科泰电源,深圳,其他电源设备Ⅱ,申万二级行业,801733,5223
300154,瑞凌股份,深圳,通用设备,申万二级行业,801072,5223
300155,安居宝,深圳,计算机设备,申万二级行业,801101,5223
300157,新锦动力,深圳,通用设备,申万二级行业,801072,5223
300158,振东制药,深圳,中药Ⅱ,申万二级行业,801155,5223
300159,新研股份,深圳,专用设备,申万二级行业,801074,5223
300160,秀强股份,深圳,家电零部件Ⅱ,申万二级行业,801116,5223
300161,华中数控,深圳,通用设备,申万二级行业,801072,5223
300162,雷曼光电,深圳,光学光电子,申万二级行业,801084,5223
300163,先锋新材,深圳,化学制品,申万二级行业,801034,5223
300164,通源石油,深圳,油服工程,申万二级行业,801962,5223
300165,天瑞仪器,深圳,通用设备,申万二级行业,801072,5223
300166,东方国信,深圳,IT服务Ⅱ,申万二级行业,801103,5223
300168,万达信息,深圳,IT服务Ⅱ,申万二级行业,801103,5223
300169,天晟新材,深圳,化学制品,申万二级行业,801034,5223
300170,汉得信息,深圳,IT服务Ⅱ,申万二级行业,801103,5223
300171,东富龙,深圳,医疗器械,申万二级行业,801153,5223
300172,中电环保,深圳,环境治理,申万二级行业,801971,5223
300174,元力股份,深圳,化学制品,申万二级行业,801034,5223
300175,朗源股份,深圳,农产品加工,申万二级行业,801012,5223
300176,鸿特科技,深圳,汽车零部件,申万二级行业,801093,5223
300177,中海达,深圳,军工电子Ⅱ,申万二级行业,801745,5223
300179,四方达,深圳,通用设备,申万二级行业,801072,5223
300180,华峰超纤,深圳,塑料,申万二级行业,801036,5223
300181,佐力药业,深圳,中药Ⅱ,申万二级行业,801155,5223
300182,捷成股份,深圳,影视院线,申万二级行业,801766,5223
300183,东软载波,深圳,通信设备,申万二级行业,801102,5223
300184,力源信息,深圳,其他电子Ⅱ,申万二级行业,801082,5223
300185,通裕重工,深圳,风电设备,申万二级行业,801736,5223
300187,永清环保,深圳,环境治理,申万二级行业,801971,5223
300188,国投智能,深圳,软件开发,申万二级行业,801104,5223
300189,神农种业,深圳,种植业,申万二级行业,801016,5223
300190,维尔利,深圳,环境治理,申万二级行业,801971,5223
300191,潜能恒信,深圳,油服工程,申万二级行业,801962,5223
300192,科德教育,深圳,教育,申万二级行业,801994,5223
300193,佳士科技,深圳,通用设备,申万二级行业,801072,5223
300194,福安药业,深圳,化学制药,申万二级行业,801151,5223
300195,长荣股份,深圳,专用设备,申万二级行业,801074,5223
300196,长海股份,深圳,玻璃玻纤,申万二级行业,801712,5223
300197,节能铁汉,深圳,基础建设,申万二级行业,801723,5223
300199,翰宇药业,深圳,化学制药,申万二级行业,801151,5223
300200,高盟新材,深圳,化学制品,申万二级行业,801034,5223
300201,海伦哲,深圳,工程机械,申万二级行业,801077,5223
300203,聚光科技,深圳,环保设备Ⅱ,申万二级行业,801972,5223
300204,舒泰神,深圳,化学制药,申万二级行业,801151,5223
300206,理邦仪器,深圳,医疗器械,申万二级行业,801153,5223
300207,欣旺达,深圳,电池,申万二级行业,801737,5223
300209,行云科技,深圳,软件开发,申万二级行业,801104,5223
300210,森远股份,深圳,环保设备Ⅱ,申万二级行业,801972,5223
300211,亿通科技,深圳,通信服务,申万二级行业,801223,5223
300213,佳讯飞鸿,深圳,通信设备,申万二级行业,801102,5223
300214,日科化学,深圳,化学制品,申万二级行业,801034,5223
300215,电科院,深圳,专业服务,申万二级行业,801218,5223
300217,东方电热,深圳,家电零部件Ⅱ,申万二级行业,801116,5223
300218,安利股份,深圳,塑料,申万二级行业,801036,5223
300219,鸿利智汇,深圳,光学光电子,申万二级行业,801084,5223
300220,金运激光,深圳,自动化设备,申万二级行业,801078,5223
300221,银禧科技,深圳,塑料,申万二级行业,801036,5223
300222,科大智能,深圳,电网设备,申万二级行业,801738,5223
300223,君正股份,深圳,半导体,申万二级行业,801081,5223
300224,正海磁材,深圳,金属新材料,申万二级行业,801051,5223
300225,金力泰,深圳,化学制品,申万二级行业,801034,5223
300226,上海钢联,深圳,软件开发,申万二级行业,801104,5223
300227,光韵达,深圳,自动化设备,申万二级行业,801078,5223
300228,富瑞特装,深圳,通用设备,申万二级行业,801072,5223
300229,拓尔思,深圳,软件开发,申万二级行业,801104,5223
300230,永利股份,深圳,塑料,申万二级行业,801036,5223
300231,银信科技,深圳,IT服务Ⅱ,申万二级行业,801103,5223
300232,洲明科技,深圳,光学光电子,申万二级行业,801084,5223
300233,金城医药,深圳,化学制药,申万二级行业,801151,5223
300234,开尔新材,深圳,装修建材,申万二级行业,801713,5223
300235,方直科技,深圳,软件开发,申万二级行业,801104,5223
300236,上海新阳,深圳,电子化学品Ⅱ,申万二级行业,801086,5223
300238,冠昊生物,深圳,医疗器械,申万二级行业,801153,5223
300239,东宝生物,深圳,生物制品,申万二级行业,801152,5223
300240,飞力达,深圳,物流,申万二级行业,801178,5223
300241,瑞丰光电,深圳,光学光电子,申万二级行业,801084,5223
300242,佳云科技,深圳,广告营销,申万二级行业,801765,5223
300243,瑞丰高材,深圳,塑料,申万二级行业,801036,5223
300244,迪安诊断,深圳,医疗服务,申万二级行业,801156,5223
300246,宝莱特,深圳,医疗器械,申万二级行业,801153,5223
300247,融捷健康,深圳,未分类,缺失,,5223
300248,新开普,深圳,计算机设备,申万二级行业,801101,5223
300249,依米康,深圳,计算机设备,申万二级行业,801101,5223
300250,初灵信息,深圳,IT服务Ⅱ,申万二级行业,801103,5223
300251,光线传媒,深圳,影视院线,申万二级行业,801766,5223
300252,金信诺,深圳,军工电子Ⅱ,申万二级行业,801745,5223
300253,卫宁健康,深圳,软件开发,申万二级行业,801104,5223
300254,仟源医药,深圳,化学制药,申万二级行业,801151,5223
300255,常山药业,深圳,化学制药,申万二级行业,801151,5223
300256,星星科技,深圳,消费电子,申万二级行业,801085,5223
300257,开山股份,深圳,通用设备,申万二级行业,801072,5223
300258,精锻科技,深圳,汽车零部件,申万二级行业,801093,5223
300259,新天科技,深圳,通用设备,申万二级行业,801072,5223
300260,新莱应材,深圳,通用设备,申万二级行业,801072,5223
300261,雅本化学,深圳,农化制品,申万二级行业,801038,5223
300263,隆华科技,深圳,通用设备,申万二级行业,801072,5223
300264,佳创视讯,深圳,IT服务Ⅱ,申万二级行业,801103,5223
300265,通光线缆,深圳,电网设备,申万二级行业,801738,5223
300266,兴源环境,深圳,环境治理,申万二级行业,801971,5223
300267,尔康制药,深圳,化学制药,申万二级行业,801151,5223
300268,佳沃食品,深圳,农产品加工,申万二级行业,801012,5223
300269,联建光电,深圳,光学光电子,申万二级行业,801084,5223
300270,中威电子,深圳,计算机设备,申万二级行业,801101,5223
300271,华宇软件,深圳,IT服务Ⅱ,申万二级行业,801103,5223
300272,开能健康,深圳,小家电,申万二级行业,801113,5223
300274,阳光电源,深圳,光伏设备,申万二级行业,801735,5223
300275,梅安森,深圳,计算机设备,申万二级行业,801101,5223
300276,三丰智能,深圳,自动化设备,申万二级行业,801078,5223
300277,汽轮科技,深圳,IT服务Ⅱ,申万二级行业,801103,5223
300278,华昌达,深圳,自动化设备,申万二级行业,801078,5223
300279,和晶科技,深圳,家电零部件Ⅱ,申万二级行业,801116,5223
300281,金明精机,深圳,专用设备,申万二级行业,801074,5223
300283,温州宏丰,深圳,电网设备,申万二级行业,801738,5223
300284,苏交科,深圳,工程咨询服务Ⅱ,申万二级行业,801726,5223
300285,国瓷材料,深圳,电子化学品Ⅱ,申万二级行业,801086,5223
300286,安科瑞,深圳,电网设备,申万二级行业,801738,5223
300287,飞利信,深圳,IT服务Ⅱ,申万二级行业,801103,5223
300288,朗玛信息,深圳,IT服务Ⅱ,申万二级行业,801103,5223
300289,利德曼,深圳,医疗器械,申万二级行业,801153,5223
300291,百纳千成,深圳,影视院线,申万二级行业,801766,5223
300292,吴通控股,深圳,通信服务,申万二级行业,801223,5223
300293,蓝英装备,深圳,专用设备,申万二级行业,801074,5223
300294,博雅生物,深圳,生物制品,申万二级行业,801152,5223
300296,利亚德,深圳,光学光电子,申万二级行业,801084,5223
300298,三诺生物,深圳,医疗器械,申万二级行业,801153,5223
300299,富春股份,深圳,游戏Ⅱ,申万二级行业,801764,5223
300300,海峡创新,深圳,IT服务Ⅱ,申万二级行业,801103,5223
300302,同有科技,深圳,计算机设备,申万二级行业,801101,5223
300303,聚飞光电,深圳,光学光电子,申万二级行业,801084,5223
300304,云意电气,深圳,汽车零部件,申万二级行业,801093,5223
300305,裕兴股份,深圳,塑料,申万二级行业,801036,5223
300306,远方信息,深圳,通用设备,申万二级行业,801072,5223
300307,慈星股份,深圳,专用设备,申万二级行业,801074,5223
300308,中际旭创,深圳,通信设备,申万二级行业,801102,5223
300310,宜通世纪,深圳,通信服务,申万二级行业,801223,5223
300311,任子行,深圳,软件开发,申万二级行业,801104,5223
300313,天山生物,深圳,养殖业,申万二级行业,801017,5223
300314,戴维医疗,深圳,医疗器械,申万二级行业,801153,5223
300315,掌趣科技,深圳,游戏Ⅱ,申万二级行业,801764,5223
300316,晶盛机电,深圳,光伏设备,申万二级行业,801735,5223
300317,珈伟新能,深圳,电力,申万二级行业,801161,5223
300318,博晖创新,深圳,生物制品,申万二级行业,801152,5223
300319,麦捷科技,深圳,元件,申万二级行业,801083,5223
300320,海达股份,深圳,橡胶,申万二级行业,801037,5223
300321,同大股份,深圳,化学制品,申万二级行业,801034,5223
300322,硕贝德,深圳,消费电子,申万二级行业,801085,5223
300323,华灿光电,深圳,光学光电子,申万二级行业,801084,5223
300324,旋极信息,深圳,计算机设备,申万二级行业,801101,5223
300327,中颖电子,深圳,半导体,申万二级行业,801081,5223
300328,宜安科技,深圳,工业金属,申万二级行业,801055,5223
300329,海伦钢琴,深圳,文娱用品,申万二级行业,801145,5223
300331,苏大维格,深圳,光学光电子,申万二级行业,801084,5223
300332,天壕能源,深圳,燃气Ⅱ,申万二级行业,801163,5223
300333,兆日科技,深圳,计算机设备,申万二级行业,801101,5223
300334,津膜科技,深圳,环境治理,申万二级行业,801971,5223
300335,迪森股份,深圳,电力,申万二级行业,801161,5223
300337,银邦股份,深圳,工业金属,申万二级行业,801055,5223
300339,润和软件,深圳,IT服务Ⅱ,申万二级行业,801103,5223
300340,科恒股份,深圳,电池,申万二级行业,801737,5223
300341,麦克奥迪,深圳,医疗器械,申万二级行业,801153,5223
300342,天银机电,深圳,家电零部件Ⅱ,申万二级行业,801116,5223
300343,联创股份,深圳,化学制品,申万二级行业,801034,5223
300345,华民股份,深圳,光伏设备,申万二级行业,801735,5223
300346,南大光电,深圳,电子化学品Ⅱ,申万二级行业,801086,5223
300347,泰格医药,深圳,医疗服务,申万二级行业,801156,5223
300348,长亮科技,深圳,软件开发,申万二级行业,801104,5223
300349,金卡智能,深圳,通用设备,申万二级行业,801072,5223
300350,华鹏飞,深圳,物流,申万二级行业,801178,5223
300351,永贵电器,深圳,轨交设备Ⅱ,申万二级行业,801076,5223
300353,东土科技,深圳,通信设备,申万二级行业,801102,5223
300354,东华测试,深圳,通用设备,申万二级行业,801072,5223
300355,蒙草生态,深圳,基础建设,申万二级行业,801723,5223
300357,我武生物,深圳,生物制品,申万二级行业,801152,5223
300358,楚天科技,深圳,医疗器械,申万二级行业,801153,5223
300359,全通教育,深圳,教育,申万二级行业,801994,5223
300360,炬华科技,深圳,电网设备,申万二级行业,801738,5223
300363,博腾股份,深圳,医疗服务,申万二级行业,801156,5223
300364,中文在线,深圳,出版,申万二级行业,801769,5223
300365,恒华科技,深圳,软件开发,申万二级行业,801104,5223
300368,汇金股份,深圳,计算机设备,申万二级行业,801101,5223
300369,绿盟科技,深圳,软件开发,申万二级行业,801104,5223
300370,安控科技,深圳,通用设备,申万二级行业,801072,5223
300371,汇中股份,深圳,通用设备,申万二级行业,801072,5223
300373,扬杰科技,深圳,半导体,申万二级行业,801081,5223
300374,中铁装配,深圳,装修建材,申万二级行业,801713,5223
300375,鹏翎股份,深圳,汽车零部件,申万二级行业,801093,5223
300376,易事特,深圳,其他电源设备Ⅱ,申万二级行业,801733,5223
300377,赢时胜,深圳,软件开发,申万二级行业,801104,5223
300378,鼎捷数智,深圳,软件开发,申万二级行业,801104,5223
300380,安硕信息,深圳,软件开发,申万二级行业,801104,5223
300381,溢多利,深圳,化学制药,申万二级行业,801151,5223
300382,斯莱克,深圳,专用设备,申万二级行业,801074,5223
300383,光环新网,深圳,通信服务,申万二级行业,801223,5223
300384,三联虹普,深圳,专业工程,申万二级行业,801724,5223
300386,飞天诚信,深圳,计算机设备,申万二级行业,801101,5223
300387,富邦科技,深圳,农化制品,申万二级行业,801038,5223
300388,节能国祯,深圳,环境治理,申万二级行业,801971,5223
300389,艾比森,深圳,光学光电子,申万二级行业,801084,5223
300390,天华新能,深圳,电池,申万二级行业,801737,5223
300393,中来股份,深圳,光伏设备,申万二级行业,801735,5223
300394,天孚通信,深圳,通信设备,申万二级行业,801102,5223
300395,菲利华,深圳,航空装备Ⅱ,申万二级行业,801742,5223
300397,天和防务,深圳,军工电子Ⅱ,申万二级行业,801745,5223
300398,飞凯材料,深圳,电子化学品Ⅱ,申万二级行业,801086,5223
300399,天利科技,深圳,IT服务Ⅱ,申万二级行业,801103,5223
300400,劲拓股份,深圳,自动化设备,申万二级行业,801078,5223
300401,花园生物,深圳,化学制药,申万二级行业,801151,5223
300402,宝色股份,深圳,通用设备,申万二级行业,801072,5223
300403,汉宇集团,深圳,家电零部件Ⅱ,申万二级行业,801116,5223
300404,博济医药,深圳,医疗服务,申万二级行业,801156,5223
300405,科隆股份,深圳,化学制品,申万二级行业,801034,5223
300406,九强生物,深圳,医疗器械,申万二级行业,801153,5223
300407,凯发电气,深圳,电网设备,申万二级行业,801738,5223
300408,三环集团,深圳,元件,申万二级行业,801083,5223
300409,道氏技术,深圳,电池,申万二级行业,801737,5223
300410,正业科技,深圳,电池,申万二级行业,801737,5223
300411,金盾股份,深圳,专用设备,申万二级行业,801074,5223
300412,迦南科技,深圳,专用设备,申万二级行业,801074,5223
300413,芒果超媒,深圳,数字媒体,申万二级行业,801767,5223
300414,中光防雷,深圳,通信设备,申万二级行业,801102,5223
300415,伊之密,深圳,专用设备,申万二级行业,801074,5223
300416,苏试试验,深圳,专业服务,申万二级行业,801218,5223
300417,南华仪器,深圳,通用设备,申万二级行业,801072,5223
300418,昆仑万维,深圳,游戏Ⅱ,申万二级行业,801764,5223
300420,五洋自控,深圳,通用设备,申万二级行业,801072,5223
300421,力星股份,深圳,通用设备,申万二级行业,801072,5223
300422,博世科,深圳,环境治理,申万二级行业,801971,5223
300423,昇辉科技,深圳,电网设备,申万二级行业,801738,5223
300424,航新科技,深圳,航空装备Ⅱ,申万二级行业,801742,5223
300425,中建环能,深圳,环境治理,申万二级行业,801971,5223
300426,华智数媒,深圳,影视院线,申万二级行业,801766,5223
300427,红相股份,深圳,电网设备,申万二级行业,801738,5223
300428,立中集团,深圳,汽车零部件,申万二级行业,801093,5223
300429,强力新材,深圳,电子化学品Ⅱ,申万二级行业,801086,5223
300432,富临精工,深圳,电池,申万二级行业,801737,5223
300433,蓝思科技,深圳,消费电子,申万二级行业,801085,5223
300434,金石亚药,深圳,化学制药,申万二级行业,801151,5223
300435,中泰股份,深圳,专用设备,申万二级行业,801074,5223
300436,广生堂,深圳,化学制药,申万二级行业,801151,5223
300437,清水源,深圳,环境治理,申万二级行业,801971,5223
300438,鹏辉能源,深圳,电池,申万二级行业,801737,5223
300439,美康生物,深圳,医疗器械,申万二级行业,801153,5223
300440,运达科技,深圳,IT服务Ⅱ,申万二级行业,801103,5223
300441,鲍斯股份,深圳,通用设备,申万二级行业,801072,5223
300442,润泽科技,深圳,通信服务,申万二级行业,801223,5223
300443,金雷股份,深圳,风电设备,申万二级行业,801736,5223
300444,双杰电气,深圳,电网设备,申万二级行业,801738,5223
300445,康斯特,深圳,通用设备,申万二级行业,801072,5223
300446,航天智造,深圳,汽车零部件,申万二级行业,801093,5223
300447,全信股份,深圳,军工电子Ⅱ,申万二级行业,801745,5223
300448,浩云科技,深圳,IT服务Ⅱ,申万二级行业,801103,5223
300449,汉邦高科,深圳,计算机设备,申万二级行业,801101,5223
300450,先导智能,深圳,电池,申万二级行业,801737,5223
300451,创业慧康,深圳,软件开发,申万二级行业,801104,5223
300452,山河药辅,深圳,化学制药,申万二级行业,801151,5223
300453,三鑫医疗,深圳,医疗器械,申万二级行业,801153,5223
300454,深信服,深圳,软件开发,申万二级行业,801104,5223
300455,航天智装,深圳,计算机设备,申万二级行业,801101,5223
300456,赛微电子,深圳,半导体,申万二级行业,801081,5223
300457,赢合科技,深圳,电池,申万二级行业,801737,5223
300458,全志科技,深圳,半导体,申万二级行业,801081,5223
300459,汤姆猫,深圳,游戏Ⅱ,申万二级行业,801764,5223
300461,田中精机,深圳,自动化设备,申万二级行业,801078,5223
300463,迈克生物,深圳,医疗器械,申万二级行业,801153,5223
300464,星徽股份,深圳,互联网电商,申万二级行业,801206,5223
300465,高伟达,深圳,软件开发,申万二级行业,801104,5223
300466,赛摩智能,深圳,通用设备,申万二级行业,801072,5223
300467,迅游科技,深圳,游戏Ⅱ,申万二级行业,801764,5223
300468,四方精创,深圳,软件开发,申万二级行业,801104,5223
300469,信息发展,深圳,软件开发,申万二级行业,801104,5223
300470,中密控股,深圳,通用设备,申万二级行业,801072,5223
300471,厚普股份,深圳,专用设备,申万二级行业,801074,5223
300473,德尔股份,深圳,汽车零部件,申万二级行业,801093,5223
300474,景嘉微,深圳,军工电子Ⅱ,申万二级行业,801745,5223
300475,香农芯创,深圳,其他电子Ⅱ,申万二级行业,801082,5223
300476,胜宏科技,深圳,元件,申万二级行业,801083,5223
300478,杭州高新,深圳,塑料,申万二级行业,801036,5223
300479,神思电子,深圳,计算机设备,申万二级行业,801101,5223
300480,光力科技,深圳,专用设备,申万二级行业,801074,5223
300481,濮阳惠成,深圳,电子化学品Ⅱ,申万二级行业,801086,5223
300482,万孚生物,深圳,医疗器械,申万二级行业,801153,5223
300483,首华燃气,深圳,燃气Ⅱ,申万二级行业,801163,5223
300484,蓝海华腾,深圳,自动化设备,申万二级行业,801078,5223
300485,赛升药业,深圳,生物制品,申万二级行业,801152,5223
300486,东杰智能,深圳,自动化设备,申万二级行业,801078,5223
300487,蓝晓科技,深圳,塑料,申万二级行业,801036,5223
300488,恒锋工具,深圳,通用设备,申万二级行业,801072,5223
300489,光智科技,深圳,光学光电子,申万二级行业,801084,5223
300490,华自科技,深圳,电池,申万二级行业,801737,5223
300491,通合科技,深圳,其他电源设备Ⅱ,申万二级行业,801733,5223
300492,华图山鼎,深圳,教育,申万二级行业,801994,5223
300493,润欣科技,深圳,其他电子Ⅱ,申万二级行业,801082,5223
300494,盛天网络,深圳,游戏Ⅱ,申万二级行业,801764,5223
300496,中科创达,深圳,IT服务Ⅱ,申万二级行业,801103,5223
300497,富祥股份,深圳,化学制药,申万二级行业,801151,5223
300498,温氏股份,深圳,养殖业,申万二级行业,801017,5223
300499,高澜股份,深圳,专用设备,申万二级行业,801074,5223
300500,启迪设计,深圳,工程咨询服务Ⅱ,申万二级行业,801726,5223
300501,海顺新材,深圳,包装印刷,申万二级行业,801141,5223
300502,新易盛,深圳,通信设备,申万二级行业,801102,5223
300503,昊志机电,深圳,通用设备,申万二级行业,801072,5223
300504,天邑股份,深圳,通信设备,申万二级行业,801102,5223
300505,川金诺,深圳,农化制品,申万二级行业,801038,5223
300506,名家汇,深圳,装修装饰Ⅱ,申万二级行业,801722,5223
300507,苏奥传感,深圳,汽车零部件,申万二级行业,801093,5223
300508,维宏股份,深圳,计算机设备,申万二级行业,801101,5223
300509,新美星,深圳,专用设备,申万二级行业,801074,5223
300510,金冠股份,深圳,电网设备,申万二级行业,801738,5223
300511,雪榕生物,深圳,种植业,申万二级行业,801016,5223
300512,中亚股份,深圳,专用设备,申万二级行业,801074,5223
300513,恒实科技,深圳,通信服务,申万二级行业,801223,5223
300514,友讯达,深圳,电网设备,申万二级行业,801738,5223
300515,三德科技,深圳,通用设备,申万二级行业,801072,5223
300516,久之洋,深圳,其他电子Ⅱ,申万二级行业,801082,5223
300517,海波重科,深圳,专业工程,申万二级行业,801724,5223
300518,新迅达,深圳,互联网电商,申万二级行业,801206,5223
300519,新光药业,深圳,中药Ⅱ,申万二级行业,801155,5223
300520,科大国创,深圳,软件开发,申万二级行业,801104,5223
300521,爱司凯,深圳,专用设备,申万二级行业,801074,5223
300522,世名科技,深圳,化学制品,申万二级行业,801034,5223
300523,辰安科技,深圳,IT服务Ⅱ,申万二级行业,801103,5223
300525,博思软件,深圳,软件开发,申万二级行业,801104,5223
300528,幸福蓝海,深圳,影视院线,申万二级行业,801766,5223
300529,健帆生物,深圳,医疗器械,申万二级行业,801153,5223
300530,领湃科技,深圳,电池,申万二级行业,801737,5223
300531,优博讯,深圳,计算机设备,申万二级行业,801101,5223
300532,今天国际,深圳,IT服务Ⅱ,申万二级行业,801103,5223
300533,冰川网络,深圳,游戏Ⅱ,申万二级行业,801764,5223
300534,陇神戎发,深圳,中药Ⅱ,申万二级行业,801155,5223
300535,达威股份,深圳,化学制品,申万二级行业,801034,5223
300536,农尚环境,深圳,IT服务Ⅱ,申万二级行业,801103,5223
300537,广信材料,深圳,电子化学品Ⅱ,申万二级行业,801086,5223
300538,同益股份,深圳,塑料,申万二级行业,801036,5223
300539,横河精密,深圳,塑料,申万二级行业,801036,5223
300540,蜀道装备,深圳,专用设备,申万二级行业,801074,5223
300541,先进数通,深圳,IT服务Ⅱ,申万二级行业,801103,5223
300542,新晨科技,深圳,软件开发,申万二级行业,801104,5223
300543,朗科智能,深圳,家电零部件Ⅱ,申万二级行业,801116,5223
300545,联得装备,深圳,光学光电子,申万二级行业,801084,5223
300546,雄帝科技,深圳,计算机设备,申万二级行业,801101,5223
300547,川环科技,深圳,汽车零部件,申万二级行业,801093,5223
300548,长芯博创,深圳,通信设备,申万二级行业,801102,5223
300549,优德精密,深圳,专用设备,申万二级行业,801074,5223
300550,和仁科技,深圳,软件开发,申万二级行业,801104,5223
300551,古鳌科技,深圳,计算机设备,申万二级行业,801101,5223
300552,万集科技,深圳,计算机设备,申万二级行业,801101,5223
300553,集智股份,深圳,通用设备,申万二级行业,801072,5223
300554,三超新材,深圳,通用设备,申万二级行业,801072,5223
300556,丝路视觉,深圳,软件开发,申万二级行业,801104,5223
300557,理工光科,深圳,通用设备,申万二级行业,801072,5223
300558,贝达药业,深圳,化学制药,申万二级行业,801151,5223
300559,佳发教育,深圳,软件开发,申万二级行业,801104,5223
300560,中富通,深圳,通信服务,申万二级行业,801223,5223
300561,汇金科技,深圳,软件开发,申万二级行业,801104,5223
300562,乐心股份,深圳,医疗器械,申万二级行业,801153,5223
300563,神宇股份,深圳,通信设备,申万二级行业,801102,5223
300564,筑博设计,深圳,工程咨询服务Ⅱ,申万二级行业,801726,5223
300565,科信技术,深圳,通信设备,申万二级行业,801102,5223
300566,激智科技,深圳,光学光电子,申万二级行业,801084,5223
300567,精测电子,深圳,通用设备,申万二级行业,801072,5223
300568,星源材质,深圳,电池,申万二级行业,801737,5223
300569,天能重工,深圳,风电设备,申万二级行业,801736,5223
300570,太辰光,深圳,通信设备,申万二级行业,801102,5223
300571,平治信息,深圳,通信服务,申万二级行业,801223,5223
300572,安车检测,深圳,通用设备,申万二级行业,801072,5223
300573,兴齐眼药,深圳,化学制药,申万二级行业,801151,5223
300575,中旗股份,深圳,农化制品,申万二级行业,801038,5223
300576,容大感光,深圳,电子化学品Ⅱ,申万二级行业,801086,5223
300577,开润股份,深圳,服装家纺,申万二级行业,801132,5223
300578,会畅科技,深圳,通信服务,申万二级行业,801223,5223
300579,数字认证,深圳,软件开发,申万二级行业,801104,5223
300580,贝斯特,深圳,汽车零部件,申万二级行业,801093,5223
300581,晨曦航空,深圳,航空装备Ⅱ,申万二级行业,801742,5223
300582,英飞特,深圳,光学光电子,申万二级行业,801084,5223
300583,赛托生物,深圳,化学制药,申万二级行业,801151,5223
300584,海辰药业,深圳,化学制药,申万二级行业,801151,5223
300585,奥联电子,深圳,汽车零部件,申万二级行业,801093,5223
300586,美联新材,深圳,塑料,申万二级行业,801036,5223
300587,天铁科技,深圳,橡胶,申万二级行业,801037,5223
300588,熙菱信息,深圳,计算机设备,申万二级行业,801101,5223
300589,江龙船艇,深圳,航海装备Ⅱ,申万二级行业,801744,5223
300590,移为通信,深圳,通信设备,申万二级行业,801102,5223
300591,万里马,深圳,服装家纺,申万二级行业,801132,5223
300592,华凯易佰,深圳,互联网电商,申万二级行业,801206,5223
300593,新雷能,深圳,其他电源设备Ⅱ,申万二级行业,801733,5223
300595,欧普康视,深圳,医疗器械,申万二级行业,801153,5223
300596,利安隆,深圳,化学制品,申万二级行业,801034,5223
300597,吉大通信,深圳,通信服务,申万二级行业,801223,5223
300598,诚迈科技,深圳,软件开发,申万二级行业,801104,5223
300599,雄塑科技,深圳,装修建材,申万二级行业,801713,5223
300600,国瑞科技,深圳,航海装备Ⅱ,申万二级行业,801744,5223
300601,康泰生物,深圳,生物制品,申万二级行业,801152,5223
300602,飞荣达,深圳,消费电子,申万二级行业,801085,5223
300603,立昂技术,深圳,通信服务,申万二级行业,801223,5223
300604,长川科技,深圳,半导体,申万二级行业,801081,5223
300605,恒锋信息,深圳,软件开发,申万二级行业,801104,5223
300606,金太阳,深圳,通用设备,申万二级行业,801072,5223
300607,拓斯达,深圳,自动化设备,申万二级行业,801078,5223
300608,思特奇,深圳,软件开发,申万二级行业,801104,5223
300609,汇纳科技,深圳,IT服务Ⅱ,申万二级行业,801103,5223
300610,晨化股份,深圳,化学制品,申万二级行业,801034,5223
300611,美力科技,深圳,汽车零部件,申万二级行业,801093,5223
300612,宣亚国际,深圳,广告营销,申万二级行业,801765,5223
300613,富瀚微,深圳,半导体,申万二级行业,801081,5223
300614,百川畅银,深圳,环境治理,申万二级行业,801971,5223
300615,欣天科技,深圳,通信设备,申万二级行业,801102,5223
300616,尚品宅配,深圳,家居用品,申万二级行业,801142,5223
300617,安靠智电,深圳,电网设备,申万二级行业,801738,5223
300618,寒锐钴业,深圳,能源金属,申万二级行业,801056,5223
300619,金银河,深圳,电池,申万二级行业,801737,5223
300620,光库科技,深圳,通信设备,申万二级行业,801102,5223
300621,维业股份,深圳,装修装饰Ⅱ,申万二级行业,801722,5223
300622,博士眼镜,深圳,专业连锁Ⅱ,申万二级行业,801204,5223
300623,捷捷微电,深圳,半导体,申万二级行业,801081,5223
300624,万兴科技,深圳,软件开发,申万二级行业,801104,5223
300625,三雄极光,深圳,照明设备Ⅱ,申万二级行业,801115,5223
300626,华瑞股份,深圳,电机Ⅱ,申万二级行业,801731,5223
300627,华测导航,深圳,通信设备,申万二级行业,801102,5223
300628,亿联网络,深圳,通信设备,申万二级行业,801102,5223
300629,新劲刚,深圳,军工电子Ⅱ,申万二级行业,801745,5223
300631,久吾高科,深圳,环保设备Ⅱ,申万二级行业,801972,5223
300632,光莆股份,深圳,光学光电子,申万二级行业,801084,5223
300633,开立医疗,深圳,医疗器械,申万二级行业,801153,5223
300634,彩讯股份,深圳,IT服务Ⅱ,申万二级行业,801103,5223
300635,中达安,深圳,工程咨询服务Ⅱ,申万二级行业,801726,5223
300636,同和药业,深圳,化学制药,申万二级行业,801151,5223
300637,扬帆新材,深圳,化学制品,申万二级行业,801034,5223
300638,广和通,深圳,通信设备,申万二级行业,801102,5223
300639,凯普生物,深圳,医疗器械,申万二级行业,801153,5223
300640,德艺文创,深圳,家居用品,申万二级行业,801142,5223
300641,正丹股份,深圳,化学制品,申万二级行业,801034,5223
300642,透景生命,深圳,医疗器械,申万二级行业,801153,5223
300643,万通智控,深圳,汽车零部件,申万二级行业,801093,5223
300644,南京聚隆,深圳,塑料,申万二级行业,801036,5223
300645,正元智慧,深圳,计算机设备,申万二级行业,801101,5223
300647,超频三,深圳,消费电子,申万二级行业,801085,5223
300648,星云股份,深圳,电池,申万二级行业,801737,5223
300649,杭州园林,深圳,基础建设,申万二级行业,801723,5223
300650,太龙股份,深圳,其他电子Ⅱ,申万二级行业,801082,5223
300651,金陵体育,深圳,文娱用品,申万二级行业,801145,5223
300652,雷迪克,深圳,汽车零部件,申万二级行业,801093,5223
300653,正海生物,深圳,医疗器械,申万二级行业,801153,5223
300654,世纪天鸿,深圳,出版,申万二级行业,801769,5223
300655,晶瑞电材,深圳,电子化学品Ⅱ,申万二级行业,801086,5223
300656,民德电子,深圳,其他电子Ⅱ,申万二级行业,801082,5223
300657,弘信电子,深圳,元件,申万二级行业,801083,5223
300658,延江股份,深圳,个护用品,申万二级行业,801981,5223
300659,中孚信息,深圳,计算机设备,申万二级行业,801101,5223
300660,江苏雷利,深圳,电机Ⅱ,申万二级行业,801731,5223
300661,圣邦股份,深圳,半导体,申万二级行业,801081,5223
300662,科锐国际,深圳,专业服务,申万二级行业,801218,5223
300663,科蓝软件,深圳,软件开发,申万二级行业,801104,5223
300664,鹏鹞环保,深圳,环境治理,申万二级行业,801971,5223
300665,飞鹿股份,深圳,化学制品,申万二级行业,801034,5223
300666,江丰电子,深圳,半导体,申万二级行业,801081,5223
300667,必创科技,深圳,通用设备,申万二级行业,801072,5223
300668,杰恩股份,深圳,工程咨询服务Ⅱ,申万二级行业,801726,5223
300669,沪宁股份,深圳,专用设备,申万二级行业,801074,5223
300670,大烨智能,深圳,电网设备,申万二级行业,801738,5223
300671,富满微,深圳,半导体,申万二级行业,801081,5223
300672,国科微,深圳,半导体,申万二级行业,801081,5223
300673,佩蒂股份,深圳,饲料,申万二级行业,801014,5223
300674,宇信科技,深圳,IT服务Ⅱ,申万二级行业,801103,5223
300675,建科院,深圳,工程咨询服务Ⅱ,申万二级行业,801726,5223
300676,华大基因,深圳,医疗服务,申万二级行业,801156,5223
300677,英科医疗,深圳,医疗器械,申万二级行业,801153,5223
300678,中科信息,深圳,IT服务Ⅱ,申万二级行业,801103,5223
300679,电连技术,深圳,消费电子,申万二级行业,801085,5223
300680,隆盛科技,深圳,汽车零部件,申万二级行业,801093,5223
300681,英搏尔,深圳,汽车零部件,申万二级行业,801093,5223
300682,朗新科技,深圳,IT服务Ⅱ,申万二级行业,801103,5223
300683,海特生物,深圳,医疗服务,申万二级行业,801156,5223
300684,中石科技,深圳,电子化学品Ⅱ,申万二级行业,801086,5223
300685,艾德生物,深圳,医疗器械,申万二级行业,801153,5223
300686,智动力,深圳,消费电子,申万二级行业,801085,5223
300687,赛意信息,深圳,IT服务Ⅱ,申万二级行业,801103,5223
300688,创业黑马,深圳,教育,申万二级行业,801994,5223
300689,澄天伟业,深圳,通信设备,申万二级行业,801102,5223
300690,双一科技,深圳,风电设备,申万二级行业,801736,5223
300691,联合光电,深圳,计算机设备,申万二级行业,801101,5223
300692,中赋科技,深圳,环境治理,申万二级行业,801971,5223
300693,盛弘股份,深圳,其他电源设备Ⅱ,申万二级行业,801733,5223
300694,蠡湖股份,深圳,汽车零部件,申万二级行业,801093,5223
300695,兆丰股份,深圳,汽车零部件,申万二级行业,801093,5223
300696,爱乐达,深圳,航空装备Ⅱ,申万二级行业,801742,5223
300697,电工合金,深圳,工业金属,申万二级行业,801055,5223
300698,万马科技,深圳,通信设备,申万二级行业,801102,5223
300699,光威复材,深圳,航空装备Ⅱ,申万二级行业,801742,5223
300700,岱勒新材,深圳,通用设备,申万二级行业,801072,5223
300701,森霸传感,深圳,光学光电子,申万二级行业,801084,5223
300702,天宇股份,深圳,化学制药,申万二级行业,801151,5223
300703,创源股份,深圳,文娱用品,申万二级行业,801145,5223
300705,九典制药,深圳,化学制药,申万二级行业,801151,5223
300706,阿石创,深圳,半导体,申万二级行业,801081,5223
300707,威唐工业,深圳,汽车零部件,申万二级行业,801093,5223
300708,聚灿光电,深圳,光学光电子,申万二级行业,801084,5223
300709,精研科技,深圳,消费电子,申万二级行业,801085,5223
300710,万隆光电,深圳,通信设备,申万二级行业,801102,5223
300711,广哈通信,深圳,通信设备,申万二级行业,801102,5223
300712,永福股份,深圳,专业工程,申万二级行业,801724,5223
300713,英可瑞,深圳,其他电源设备Ⅱ,申万二级行业,801733,5223
300715,凯伦股份,深圳,装修建材,申万二级行业,801713,5223
300717,华信新材,深圳,塑料,申万二级行业,801036,5223
300718,长盛轴承,深圳,通用设备,申万二级行业,801072,5223
300719,安达维尔,深圳,航空装备Ⅱ,申万二级行业,801742,5223
300720,海川智能,深圳,通用设备,申万二级行业,801072,5223
300721,怡达股份,深圳,化学制品,申万二级行业,801034,5223
300722,新余国科,深圳,航天装备Ⅱ,申万二级行业,801741,5223
300723,一品红,深圳,化学制药,申万二级行业,801151,5223
300724,捷佳伟创,深圳,光伏设备,申万二级行业,801735,5223
300725,药石科技,深圳,医疗服务,申万二级行业,801156,5223
300726,宏达电子,深圳,军工电子Ⅱ,申万二级行业,801745,5223
300727,润禾材料,深圳,化学制品,申万二级行业,801034,5223
300729,乐歌股份,深圳,家居用品,申万二级行业,801142,5223
300730,科创信息,深圳,软件开发,申万二级行业,801104,5223
300731,科创新源,深圳,橡胶,申万二级行业,801037,5223
300732,设研院,深圳,工程咨询服务Ⅱ,申万二级行业,801726,5223
300733,西菱动力,深圳,汽车零部件,申万二级行业,801093,5223
300735,光弘科技,深圳,消费电子,申万二级行业,801085,5223
300736,百邦科技,深圳,其他电子Ⅱ,申万二级行业,801082,5223
300737,科顺股份,深圳,装修建材,申万二级行业,801713,5223
300738,奥飞数据,深圳,通信服务,申万二级行业,801223,5223
300739,明阳电路,深圳,元件,申万二级行业,801083,5223
300740,水羊股份,深圳,化妆品,申万二级行业,801982,5223
300741,华宝股份,深圳,化学制品,申万二级行业,801034,5223
300743,天地数码,深圳,计算机设备,申万二级行业,801101,5223
300745,欣锐科技,深圳,汽车零部件,申万二级行业,801093,5223
300746,汉嘉数智,深圳,工程咨询服务Ⅱ,申万二级行业,801726,5223
300747,锐科激光,深圳,自动化设备,申万二级行业,801078,5223
300748,金力永磁,深圳,金属新材料,申万二级行业,801051,5223
300749,顶固集创,深圳,家居用品,申万二级行业,801142,5223
300750,宁德时代,深圳,电池,申万二级行业,801737,5223
300751,迈为股份,深圳,光伏设备,申万二级行业,801735,5223
300752,隆利科技,深圳,光学光电子,申万二级行业,801084,5223
300753,爱朋医疗,深圳,医疗器械,申万二级行业,801153,5223
300755,华致酒行,深圳,专业连锁Ⅱ,申万二级行业,801204,5223
300756,金马游乐,深圳,专用设备,申万二级行业,801074,5223
300757,罗博特科,深圳,自动化设备,申万二级行业,801078,5223
300758,七彩化学,深圳,化学制品,申万二级行业,801034,5223
300759,康龙化成,深圳,医疗服务,申万二级行业,801156,5223
300760,迈瑞医疗,深圳,医疗器械,申万二级行业,801153,5223
300761,立华股份,深圳,养殖业,申万二级行业,801017,5223
300762,上海瀚讯,深圳,军工电子Ⅱ,申万二级行业,801745,5223
300763,锦浪科技,深圳,光伏设备,申万二级行业,801735,5223
300765,石药创新,深圳,化学制药,申万二级行业,801151,5223
300766,每日互动,深圳,软件开发,申万二级行业,801104,5223
300767,震安科技,深圳,橡胶,申万二级行业,801037,5223
300768,迪普科技,深圳,软件开发,申万二级行业,801104,5223
300769,德方纳米,深圳,电池,申万二级行业,801737,5223
300770,新媒股份,深圳,电视广播Ⅱ,申万二级行业,801995,5223
300771,智莱科技,深圳,计算机设备,申万二级行业,801101,5223
300772,运达股份,深圳,风电设备,申万二级行业,801736,5223
300773,拉卡拉,深圳,多元金融,申万二级行业,801191,5223
300774,倍杰特,深圳,环境治理,申万二级行业,801971,5223
300775,三角防务,深圳,航空装备Ⅱ,申万二级行业,801742,5223
300776,帝尔激光,深圳,光伏设备,申万二级行业,801735,5223
300777,中简科技,深圳,航空装备Ⅱ,申万二级行业,801742,5223
300778,新城市,深圳,工程咨询服务Ⅱ,申万二级行业,801726,5223
300779,惠城环保,深圳,环境治理,申万二级行业,801971,5223
300780,德恩精工,深圳,通用设备,申万二级行业,801072,5223
300781,因赛集团,深圳,广告营销,申万二级行业,801765,5223
300782,卓胜微,深圳,半导体,申万二级行业,801081,5223
300783,三只松鼠,深圳,休闲食品,申万二级行业,801128,5223
300784,利安科技,深圳,消费电子,申万二级行业,801085,5223
300785,值得买,深圳,数字媒体,申万二级行业,801767,5223
300786,国林科技,深圳,环保设备Ⅱ,申万二级行业,801972,5223
300787,海能实业,深圳,消费电子,申万二级行业,801085,5223
300788,中信出版,深圳,出版,申万二级行业,801769,5223
300789,唐源电气,深圳,计算机设备,申万二级行业,801101,5223
300790,宇瞳光学,深圳,计算机设备,申万二级行业,801101,5223
300791,仙乐健康,深圳,食品加工,申万二级行业,801124,5223
300792,壹网壹创,深圳,互联网电商,申万二级行业,801206,5223
300793,佳禾智能,深圳,消费电子,申万二级行业,801085,5223
300795,米奥会展,深圳,专业服务,申万二级行业,801218,5223
300796,贝斯美,深圳,农化制品,申万二级行业,801038,5223
300797,钢研纳克,深圳,专业服务,申万二级行业,801218,5223
300798,锦鸡股份,深圳,化学制品,申万二级行业,801034,5223
300800,力合科技,深圳,环保设备Ⅱ,申万二级行业,801972,5223
300801,泰和科技,深圳,化学制品,申万二级行业,801034,5223
300802,矩子科技,深圳,自动化设备,申万二级行业,801078,5223
300803,指南针,深圳,软件开发,申万二级行业,801104,5223
300804,广康生化,深圳,农化制品,申万二级行业,801038,5223
300805,电声股份,深圳,广告营销,申万二级行业,801765,5223
300806,斯迪克,深圳,塑料,申万二级行业,801036,5223
300807,天迈科技,深圳,计算机设备,申万二级行业,801101,5223
300808,久量股份,深圳,光学光电子,申万二级行业,801084,5223
300809,华辰装备,深圳,通用设备,申万二级行业,801072,5223
300810,中科海讯,深圳,航海装备Ⅱ,申万二级行业,801744,5223
300811,铂科新材,深圳,金属新材料,申万二级行业,801051,5223
300812,易天股份,深圳,消费电子,申万二级行业,801085,5223
300813,泰林生物,深圳,专用设备,申万二级行业,801074,5223
300814,中富电路,深圳,元件,申万二级行业,801083,5223
300815,玉禾田,深圳,环境治理,申万二级行业,801971,5223
300816,艾可蓝,深圳,汽车零部件,申万二级行业,801093,5223
300817,双飞集团,深圳,通用设备,申万二级行业,801072,5223
300818,耐普矿机,深圳,通用设备,申万二级行业,801072,5223
300819,聚杰微纤,深圳,纺织制造,申万二级行业,801131,5223
300820,英杰电气,深圳,其他电源设备Ⅱ,申万二级行业,801733,5223
300821,东岳硅材,深圳,化学制品,申万二级行业,801034,5223
300822,贝仕达克,深圳,消费电子,申万二级行业,801085,5223
300823,建科智能,深圳,专用设备,申万二级行业,801074,5223
300824,北鼎股份,深圳,小家电,申万二级行业,801113,5223
300825,阿尔特,深圳,汽车服务,申万二级行业,801092,5223
300826,测绘股份,深圳,工程咨询服务Ⅱ,申万二级行业,801726,5223
300827,上能电气,深圳,光伏设备,申万二级行业,801735,5223
300828,锐新科技,深圳,通用设备,申万二级行业,801072,5223
300829,金丹科技,深圳,化学制品,申万二级行业,801034,5223
300830,金现代,深圳,软件开发,申万二级行业,801104,5223
300832,新产业,深圳,医疗器械,申万二级行业,801153,5223
300833,浩洋股份,深圳,专用设备,申万二级行业,801074,5223
300834,星辉环材,深圳,塑料,申万二级行业,801036,5223
300835,龙磁科技,深圳,金属新材料,申万二级行业,801051,5223
300836,佰奥智能,深圳,专用设备,申万二级行业,801074,5223
300837,浙矿股份,深圳,专用设备,申万二级行业,801074,5223
300838,浙江力诺,深圳,通用设备,申万二级行业,801072,5223
300839,博汇股份,深圳,炼化及贸易,申万二级行业,801963,5223
300840,酷特智能,深圳,服装家纺,申万二级行业,801132,5223
300841,康华生物,深圳,生物制品,申万二级行业,801152,5223
300842,帝科股份,深圳,光伏设备,申万二级行业,801735,5223
300843,胜蓝股份,深圳,消费电子,申万二级行业,801085,5223
300844,山水比德,深圳,工程咨询服务Ⅱ,申万二级行业,801726,5223
300845,捷安高科,深圳,计算机设备,申万二级行业,801101,5223
300846,首都在线,深圳,IT服务Ⅱ,申万二级行业,801103,5223
300847,中船汉光,深圳,计算机设备,申万二级行业,801101,5223
300848,美瑞新材,深圳,化学制品,申万二级行业,801034,5223
300849,锦盛新材,深圳,化妆品,申万二级行业,801982,5223
300850,新强联,深圳,风电设备,申万二级行业,801736,5223
300851,交大思诺,深圳,轨交设备Ⅱ,申万二级行业,801076,5223
300852,四会富仕,深圳,元件,申万二级行业,801083,5223
300853,申昊科技,深圳,电网设备,申万二级行业,801738,5223
300854,中兰环保,深圳,环境治理,申万二级行业,801971,5223
300855,图南股份,深圳,金属新材料,申万二级行业,801051,5223
300856,科思股份,深圳,化妆品,申万二级行业,801982,5223
300857,协创数据,深圳,消费电子,申万二级行业,801085,5223
300858,科拓生物,深圳,化学制品,申万二级行业,801034,5223
300859,西域旅游,深圳,旅游及景区,申万二级行业,801993,5223
300860,锋尚文化,深圳,专业服务,申万二级行业,801218,5223
300861,美畅股份,深圳,通用设备,申万二级行业,801072,5223
300862,蓝盾光电,深圳,通用设备,申万二级行业,801072,5223
300863,卡倍亿,深圳,汽车零部件,申万二级行业,801093,5223
300864,南大环境,深圳,环境治理,申万二级行业,801971,5223
300865,大宏立,深圳,专用设备,申万二级行业,801074,5223
300866,安克创新,深圳,消费电子,申万二级行业,801085,5223
300867,圣元环保,深圳,环境治理,申万二级行业,801971,5223
300868,杰美特,深圳,消费电子,申万二级行业,801085,5223
300869,康泰医学,深圳,医疗器械,申万二级行业,801153,5223
300870,欧陆通,深圳,其他电源设备Ⅱ,申万二级行业,801733,5223
300871,回盛生物,深圳,动物保健Ⅱ,申万二级行业,801018,5223
300872,天阳科技,深圳,IT服务Ⅱ,申万二级行业,801103,5223
300873,海晨股份,深圳,物流,申万二级行业,801178,5223
300875,捷强装备,深圳,地面兵装Ⅱ,申万二级行业,801743,5223
300876,蒙泰高新,深圳,化学纤维,申万二级行业,801032,5223
300877,金春股份,深圳,纺织制造,申万二级行业,801131,5223
300878,维康药业,深圳,中药Ⅱ,申万二级行业,801155,5223
300879,大叶股份,深圳,专用设备,申万二级行业,801074,5223
300880,迦南智能,深圳,电网设备,申万二级行业,801738,5223
300881,盛德鑫泰,深圳,特钢Ⅱ,申万二级行业,801045,5223
300882,万胜智能,深圳,电网设备,申万二级行业,801738,5223
300883,龙利得,深圳,包装印刷,申万二级行业,801141,5223
300884,狄耐克,深圳,计算机设备,申万二级行业,801101,5223
300885,海昌新材,深圳,通用设备,申万二级行业,801072,5223
300886,华业香料,深圳,化学制品,申万二级行业,801034,5223
300887,谱尼测试,深圳,专业服务,申万二级行业,801218,5223
300888,稳健医疗,深圳,个护用品,申万二级行业,801981,5223
300889,爱克股份,深圳,光学光电子,申万二级行业,801084,5223
300890,翔丰华,深圳,电池,申万二级行业,801737,5223
300891,惠云钛业,深圳,化学原料,申万二级行业,801033,5223
300892,品渥食品,深圳,饮料乳品,申万二级行业,801127,5223
300893,松原安全,深圳,汽车零部件,申万二级行业,801093,5223
300894,火星人,深圳,厨卫电器,申万二级行业,801114,5223
300895,铜牛信息,深圳,IT服务Ⅱ,申万二级行业,801103,5223
300896,爱美客,深圳,未分类,缺失,,5223
300897,山科智能,深圳,通用设备,申万二级行业,801072,5223
300898,熊猫乳品,深圳,饮料乳品,申万二级行业,801127,5223
300899,上海凯鑫,深圳,环境治理,申万二级行业,801971,5223
300900,广联航空,深圳,航空装备Ⅱ,申万二级行业,801742,5223
300901,中胤时尚,深圳,服装家纺,申万二级行业,801132,5223
300902,国安达,深圳,专用设备,申万二级行业,801074,5223
300903,科翔股份,深圳,元件,申万二级行业,801083,5223
300904,威力传动,深圳,风电设备,申万二级行业,801736,5223
300905,宝丽迪,深圳,化学纤维,申万二级行业,801032,5223
300906,日月明,深圳,通用设备,申万二级行业,801072,5223
300907,康平科技,深圳,电机Ⅱ,申万二级行业,801731,5223
300908,仲景食品,深圳,调味发酵品Ⅱ,申万二级行业,801129,5223
300909,汇创达,深圳,光学光电子,申万二级行业,801084,5223
300910,瑞丰新材,深圳,化学制品,申万二级行业,801034,5223
300911,亿田智能,深圳,厨卫电器,申万二级行业,801114,5223
300912,凯龙高科,深圳,汽车零部件,申万二级行业,801093,5223
300913,兆龙互连,深圳,通信设备,申万二级行业,801102,5223
300915,海融科技,深圳,饮料乳品,申万二级行业,801127,5223
300916,朗特智能,深圳,消费电子,申万二级行业,801085,5223
300917,特发服务,深圳,房地产服务,申万二级行业,801183,5223
300918,南山智尚,深圳,纺织制造,申万二级行业,801131,5223
300919,中伟新材,深圳,电池,申万二级行业,801737,5223
300920,润阳科技,深圳,塑料,申万二级行业,801036,5223
300921,南凌科技,深圳,通信服务,申万二级行业,801223,5223
300922,天秦装备,深圳,地面兵装Ⅱ,申万二级行业,801743,5223
300923,研奥股份,深圳,轨交设备Ⅱ,申万二级行业,801076,5223
300925,法本信息,深圳,软件开发,申万二级行业,801104,5223
300926,博俊科技,深圳,汽车零部件,申万二级行业,801093,5223
300927,江天化学,深圳,化学原料,申万二级行业,801033,5223
300928,华安鑫创,深圳,汽车零部件,申万二级行业,801093,5223
300929,华骐环保,深圳,环境治理,申万二级行业,801971,5223
300930,屹通新材,深圳,金属新材料,申万二级行业,801051,5223
300931,通用电梯,深圳,专用设备,申万二级行业,801074,5223
300932,三友联众,深圳,电网设备,申万二级行业,801738,5223
300933,中辰股份,深圳,电网设备,申万二级行业,801738,5223
300935,盈建科,深圳,软件开发,申万二级行业,801104,5223
300936,中英科技,深圳,元件,申万二级行业,801083,5223
300937,药易购,深圳,医药商业,申万二级行业,801154,5223
300938,信测标准,深圳,专业服务,申万二级行业,801218,5223
300939,秋田微,深圳,光学光电子,申万二级行业,801084,5223
300940,南极光,深圳,光学光电子,申万二级行业,801084,5223
300941,创识科技,深圳,计算机设备,申万二级行业,801101,5223
300942,易瑞生物,深圳,医疗器械,申万二级行业,801153,5223
300943,春晖智控,深圳,通用设备,申万二级行业,801072,5223
300945,曼卡龙,深圳,饰品,申万二级行业,801133,5223
300946,恒而达,深圳,通用设备,申万二级行业,801072,5223
300947,德必集团,深圳,一般零售,申万二级行业,801203,5223
300948,冠中生态,深圳,基础建设,申万二级行业,801723,5223
300949,奥雅股份,深圳,基础建设,申万二级行业,801723,5223
300950,德固特,深圳,专用设备,申万二级行业,801074,5223
300951,博硕科技,深圳,消费电子,申万二级行业,801085,5223
300952,恒辉安防,深圳,服装家纺,申万二级行业,801132,5223
300953,震裕科技,深圳,电池,申万二级行业,801737,5223
300955,嘉亨家化,深圳,化妆品,申万二级行业,801982,5223
300956,英力股份,深圳,消费电子,申万二级行业,801085,5223
300957,贝泰妮,深圳,化妆品,申万二级行业,801982,5223
300958,建工修复,深圳,环境治理,申万二级行业,801971,5223
300959,线上线下,深圳,通信服务,申万二级行业,801223,5223
300960,通业科技,深圳,轨交设备Ⅱ,申万二级行业,801076,5223
300961,深水海纳,深圳,环境治理,申万二级行业,801971,5223
300962,中金辐照,深圳,专业服务,申万二级行业,801218,5223
300963,中洲特材,深圳,金属新材料,申万二级行业,801051,5223
300964,本川智能,深圳,元件,申万二级行业,801083,5223
300965,恒宇信通,深圳,航空装备Ⅱ,申万二级行业,801742,5223
300966,共同药业,深圳,化学制药,申万二级行业,801151,5223
300967,晓鸣股份,深圳,养殖业,申万二级行业,801017,5223
300968,格林精密,深圳,消费电子,申万二级行业,801085,5223
300969,恒帅股份,深圳,汽车零部件,申万二级行业,801093,5223
300970,华绿生物,深圳,种植业,申万二级行业,801016,5223
300971,博亚精工,深圳,专用设备,申万二级行业,801074,5223
300972,万辰集团,深圳,一般零售,申万二级行业,801203,5223
300973,立高食品,深圳,休闲食品,申万二级行业,801128,5223
300975,商络电子,深圳,元件,申万二级行业,801083,5223
300976,达瑞电子,深圳,消费电子,申万二级行业,801085,5223
300977,深圳瑞捷,深圳,工程咨询服务Ⅱ,申万二级行业,801726,5223
300978,东箭科技,深圳,汽车零部件,申万二级行业,801093,5223
300979,华利集团,深圳,纺织制造,申万二级行业,801131,5223
300980,祥源新材,深圳,塑料,申万二级行业,801036,5223
300981,中红医疗,深圳,医疗器械,申万二级行业,801153,5223
300982,苏文电能,深圳,基础建设,申万二级行业,801723,5223
300983,尤安设计,深圳,工程咨询服务Ⅱ,申万二级行业,801726,5223
300984,金沃股份,深圳,通用设备,申万二级行业,801072,5223
300985,致远新能,深圳,通用设备,申万二级行业,801072,5223
300986,志特新材,深圳,专业工程,申万二级行业,801724,5223
300987,川网传媒,深圳,数字媒体,申万二级行业,801767,5223
300988,津荣天宇,深圳,专用设备,申万二级行业,801074,5223
300989,蕾奥规划,深圳,工程咨询服务Ⅱ,申万二级行业,801726,5223
300990,同飞股份,深圳,通用设备,申万二级行业,801072,5223
300991,创益通,深圳,其他电子Ⅱ,申万二级行业,801082,5223
300992,泰福泵业,深圳,通用设备,申万二级行业,801072,5223
300993,玉马科技,深圳,家居用品,申万二级行业,801142,5223
300994,久祺股份,深圳,摩托车及其他,申万二级行业,801881,5223
300995,奇德新材,深圳,塑料,申万二级行业,801036,5223
300996,普联软件,深圳,软件开发,申万二级行业,801104,5223
300997,欢乐家,深圳,饮料乳品,申万二级行业,801127,5223
300998,宁波方正,深圳,汽车零部件,申万二级行业,801093,5223
300999,金龙鱼,深圳,农产品加工,申万二级行业,801012,5223
301000,肇民科技,深圳,汽车零部件,申万二级行业,801093,5223
301001,凯淳股份,深圳,互联网电商,申万二级行业,801206,5223
301002,崧盛股份,深圳,电网设备,申万二级行业,801738,5223
301003,江苏博云,深圳,塑料,申万二级行业,801036,5223
301004,嘉益股份,深圳,家居用品,申万二级行业,801142,5223
301005,超捷股份,深圳,汽车零部件,申万二级行业,801093,5223
301006,迈拓股份,深圳,通用设备,申万二级行业,801072,5223
301007,德迈仕,深圳,汽车零部件,申万二级行业,801093,5223
301008,宏昌科技,深圳,家电零部件Ⅱ,申万二级行业,801116,5223
301009,可靠股份,深圳,个护用品,申万二级行业,801981,5223
301010,晶雪节能,深圳,装修建材,申万二级行业,801713,5223
301011,华立科技,深圳,文娱用品,申万二级行业,801145,5223
301012,扬电科技,深圳,电网设备,申万二级行业,801738,5223
301013,利和兴,深圳,专用设备,申万二级行业,801074,5223
301015,百洋医药,深圳,医药商业,申万二级行业,801154,5223
301016,雷尔伟,深圳,轨交设备Ⅱ,申万二级行业,801076,5223
301017,漱玉平民,深圳,医药商业,申万二级行业,801154,5223
301018,申菱环境,深圳,通用设备,申万二级行业,801072,5223
301019,宁波色母,深圳,塑料,申万二级行业,801036,5223
301020,密封科技,深圳,汽车零部件,申万二级行业,801093,5223
301021,英诺激光,深圳,自动化设备,申万二级行业,801078,5223
301022,海泰科,深圳,汽车零部件,申万二级行业,801093,5223
301023,奕帆传动,深圳,电机Ⅱ,申万二级行业,801731,5223
301024,霍普股份,深圳,工程咨询服务Ⅱ,申万二级行业,801726,5223
301025,读客文化,深圳,出版,申万二级行业,801769,5223
301026,浩通科技,深圳,小金属,申万二级行业,801054,5223
301027,华蓝集团,深圳,工程咨询服务Ⅱ,申万二级行业,801726,5223
301028,鼎熔岩,深圳,通用设备,申万二级行业,801072,5223
301029,怡合达,深圳,自动化设备,申万二级行业,801078,5223
301031,中熔电气,深圳,其他电子Ⅱ,申万二级行业,801082,5223
301032,新柴股份,深圳,通用设备,申万二级行业,801072,5223
301033,迈普医学,深圳,医疗器械,申万二级行业,801153,5223
301035,润丰股份,深圳,农化制品,申万二级行业,801038,5223
301036,双乐股份,深圳,化学制品,申万二级行业,801034,5223
301037,保立佳,深圳,化学制品,申万二级行业,801034,5223
301038,深水规院,深圳,工程咨询服务Ⅱ,申万二级行业,801726,5223
301039,中集车辆,深圳,商用车,申万二级行业,801096,5223
301040,中环海陆,深圳,风电设备,申万二级行业,801736,5223
301041,金百泽,深圳,元件,申万二级行业,801083,5223
301042,安联锐视,深圳,计算机设备,申万二级行业,801101,5223
301043,绿岛风,深圳,通用设备,申万二级行业,801072,5223
301045,天禄科技,深圳,光学光电子,申万二级行业,801084,5223
301046,能辉科技,深圳,专业工程,申万二级行业,801724,5223
301047,义翘神州,深圳,生物制品,申万二级行业,801152,5223
301048,金鹰重工,深圳,轨交设备Ⅱ,申万二级行业,801076,5223
301049,超越科技,深圳,环境治理,申万二级行业,801971,5223
301050,雷电微力,深圳,军工电子Ⅱ,申万二级行业,801745,5223
301051,信濠光电,深圳,消费电子,申万二级行业,801085,5223
301052,果麦文化,深圳,出版,申万二级行业,801769,5223
301053,远信工业,深圳,专用设备,申万二级行业,801074,5223
301055,张小泉,深圳,家居用品,申万二级行业,801142,5223
301056,森赫股份,深圳,专用设备,申万二级行业,801074,5223
301057,汇隆新材,深圳,化学纤维,申万二级行业,801032,5223
301058,中粮科工,深圳,工程咨询服务Ⅱ,申万二级行业,801726,5223
301059,金三江,深圳,化学制品,申万二级行业,801034,5223
301060,兰卫医学,深圳,医疗服务,申万二级行业,801156,5223
301061,匠心家居,深圳,家居用品,申万二级行业,801142,5223
301062,上海艾录,深圳,包装印刷,申万二级行业,801141,5223
301063,海锅股份,深圳,专用设备,申万二级行业,801074,5223
301065,本立科技,深圳,化学制药,申万二级行业,801151,5223
301066,万事利,深圳,纺织制造,申万二级行业,801131,5223
301067,显盈科技,深圳,消费电子,申万二级行业,801085,5223
301068,大地海洋,深圳,环境治理,申万二级行业,801971,5223
301069,凯盛新材,深圳,化学原料,申万二级行业,801033,5223
301070,开勒股份,深圳,通用设备,申万二级行业,801072,5223
301071,力量钻石,深圳,非金属材料Ⅱ,申万二级行业,801039,5223
301072,中捷精工,深圳,汽车零部件,申万二级行业,801093,5223
301073,君亭酒店,深圳,酒店餐饮,申万二级行业,801219,5223
301075,多瑞医药,深圳,化学制药,申万二级行业,801151,5223
301076,新瀚新材,深圳,化学制品,申万二级行业,801034,5223
301077,星华新材,深圳,化学制品,申万二级行业,801034,5223
301078,孩子王,深圳,专业连锁Ⅱ,申万二级行业,801204,5223
301079,邵阳液压,深圳,工程机械,申万二级行业,801077,5223
301080,百普赛斯,深圳,生物制品,申万二级行业,801152,5223
301081,严牌股份,深圳,环保设备Ⅱ,申万二级行业,801972,5223
301082,久盛电气,深圳,电网设备,申万二级行业,801738,5223
301083,百胜智能,深圳,专用设备,申万二级行业,801074,5223
301085,亚康股份,深圳,IT服务Ⅱ,申万二级行业,801103,5223
301086,鸿富瀚,深圳,消费电子,申万二级行业,801085,5223
301087,可孚医疗,深圳,医疗器械,申万二级行业,801153,5223
301088,戎美股份,深圳,服装家纺,申万二级行业,801132,5223
301089,拓新药业,深圳,化学制药,申万二级行业,801151,5223
301090,华润材料,深圳,塑料,申万二级行业,801036,5223
301091,深城交,深圳,工程咨询服务Ⅱ,申万二级行业,801726,5223
301092,争光股份,深圳,塑料,申万二级行业,801036,5223
301093,华兰股份,深圳,医疗器械,申万二级行业,801153,5223
301095,广立微,深圳,软件开发,申万二级行业,801104,5223
301096,百诚医药,深圳,医疗服务,申万二级行业,801156,5223
301097,天益医疗,深圳,医疗器械,申万二级行业,801153,5223
301098,金埔园林,深圳,基础建设,申万二级行业,801723,5223
301099,雅创电子,深圳,其他电子Ⅱ,申万二级行业,801082,5223
301100,风光股份,深圳,化学制品,申万二级行业,801034,5223
301101,明月镜片,深圳,文娱用品,申万二级行业,801145,5223
301102,兆讯传媒,深圳,广告营销,申万二级行业,801765,5223
301103,何氏眼科,深圳,医疗服务,申万二级行业,801156,5223
301105,鸿铭股份,深圳,专用设备,申万二级行业,801074,5223
301106,骏成科技,深圳,光学光电子,申万二级行业,801084,5223
301107,瑜欣电子,深圳,通用设备,申万二级行业,801072,5223
301108,洁雅股份,深圳,个护用品,申万二级行业,801981,5223
301109,军信股份,深圳,环境治理,申万二级行业,801971,5223
301110,青木科技,深圳,互联网电商,申万二级行业,801206,5223
301111,粤万年青,深圳,中药Ⅱ,申万二级行业,801155,5223
301112,信邦智能,深圳,自动化设备,申万二级行业,801078,5223
301113,雅艺科技,深圳,家居用品,申万二级行业,801142,5223
301115,联检科技,深圳,专业服务,申万二级行业,801218,5223
301116,益客食品,深圳,养殖业,申万二级行业,801017,5223
301118,恒光股份,深圳,化学原料,申万二级行业,801033,5223
301119,正强股份,深圳,汽车零部件,申万二级行业,801093,5223
301120,新特电气,深圳,电网设备,申万二级行业,801738,5223
301121,紫建电子,深圳,电池,申万二级行业,801737,5223
301122,采纳股份,深圳,医疗器械,申万二级行业,801153,5223
301123,奕东电子,深圳,消费电子,申万二级行业,801085,5223
301125,腾亚精工,深圳,通用设备,申万二级行业,801072,5223
301126,达嘉维康,深圳,医药商业,申万二级行业,801154,5223
301127,武汉天源,深圳,环境治理,申万二级行业,801971,5223
301128,强瑞技术,深圳,专用设备,申万二级行业,801074,5223
301129,瑞纳智能,深圳,通用设备,申万二级行业,801072,5223
301130,西点药业,深圳,化学制药,申万二级行业,801151,5223
301131,聚赛龙,深圳,塑料,申万二级行业,801036,5223
301132,满坤科技,深圳,元件,申万二级行业,801083,5223
301133,金钟股份,深圳,汽车零部件,申万二级行业,801093,5223
301135,瑞德智能,深圳,家电零部件Ⅱ,申万二级行业,801116,5223
301136,招标股份,深圳,工程咨询服务Ⅱ,申万二级行业,801726,5223
301137,哈焊华通,深圳,通用设备,申万二级行业,801072,5223
301138,华研精机,深圳,专用设备,申万二级行业,801074,5223
301141,中科磁业,深圳,金属新材料,申万二级行业,801051,5223
301148,嘉戎技术,深圳,环境治理,申万二级行业,801971,5223
301149,隆华新材,深圳,化学制品,申万二级行业,801034,5223
301150,中一科技,深圳,电池,申万二级行业,801737,5223
301151,冠龙节能,深圳,通用设备,申万二级行业,801072,5223
301152,天力锂能,深圳,电池,申万二级行业,801737,5223
301153,中科江南,深圳,软件开发,申万二级行业,801104,5223
301155,海力风电,深圳,风电设备,申万二级行业,801736,5223
301156,美农生物,深圳,化学制品,申万二级行业,801034,5223
301157,华塑科技,深圳,其他电源设备Ⅱ,申万二级行业,801733,5223
301158,德石股份,深圳,专用设备,申万二级行业,801074,5223
301159,三维天地,深圳,软件开发,申万二级行业,801104,5223
301160,翔楼新材,深圳,通用设备,申万二级行业,801072,5223
301161,唯万密封,深圳,工程机械,申万二级行业,801077,5223
301162,国能日新,深圳,软件开发,申万二级行业,801104,5223
301163,宏德股份,深圳,风电设备,申万二级行业,801736,5223
301165,锐捷网络,深圳,通信设备,申万二级行业,801102,5223
301166,优宁维,深圳,生物制品,申万二级行业,801152,5223
301167,建研设计,深圳,工程咨询服务Ⅱ,申万二级行业,801726,5223
301168,通灵股份,深圳,光伏设备,申万二级行业,801735,5223
301169,零点有数,深圳,专业服务,申万二级行业,801218,5223
301170,锡南科技,深圳,汽车零部件,申万二级行业,801093,5223
301171,易点天下,深圳,广告营销,申万二级行业,801765,5223
301172,君逸数码,深圳,IT服务Ⅱ,申万二级行业,801103,5223
301173,毓恬冠佳,深圳,汽车零部件,申万二级行业,801093,5223
301175,中科环保,深圳,环境治理,申万二级行业,801971,5223
301176,逸豪新材,深圳,元件,申万二级行业,801083,5223
301177,迪阿股份,深圳,饰品,申万二级行业,801133,5223
301178,天亿马,深圳,IT服务Ⅱ,申万二级行业,801103,5223
301179,泽宇智能,深圳,电网设备,申万二级行业,801738,5223
301180,万祥科技,深圳,消费电子,申万二级行业,801085,5223
301181,标榜股份,深圳,汽车零部件,申万二级行业,801093,5223
301182,凯旺科技,深圳,计算机设备,申万二级行业,801101,5223
301183,东田微,深圳,光学光电子,申万二级行业,801084,5223
301185,鸥玛软件,深圳,IT服务Ⅱ,申万二级行业,801103,5223
301186,超达装备,深圳,汽车零部件,申万二级行业,801093,5223
301187,欧圣电气,深圳,小家电,申万二级行业,801113,5223
301188,力诺药包,深圳,医疗器械,申万二级行业,801153,5223
301189,奥尼电子,深圳,消费电子,申万二级行业,801085,5223
301190,善水科技,深圳,化学原料,申万二级行业,801033,5223
301191,菲菱科思,深圳,通信设备,申万二级行业,801102,5223
301192,泰祥股份,深圳,汽车零部件,申万二级行业,801093,5223
301193,家联科技,深圳,家居用品,申万二级行业,801142,5223
301195,北路智控,深圳,软件开发,申万二级行业,801104,5223
301196,唯科科技,深圳,塑料,申万二级行业,801036,5223
301197,工大科雅,深圳,通用设备,申万二级行业,801072,5223
301198,喜悦智行,深圳,包装印刷,申万二级行业,801141,5223
301199,迈赫股份,深圳,自动化设备,申万二级行业,801078,5223
301200,大族数控,深圳,专用设备,申万二级行业,801074,5223
301201,诚达药业,深圳,医疗服务,申万二级行业,801156,5223
301202,朗威股份,深圳,通信设备,申万二级行业,801102,5223
301203,国泰环保,深圳,环境治理,申万二级行业,801971,5223
301205,联特科技,深圳,通信设备,申万二级行业,801102,5223
301206,三元生物,深圳,化学制品,申万二级行业,801034,5223
301207,华兰疫苗,深圳,生物制品,申万二级行业,801152,5223
301208,中亦科技,深圳,IT服务Ⅱ,申万二级行业,801103,5223
301209,联合化学,深圳,化学制品,申万二级行业,801034,5223
301210,金杨精密,深圳,电池,申万二级行业,801737,5223
301211,亨迪药业,深圳,化学制药,申万二级行业,801151,5223
301212,联盛化学,深圳,化学制品,申万二级行业,801034,5223
301213,观想科技,深圳,军工电子Ⅱ,申万二级行业,801745,5223
301215,中汽股份,深圳,汽车服务,申万二级行业,801092,5223
301216,万凯新材,深圳,塑料,申万二级行业,801036,5223
301217,铜冠铜箔,深圳,电池,申万二级行业,801737,5223
301218,华是科技,深圳,IT服务Ⅱ,申万二级行业,801103,5223
301219,腾远钴业,深圳,能源金属,申万二级行业,801056,5223
301220,亚香股份,深圳,化学制品,申万二级行业,801034,5223
301221,光庭信息,深圳,汽车零部件,申万二级行业,801093,5223
301222,浙江恒威,深圳,电池,申万二级行业,801737,5223
301223,中荣股份,深圳,包装印刷,申万二级行业,801141,5223
301225,恒勃股份,深圳,汽车零部件,申万二级行业,801093,5223
301226,祥明智能,深圳,电机Ⅱ,申万二级行业,801731,5223
301227,森鹰窗业,深圳,家居用品,申万二级行业,801142,5223
301228,实朴检测,深圳,专业服务,申万二级行业,801218,5223
301229,纽泰格,深圳,汽车零部件,申万二级行业,801093,5223
301230,泓博医药,深圳,医疗服务,申万二级行业,801156,5223
301231,荣信文化,深圳,出版,申万二级行业,801769,5223
301232,飞沃科技,深圳,风电设备,申万二级行业,801736,5223
301233,盛帮股份,深圳,汽车零部件,申万二级行业,801093,5223
301234,五洲医疗,深圳,医疗器械,申万二级行业,801153,5223
301235,华康洁净,深圳,医疗器械,申万二级行业,801153,5223
301236,软通动力,深圳,IT服务Ⅱ,申万二级行业,801103,5223
301237,和顺科技,深圳,塑料,申万二级行业,801036,5223
301238,瑞泰新材,深圳,电池,申万二级行业,801737,5223
301239,普瑞眼科,深圳,医疗服务,申万二级行业,801156,5223
301246,宏源药业,深圳,化学制药,申万二级行业,801151,5223
301248,杰创智能,深圳,IT服务Ⅱ,申万二级行业,801103,5223
301251,威尔高,深圳,元件,申万二级行业,801083,5223
301252,同星科技,深圳,家电零部件Ⅱ,申万二级行业,801116,5223
301255,通力科技,深圳,通用设备,申万二级行业,801072,5223
301256,华融化学,深圳,化学原料,申万二级行业,801033,5223
301257,普蕊斯,深圳,医疗服务,申万二级行业,801156,5223
301258,富士莱,深圳,化学制药,申万二级行业,801151,5223
301259,艾布鲁,深圳,环境治理,申万二级行业,801971,5223
301260,格力博,深圳,专用设备,申万二级行业,801074,5223
301261,恒工精密,深圳,通用设备,申万二级行业,801072,5223
301262,海看股份,深圳,电视广播Ⅱ,申万二级行业,801995,5223
301263,泰恩康,深圳,化学制药,申万二级行业,801151,5223
301265,华新科技,深圳,环境治理,申万二级行业,801971,5223
301266,宇邦新材,深圳,光伏设备,申万二级行业,801735,5223
301267,华厦眼科,深圳,医疗服务,申万二级行业,801156,5223
301268,铭利达,深圳,通用设备,申万二级行业,801072,5223
301269,华大九天,深圳,软件开发,申万二级行业,801104,5223
301270,汉仪股份,深圳,软件开发,申万二级行业,801104,5223
301272,英华特,深圳,通用设备,申万二级行业,801072,5223
301273,瑞晨环保,深圳,通用设备,申万二级行业,801072,5223
301275,汉朔科技,深圳,其他电子Ⅱ,申万二级行业,801082,5223
301276,嘉曼服饰,深圳,服装家纺,申万二级行业,801132,5223
301277,新天地,深圳,化学制药,申万二级行业,801151,5223
301278,快可电子,深圳,光伏设备,申万二级行业,801735,5223
301279,金道科技,深圳,工程机械,申万二级行业,801077,5223
301280,珠城科技,深圳,家电零部件Ⅱ,申万二级行业,801116,5223
301281,科源制药,深圳,化学制药,申万二级行业,801151,5223
301282,金禄电子,深圳,元件,申万二级行业,801083,5223
301283,聚胶股份,深圳,化学制品,申万二级行业,801034,5223
301285,鸿日达,深圳,消费电子,申万二级行业,801085,5223
301286,侨源股份,深圳,化学制品,申万二级行业,801034,5223
301287,康力源,深圳,文娱用品,申万二级行业,801145,5223
301288,清研环境,深圳,环保设备Ⅱ,申万二级行业,801972,5223
301289,国缆检测,深圳,专业服务,申万二级行业,801218,5223
301290,东星医疗,深圳,医疗器械,申万二级行业,801153,5223
301291,明阳电气,深圳,电网设备,申万二级行业,801738,5223
301292,海科新源,深圳,电池,申万二级行业,801737,5223
301293,三博脑科,深圳,医疗服务,申万二级行业,801156,5223
301295,美硕科技,深圳,电网设备,申万二级行业,801738,5223
301296,新巨丰,深圳,包装印刷,申万二级行业,801141,5223
301297,富乐德,深圳,半导体,申万二级行业,801081,5223
301298,东利机械,深圳,汽车零部件,申万二级行业,801093,5223
301299,卓创资讯,深圳,数字媒体,申万二级行业,801767,5223
301300,远翔新材,深圳,橡胶,申万二级行业,801037,5223
301301,川宁生物,深圳,化学制药,申万二级行业,801151,5223
301302,华如科技,深圳,军工电子Ⅱ,申万二级行业,801745,5223
301303,真兰仪表,深圳,通用设备,申万二级行业,801072,5223
301305,朗坤科技,深圳,环境治理,申万二级行业,801971,5223
301306,西测测试,深圳,军工电子Ⅱ,申万二级行业,801745,5223
301307,美利信,深圳,通用设备,申万二级行业,801072,5223
301308,江波龙,深圳,半导体,申万二级行业,801081,5223
301309,万得凯,深圳,通用设备,申万二级行业,801072,5223
301310,鑫宏业,深圳,汽车零部件,申万二级行业,801093,5223
301311,昆船智能,深圳,通用设备,申万二级行业,801072,5223
301312,智立方,深圳,自动化设备,申万二级行业,801078,5223
301313,凡拓数创,深圳,数字媒体,申万二级行业,801767,5223
301314,科瑞思,深圳,通信设备,申万二级行业,801102,5223
301315,威士顿,深圳,软件开发,申万二级行业,801104,5223
301316,慧博云通,深圳,IT服务Ⅱ,申万二级行业,801103,5223
301317,鑫磊股份,深圳,通用设备,申万二级行业,801072,5223
301318,维海德,深圳,计算机设备,申万二级行业,801101,5223
301319,唯特偶,深圳,电子化学品Ⅱ,申万二级行业,801086,5223
301320,豪江智能,深圳,自动化设备,申万二级行业,801078,5223
301321,翰博高新,深圳,光学光电子,申万二级行业,801084,5223
301322,绿通科技,深圳,摩托车及其他,申万二级行业,801881,5223
301323,新莱福,深圳,金属新材料,申万二级行业,801051,5223
301325,曼恩斯特,深圳,电池,申万二级行业,801737,5223
301326,捷邦科技,深圳,消费电子,申万二级行业,801085,5223
301327,华宝新能,深圳,电池,申万二级行业,801737,5223
301328,维峰电子,深圳,其他电子Ⅱ,申万二级行业,801082,5223
301329,信音电子,深圳,消费电子,申万二级行业,801085,5223
301330,熵基科技,深圳,计算机设备,申万二级行业,801101,5223
301331,恩威医药,深圳,中药Ⅱ,申万二级行业,801155,5223
301332,德尔玛,深圳,小家电,申万二级行业,801113,5223
301333,诺思格,深圳,医疗服务,申万二级行业,801156,5223
301335,天元宠物,深圳,文娱用品,申万二级行业,801145,5223
301336,趣睡科技,深圳,家居用品,申万二级行业,801142,5223
301337,亚华电子,深圳,软件开发,申万二级行业,801104,5223
301338,凯格精机,深圳,专用设备,申万二级行业,801074,5223
301339,苏交数智,深圳,计算机设备,申万二级行业,801101,5223
301345,涛涛车业,深圳,摩托车及其他,申万二级行业,801881,5223
301348,蓝箭电子,深圳,半导体,申万二级行业,801081,5223
301349,信德新材,深圳,电池,申万二级行业,801737,5223
301353,普莱得,深圳,通用设备,申万二级行业,801072,5223
301355,南王科技,深圳,包装印刷,申万二级行业,801141,5223
301356,天振股份,深圳,家居用品,申万二级行业,801142,5223
301357,北方长龙,深圳,地面兵装Ⅱ,申万二级行业,801743,5223
301358,湖南裕能,深圳,电池,申万二级行业,801737,5223
301359,东南电子,深圳,其他电子Ⅱ,申万二级行业,801082,5223
301360,荣旗科技,深圳,通用设备,申万二级行业,801072,5223
301361,众智科技,深圳,电网设备,申万二级行业,801738,5223
301362,民爆光电,深圳,照明设备Ⅱ,申万二级行业,801115,5223
301363,美好医疗,深圳,医疗器械,申万二级行业,801153,5223
301365,矩阵股份,深圳,工程咨询服务Ⅱ,申万二级行业,801726,5223
301366,一博科技,深圳,元件,申万二级行业,801083,5223
301367,瑞迈特,深圳,医疗器械,申万二级行业,801153,5223
301368,丰立智能,深圳,通用设备,申万二级行业,801072,5223
301369,联动科技,深圳,半导体,申万二级行业,801081,5223
301370,国科恒泰,深圳,医疗器械,申万二级行业,801153,5223
301371,敷尔佳,深圳,化妆品,申万二级行业,801982,5223
301372,科净源,深圳,环境治理,申万二级行业,801971,5223
301373,凌玮科技,深圳,化学制品,申万二级行业,801034,5223
301376,致欧科技,深圳,家居用品,申万二级行业,801142,5223
301377,鼎泰高科,深圳,通用设备,申万二级行业,801072,5223
301378,通达海,深圳,软件开发,申万二级行业,801104,5223
301379,天山电子,深圳,光学光电子,申万二级行业,801084,5223
301380,挖金客,深圳,通信服务,申万二级行业,801223,5223
301381,赛维时代,深圳,互联网电商,申万二级行业,801206,5223
301382,蜂助手,深圳,通信服务,申万二级行业,801223,5223
301383,天键股份,深圳,消费电子,申万二级行业,801085,5223
301386,未来电器,深圳,电网设备,申万二级行业,801738,5223
301387,光大同创,深圳,消费电子,申万二级行业,801085,5223
301388,欣灵电气,深圳,电网设备,申万二级行业,801738,5223
301389,隆扬电子,深圳,消费电子,申万二级行业,801085,5223
301390,经纬股份,深圳,工程咨询服务Ⅱ,申万二级行业,801726,5223
301391,卡莱特,深圳,计算机设备,申万二级行业,801101,5223
301392,汇成真空,深圳,专用设备,申万二级行业,801074,5223
301393,昊帆生物,深圳,生物制品,申万二级行业,801152,5223
301395,仁信新材,深圳,塑料,申万二级行业,801036,5223
301396,宏景科技,深圳,IT服务Ⅱ,申万二级行业,801103,5223
301397,溯联股份,深圳,汽车零部件,申万二级行业,801093,5223
301398,星源卓镁,深圳,汽车零部件,申万二级行业,801093,5223
301399,英特科技,深圳,通用设备,申万二级行业,801072,5223
301408,华人健康,深圳,医药商业,申万二级行业,801154,5223
301413,安培龙,深圳,通用设备,申万二级行业,801072,5223
301418,协昌科技,深圳,自动化设备,申万二级行业,801078,5223
301419,阿莱德,深圳,通信设备,申万二级行业,801102,5223
301421,波长光电,深圳,光学光电子,申万二级行业,801084,5223
301428,世纪恒通,深圳,通信服务,申万二级行业,801223,5223
301429,森泰股份,深圳,装修建材,申万二级行业,801713,5223
301439,泓淋电力,深圳,电网设备,申万二级行业,801738,5223
301446,福事特,深圳,工程机械,申万二级行业,801077,5223
301448,开创电气,深圳,通用设备,申万二级行业,801072,5223
301449,天溯计量,深圳,专业服务,申万二级行业,801218,5223
301456,盘古智能,深圳,风电设备,申万二级行业,801736,5223
301458,钧崴电子,深圳,元件,申万二级行业,801083,5223
301459,丰茂股份,深圳,橡胶,申万二级行业,801037,5223
301468,博盈特焊,深圳,通用设备,申万二级行业,801072,5223
301469,恒达新材,深圳,造纸,申万二级行业,801143,5223
301479,弘景光电,深圳,光学光电子,申万二级行业,801084,5223
301486,致尚科技,深圳,消费电子,申万二级行业,801085,5223
301487,盟固利,深圳,电池,申万二级行业,801737,5223
301488,豪恩汽电,深圳,汽车零部件,申万二级行业,801093,5223
301489,思泉新材,深圳,电子化学品Ⅱ,申万二级行业,801086,5223
301491,汉桑科技,深圳,消费电子,申万二级行业,801085,5223
301498,乖宝宠物,深圳,饲料,申万二级行业,801014,5223
301499,维科精密,深圳,汽车零部件,申万二级行业,801093,5223
301500,飞南资源,深圳,环境治理,申万二级行业,801971,5223
301501,恒鑫生活,深圳,家居用品,申万二级行业,801142,5223
301502,华阳智能,深圳,电机Ⅱ,申万二级行业,801731,5223
301503,智迪科技,深圳,计算机设备,申万二级行业,801101,5223
301505,苏州规划,深圳,工程咨询服务Ⅱ,申万二级行业,801726,5223
301507,民生健康,深圳,化学制药,申万二级行业,801151,5223
301508,中机认检,深圳,专业服务,申万二级行业,801218,5223
301509,金凯生科,深圳,医疗服务,申万二级行业,801156,5223
301510,固高科技,深圳,自动化设备,申万二级行业,801078,5223
301511,德福科技,深圳,电池,申万二级行业,801737,5223
301512,智信精密,深圳,自动化设备,申万二级行业,801078,5223
301513,尚水智能,深圳,电池,申万二级行业,801737,5223
301515,港通医疗,深圳,医疗器械,申万二级行业,801153,5223
301516,中远通,深圳,其他电源设备Ⅱ,申万二级行业,801733,5223
301517,陕西华达,深圳,军工电子Ⅱ,申万二级行业,801745,5223
301518,长华化学,深圳,化学制品,申万二级行业,801034,5223
301519,舜禹股份,深圳,环境治理,申万二级行业,801971,5223
301520,万邦医药,深圳,医疗服务,申万二级行业,801156,5223
301522,上大股份,深圳,金属新材料,申万二级行业,801051,5223
301525,儒竞科技,深圳,通用设备,申万二级行业,801072,5223
301526,国际复材,深圳,玻璃玻纤,申万二级行业,801712,5223
301528,多浦乐,深圳,通用设备,申万二级行业,801072,5223
301529,福赛科技,深圳,汽车零部件,申万二级行业,801093,5223
301531,春光集团,深圳,金属新材料,申万二级行业,801051,5223
301533,威马农机,深圳,专用设备,申万二级行业,801074,5223
301535,浙江华远,深圳,汽车零部件,申万二级行业,801093,5223
301536,星宸科技,深圳,半导体,申万二级行业,801081,5223
301538,骏鼎达,深圳,塑料,申万二级行业,801036,5223
301539,宏鑫科技,深圳,汽车零部件,申万二级行业,801093,5223
301548,崇德科技,深圳,通用设备,申万二级行业,801072,5223
301550,斯菱智驱,深圳,汽车零部件,申万二级行业,801093,5223
301551,无线传媒,深圳,电视广播Ⅱ,申万二级行业,801995,5223
301552,科力装备,深圳,汽车零部件,申万二级行业,801093,5223
301555,惠柏新材,深圳,塑料,申万二级行业,801036,5223
301556,托普云农,深圳,IT服务Ⅱ,申万二级行业,801103,5223
301557,常友科技,深圳,风电设备,申万二级行业,801736,5223
301558,三态股份,深圳,互联网电商,申万二级行业,801206,5223
301559,中集环科,深圳,通用设备,申万二级行业,801072,5223
301560,众捷股份,深圳,汽车零部件,申万二级行业,801093,5223
301563,云汉芯城,深圳,其他电子Ⅱ,申万二级行业,801082,5223
301565,中仑新材,深圳,塑料,申万二级行业,801036,5223
301566,达利凯普,深圳,元件,申万二级行业,801083,5223
301567,贝隆精密,深圳,消费电子,申万二级行业,801085,5223
301568,思泰克,深圳,自动化设备,申万二级行业,801078,5223
301571,国科天成,深圳,军工电子Ⅱ,申万二级行业,801745,5223
301575,艾芬达,深圳,家居用品,申万二级行业,801142,5223
301577,美信科技,深圳,通信设备,申万二级行业,801102,5223
301578,辰奕智能,深圳,黑色家电,申万二级行业,801112,5223
301580,爱迪特,深圳,医疗器械,申万二级行业,801153,5223
301581,黄山谷捷,深圳,汽车零部件,申万二级行业,801093,5223
301584,建发致新,深圳,医药商业,申万二级行业,801154,5223
301585,蓝宇股份,深圳,化学制品,申万二级行业,801034,5223
301586,佳力奇,深圳,航空装备Ⅱ,申万二级行业,801742,5223
301587,中瑞股份,深圳,电池,申万二级行业,801737,5223
301588,美新科技,深圳,家居用品,申万二级行业,801142,5223
301589,诺瓦星云,深圳,计算机设备,申万二级行业,801101,5223
301590,优优绿能,深圳,其他电源设备Ⅱ,申万二级行业,801733,5223
301591,肯特股份,深圳,塑料,申万二级行业,801036,5223
301592,六九一二,深圳,军工电子Ⅱ,申万二级行业,801745,5223
301595,太力科技,深圳,家居用品,申万二级行业,801142,5223
301596,瑞迪智驱,深圳,通用设备,申万二级行业,801072,5223
301598,博科测试,深圳,专用设备,申万二级行业,801074,5223
301599,理奇智能,深圳,电池,申万二级行业,801737,5223
301600,慧翰股份,深圳,计算机设备,申万二级行业,801101,5223
301601,惠通科技,深圳,专用设备,申万二级行业,801074,5223
301602,超研股份,深圳,医疗器械,申万二级行业,801153,5223
301603,乔锋智能,深圳,通用设备,申万二级行业,801072,5223
301606,绿联科技,深圳,消费电子,申万二级行业,801085,5223
301607,富特科技,深圳,汽车零部件,申万二级行业,801093,5223
301608,博实结,深圳,计算机设备,申万二级行业,801101,5223
301609,山大电力,深圳,电网设备,申万二级行业,801738,5223
301611,珂玛科技,深圳,半导体,申万二级行业,801081,5223
301613,新铝时代,深圳,汽车零部件,申万二级行业,801093,5223
301616,浙江华业,深圳,通用设备,申万二级行业,801072,5223
301617,博苑新材,深圳,化学制品,申万二级行业,801034,5223
301618,长联科技,深圳,化学制品,申万二级行业,801034,5223
301622,英思特,深圳,金属新材料,申万二级行业,801051,5223
301626,苏州天脉,深圳,消费电子,申万二级行业,801085,5223
301628,强达电路,深圳,元件,申万二级行业,801083,5223
301629,矽电股份,深圳,半导体,申万二级行业,801081,5223
301630,同宇新材,深圳,电子化学品Ⅱ,申万二级行业,801086,5223
301631,壹连科技,深圳,汽车零部件,申万二级行业,801093,5223
301632,广东建科,深圳,专业服务,申万二级行业,801218,5223
301633,港迪技术,深圳,自动化设备,申万二级行业,801078,5223
301636,泽润新能,深圳,光伏设备,申万二级行业,801735,5223
301638,南网数字,深圳,IT服务Ⅱ,申万二级行业,801103,5223
301656,联合动力,深圳,汽车零部件,申万二级行业,801093,5223
301658,首航新能,深圳,光伏设备,申万二级行业,801735,5223
301662,宏工科技,深圳,电池,申万二级行业,801737,5223
301665,泰禾股份,深圳,农化制品,申万二级行业,801038,5223
301666,大普微-UW,深圳,半导体,申万二级行业,801081,5223
301667,纳百川,深圳,汽车零部件,申万二级行业,801093,5223
301668,昊创瑞通,深圳,电网设备,申万二级行业,801738,5223
301669,高特电子,深圳,其他电源设备Ⅱ,申万二级行业,801733,5223
301678,新恒汇,深圳,半导体,申万二级行业,801081,5223
301680,固德电材,深圳,汽车零部件,申万二级行业,801093,5223
301682,宏明电子,深圳,军工电子Ⅱ,申万二级行业,801745,5223
301683,慧谷新材,深圳,化学制品,申万二级行业,801034,5223
301687,新广益,深圳,塑料,申万二级行业,801036,5223
301696,三瑞智能,深圳,电机Ⅱ,申万二级行业,801731,5223
302132,中航成飞,深圳,航空装备Ⅱ,申万二级行业,801742,5223
600000,浦发银行,上海,股份制银行Ⅱ,申万二级行业,801783,5223
600004,白云机场,上海,航空机场,申万二级行业,801991,5223
600006,东风股份,上海,商用车,申万二级行业,801096,5223
600007,中国国贸,上海,房地产开发,申万二级行业,801181,5223
600008,首创环保,上海,环境治理,申万二级行业,801971,5223
600009,上海机场,上海,航空机场,申万二级行业,801991,5223
600010,包钢股份,上海,普钢,申万二级行业,801044,5223
600011,华能国际,上海,电力,申万二级行业,801161,5223
600012,皖通高速,上海,铁路公路,申万二级行业,801179,5223
600015,华夏银行,上海,股份制银行Ⅱ,申万二级行业,801783,5223
600016,民生银行,上海,股份制银行Ⅱ,申万二级行业,801783,5223
600017,日照港,上海,航运港口,申万二级行业,801992,5223
600018,上港集团,上海,航运港口,申万二级行业,801992,5223
600019,宝钢股份,上海,普钢,申万二级行业,801044,5223
600020,中原高速,上海,铁路公路,申万二级行业,801179,5223
600021,上海电力,上海,电力,申万二级行业,801161,5223
600022,山东钢铁,上海,普钢,申万二级行业,801044,5223
600023,浙能电力,上海,电力,申万二级行业,801161,5223
600025,华能水电,上海,电力,申万二级行业,801161,5223
600026,中远海能,上海,航运港口,申万二级行业,801992,5223
600027,华电国际,上海,电力,申万二级行业,801161,5223
600028,中国石化,上海,炼化及贸易,申万二级行业,801963,5223
600029,南方航空,上海,航空机场,申万二级行业,801991,5223
600030,中信证券,上海,证券Ⅱ,申万二级行业,801193,5223
600031,三一重工,上海,工程机械,申万二级行业,801077,5223
600032,浙江新能,上海,电力,申万二级行业,801161,5223
600033,福建高速,上海,铁路公路,申万二级行业,801179,5223
600035,楚天高速,上海,铁路公路,申万二级行业,801179,5223
600036,招商银行,上海,股份制银行Ⅱ,申万二级行业,801783,5223
600037,歌华有线,上海,电视广播Ⅱ,申万二级行业,801995,5223
600038,中直股份,上海,航空装备Ⅱ,申万二级行业,801742,5223
600039,四川路桥,上海,基础建设,申万二级行业,801723,5223
600048,保利发展,上海,房地产开发,申万二级行业,801181,5223
600050,中国联通,上海,通信服务,申万二级行业,801223,5223
600051,宁波联合,上海,综合Ⅱ,申万二级行业,801231,5223
600052,东望时代,上海,电力,申万二级行业,801161,5223
600054,黄山旅游,上海,旅游及景区,申万二级行业,801993,5223
600055,万东医疗,上海,医疗器械,申万二级行业,801153,5223
600056,中国医药,上海,医药商业,申万二级行业,801154,5223
600057,厦门象屿,上海,物流,申万二级行业,801178,5223
600058,五矿发展,上海,贸易Ⅱ,申万二级行业,801202,5223
600059,古越龙山,上海,非白酒,申万二级行业,801126,5223
600060,海信视像,上海,黑色家电,申万二级行业,801112,5223
600061,国投资本,上海,证券Ⅱ,申万二级行业,801193,5223
600062,华润双鹤,上海,化学制药,申万二级行业,801151,5223
600063,皖维高新,上海,化学纤维,申万二级行业,801032,5223
600064,南京高科,上海,房地产开发,申万二级行业,801181,5223
600066,宇通客车,上海,商用车,申万二级行业,801096,5223
600067,冠城新材,上海,电网设备,申万二级行业,801738,5223
600071,凤凰光学,上海,光学光电子,申万二级行业,801084,5223
600072,中船科技,上海,风电设备,申万二级行业,801736,5223
600073,光明肉业,上海,食品加工,申万二级行业,801124,5223
600075,新疆天业,上海,化学原料,申万二级行业,801033,5223
600076,康欣新材,上海,包装印刷,申万二级行业,801141,5223
600078,澄星股份,上海,农化制品,申万二级行业,801038,5223
600081,东风科技,上海,汽车零部件,申万二级行业,801093,5223
600085,同仁堂,上海,中药Ⅱ,申万二级行业,801155,5223
600088,中视传媒,上海,影视院线,申万二级行业,801766,5223
600089,特变电工,上海,电网设备,申万二级行业,801738,5223
600094,大名城,上海,房地产开发,申万二级行业,801181,5223
600095,湘财股份,上海,证券Ⅱ,申万二级行业,801193,5223
600096,云天化,上海,农化制品,申万二级行业,801038,5223
600097,开创国际,上海,渔业,申万二级行业,801015,5223
600098,广州发展,上海,电力,申万二级行业,801161,5223
600099,林海股份,上海,摩托车及其他,申万二级行业,801881,5223
600100,同方股份,上海,计算机设备,申万二级行业,801101,5223
600101,明星电力,上海,电力,申万二级行业,801161,5223
600103,青山纸业,上海,造纸,申万二级行业,801143,5223
600104,上汽集团,上海,乘用车,申万二级行业,801095,5223
600105,永鼎股份,上海,通信设备,申万二级行业,801102,5223
600106,重庆路桥,上海,铁路公路,申万二级行业,801179,5223
600108,亚盛集团,上海,种植业,申万二级行业,801016,5223
600109,国金证券,上海,证券Ⅱ,申万二级行业,801193,5223
600110,诺德股份,上海,电池,申万二级行业,801737,5223
600111,北方稀土,上海,小金属,申万二级行业,801054,5223
600113,浙江东日,上海,一般零售,申万二级行业,801203,5223
600114,东睦股份,上海,通用设备,申万二级行业,801072,5223
600115,中国东航,上海,航空机场,申万二级行业,801991,5223
600116,三峡水利,上海,电力,申万二级行业,801161,5223
600117,西宁特钢,上海,特钢Ⅱ,申万二级行业,801045,5223
600118,中国卫星,上海,航天装备Ⅱ,申万二级行业,801741,5223
600120,浙江东方,上海,多元金融,申万二级行业,801191,5223
600121,郑州煤电,上海,煤炭开采,申万二级行业,801951,5223
600123,兰花科创,上海,煤炭开采,申万二级行业,801951,5223
600125,铁龙物流,上海,铁路公路,申万二级行业,801179,5223
600126,杭钢股份,上海,普钢,申万二级行业,801044,5223
600127,金健米业,上海,农产品加工,申万二级行业,801012,5223
600128,苏豪弘业,上海,贸易Ⅱ,申万二级行业,801202,5223
600129,太极集团,上海,中药Ⅱ,申万二级行业,801155,5223
600130,波导股份,上海,消费电子,申万二级行业,801085,5223
600131,国网信通,上海,IT服务Ⅱ,申万二级行业,801103,5223
600132,重庆啤酒,上海,非白酒,申万二级行业,801126,5223
600133,东湖高新,上海,环境治理,申万二级行业,801971,5223
600135,乐凯胶片,上海,塑料,申万二级行业,801036,5223
600137,浪莎股份,上海,服装家纺,申万二级行业,801132,5223
600138,中青旅,上海,旅游及景区,申万二级行业,801993,5223
600141,兴发集团,上海,农化制品,申万二级行业,801038,5223
600143,金发科技,上海,塑料,申万二级行业,801036,5223
600148,长春一东,上海,汽车零部件,申万二级行业,801093,5223
600149,廊坊发展,上海,电力,申万二级行业,801161,5223
600150,中国船舶,上海,航海装备Ⅱ,申万二级行业,801744,5223
600151,航天机电,上海,汽车零部件,申万二级行业,801093,5223
600152,维科技术,上海,电池,申万二级行业,801737,5223
600153,建发股份,上海,物流,申万二级行业,801178,5223
600155,华创云信,上海,证券Ⅱ,申万二级行业,801193,5223
600156,华升股份,上海,纺织制造,申万二级行业,801131,5223
600157,永泰能源,上海,电力,申万二级行业,801161,5223
600158,中体产业,上海,未分类,缺失,,5223
600159,大龙地产,上海,房地产开发,申万二级行业,801181,5223
600160,巨化股份,上海,化学制品,申万二级行业,801034,5223
600161,天坛生物,上海,生物制品,申万二级行业,801152,5223
600162,香江控股,上海,房地产开发,申万二级行业,801181,5223
600163,中闽能源,上海,电力,申万二级行业,801161,5223
600165,宁科生物,上海,化学制品,申万二级行业,801034,5223
600166,福田汽车,上海,商用车,申万二级行业,801096,5223
600167,联美控股,上海,电力,申万二级行业,801161,5223
600168,武汉控股,上海,环境治理,申万二级行业,801971,5223
600170,上海建工,上海,房屋建设Ⅱ,申万二级行业,801721,5223
600171,上海贝岭,上海,半导体,申万二级行业,801081,5223
600172,黄河旋风,上海,通用设备,申万二级行业,801072,5223
600173,卧龙新能,上海,房地产开发,申万二级行业,801181,5223
600176,中国巨石,上海,玻璃玻纤,申万二级行业,801712,5223
600177,雅戈尔,上海,服装家纺,申万二级行业,801132,5223
600178,东安动力,上海,汽车零部件,申万二级行业,801093,5223
600179,安通控股,上海,航运港口,申万二级行业,801992,5223
600182,S佳通,上海,汽车零部件,申万二级行业,801093,5223
600183,生益科技,上海,元件,申万二级行业,801083,5223
600184,光电股份,上海,地面兵装Ⅱ,申万二级行业,801743,5223
600185,珠免集团,上海,未分类,缺失,,5223
600186,莲花控股,上海,调味发酵品Ⅱ,申万二级行业,801129,5223
600188,XD兖矿能,上海,煤炭开采,申万二级行业,801951,5223
600189,泉阳泉,上海,饮料乳品,申万二级行业,801127,5223
600191,华资实业,上海,农产品加工,申万二级行业,801012,5223
600192,长城电工,上海,电网设备,申万二级行业,801738,5223
600195,中牧股份,上海,动物保健Ⅱ,申万二级行业,801018,5223
600196,复星医药,上海,化学制药,申万二级行业,801151,5223
600197,伊力特,上海,白酒Ⅱ,申万二级行业,801125,5223
600198,大唐电信,上海,通信设备,申万二级行业,801102,5223
600199,金种子酒,上海,白酒Ⅱ,申万二级行业,801125,5223
600201,生物股份,上海,动物保健Ⅱ,申万二级行业,801018,5223
600202,哈空调,上海,通用设备,申万二级行业,801072,5223
600203,福日电子,上海,消费电子,申万二级行业,801085,5223
600206,有研新材,上海,半导体,申万二级行业,801081,5223
600207,安彩高科,上海,光伏设备,申万二级行业,801735,5223
600208,衢州发展,上海,房地产开发,申万二级行业,801181,5223
600210,紫江企业,上海,包装印刷,申万二级行业,801141,5223
600211,西藏药业,上海,生物制品,申万二级行业,801152,5223
600212,绿能慧充,上海,其他电源设备Ⅱ,申万二级行业,801733,5223
600215,派斯林,上海,自动化设备,申万二级行业,801078,5223
600216,浙江医药,上海,化学制药,申万二级行业,801151,5223
600217,中再资环,上海,环境治理,申万二级行业,801971,5223
600218,全柴动力,上海,汽车零部件,申万二级行业,801093,5223
600219,南山铝业,上海,工业金属,申万二级行业,801055,5223
600221,海航控股,上海,航空机场,申万二级行业,801991,5223
600222,太龙药业,上海,中药Ⅱ,申万二级行业,801155,5223
600223,福瑞达,上海,化妆品,申万二级行业,801982,5223
600226,亨通股份,上海,电力,申万二级行业,801161,5223
600227,赤天化,上海,农化制品,申万二级行业,801038,5223
600228,返利科技,上海,数字媒体,申万二级行业,801767,5223
600229,城市传媒,上海,出版,申万二级行业,801769,5223
600230,沧州大化,上海,化学制品,申万二级行业,801034,5223
600231,凌钢股份,上海,普钢,申万二级行业,801044,5223
600232,金鹰股份,上海,专用设备,申万二级行业,801074,5223
600233,圆通速递,上海,物流,申万二级行业,801178,5223
600234,科新发展,上海,装修装饰Ⅱ,申万二级行业,801722,5223
600235,XD民丰特,上海,造纸,申万二级行业,801143,5223
600236,桂冠电力,上海,电力,申万二级行业,801161,5223
600237,铜峰电子,上海,元件,申万二级行业,801083,5223
600241,时代万恒,上海,电池,申万二级行业,801737,5223
600246,万通发展,上海,房地产开发,申万二级行业,801181,5223
600248,陕建股份,上海,房屋建设Ⅱ,申万二级行业,801721,5223
600249,两面针,上海,个护用品,申万二级行业,801981,5223
600250,南京商旅,上海,旅游及景区,申万二级行业,801993,5223
600251,冠农股份,上海,农产品加工,申万二级行业,801012,5223
600252,中恒集团,上海,中药Ⅱ,申万二级行业,801155,5223
600255,鑫科材料,上海,金属新材料,申万二级行业,801051,5223
600256,广汇能源,上海,炼化及贸易,申万二级行业,801963,5223
600257,大湖股份,上海,渔业,申万二级行业,801015,5223
600258,首旅酒店,上海,酒店餐饮,申万二级行业,801219,5223
600259,中稀有色,上海,小金属,申万二级行业,801054,5223
600261,阳光照明,上海,照明设备Ⅱ,申万二级行业,801115,5223
600262,北方股份,上海,专用设备,申万二级行业,801074,5223
600266,城建发展,上海,房地产开发,申万二级行业,801181,5223
600267,海正药业,上海,化学制药,申万二级行业,801151,5223
600268,国电南自,上海,电网设备,申万二级行业,801738,5223
600269,赣粤高速,上海,铁路公路,申万二级行业,801179,5223
600271,航天信息,上海,IT服务Ⅱ,申万二级行业,801103,5223
600272,开开实业,上海,医药商业,申万二级行业,801154,5223
600273,嘉化能源,上海,化学制品,申万二级行业,801034,5223
600276,恒瑞医药,上海,化学制药,申万二级行业,801151,5223
600278,东方创业,上海,贸易Ⅱ,申万二级行业,801202,5223
600279,重庆港,上海,航运港口,申万二级行业,801992,5223
600280,中央商场,上海,一般零售,申万二级行业,801203,5223
600281,华阳新材,上海,小金属,申万二级行业,801054,5223
600282,南钢股份,上海,特钢Ⅱ,申万二级行业,801045,5223
600283,钱江水利,上海,环境治理,申万二级行业,801971,5223
600284,浦东建设,上海,基础建设,申万二级行业,801723,5223
600285,羚锐制药,上海,中药Ⅱ,申万二级行业,801155,5223
600287,苏豪时尚,上海,贸易Ⅱ,申万二级行业,801202,5223
600288,大恒科技,上海,软件开发,申万二级行业,801104,5223
600292,电投水电,上海,电力,申万二级行业,801161,5223
600293,三峡新材,上海,玻璃玻纤,申万二级行业,801712,5223
600295,鄂尔多斯,上海,冶钢原料,申万二级行业,801043,5223
600298,安琪酵母,上海,调味发酵品Ⅱ,申万二级行业,801129,5223
600299,安迪苏,上海,化学制品,申万二级行业,801034,5223
600300,维维股份,上海,饮料乳品,申万二级行业,801127,5223
600301,华锡有色,上海,小金属,申万二级行业,801054,5223
600303,曙光股份,上海,商用车,申万二级行业,801096,5223
600305,恒顺醋业,上海,调味发酵品Ⅱ,申万二级行业,801129,5223
600307,酒钢宏兴,上海,普钢,申万二级行业,801044,5223
600308,华泰股份,上海,造纸,申万二级行业,801143,5223
600309,万华化学,上海,化学制品,申万二级行业,801034,5223
600310,广西能源,上海,电力,申万二级行业,801161,5223
600312,平高电气,上海,电网设备,申万二级行业,801738,5223
600313,农发种业,上海,种植业,申万二级行业,801016,5223
600315,上海家化,上海,化妆品,申万二级行业,801982,5223
600316,洪都航空,上海,航空装备Ⅱ,申万二级行业,801742,5223
600318,新力金融,上海,多元金融,申万二级行业,801191,5223
600319,亚星化学,上海,化学原料,申万二级行业,801033,5223
600320,振华重工,上海,专用设备,申万二级行业,801074,5223
600322,津投城开,上海,房地产开发,申万二级行业,801181,5223
600323,瀚蓝环境,上海,环境治理,申万二级行业,801971,5223
600325,华发股份,上海,房地产开发,申万二级行业,801181,5223
600326,西藏天路,上海,水泥,申万二级行业,801711,5223
600327,大东方,上海,一般零售,申万二级行业,801203,5223
600328,中盐化工,上海,化学原料,申万二级行业,801033,5223
600329,达仁堂,上海,中药Ⅱ,申万二级行业,801155,5223
600330,天通股份,上海,电子化学品Ⅱ,申万二级行业,801086,5223
600331,宏达股份,上海,农化制品,申万二级行业,801038,5223
600332,白云山,上海,中药Ⅱ,申万二级行业,801155,5223
600333,长春燃气,上海,燃气Ⅱ,申万二级行业,801163,5223
600335,国机汽车,上海,汽车服务,申万二级行业,801092,5223
600336,澳柯玛,上海,白色家电,申万二级行业,801111,5223
600338,西藏珠峰,上海,工业金属,申万二级行业,801055,5223
600339,中油工程,上海,油服工程,申万二级行业,801962,5223
600343,航天动力,上海,通用设备,申万二级行业,801072,5223
600345,长江通信,上海,通信设备,申万二级行业,801102,5223
600346,恒力石化,上海,炼化及贸易,申万二级行业,801963,5223
600348,华阳股份,上海,煤炭开采,申万二级行业,801951,5223
600350,山东高速,上海,铁路公路,申万二级行业,801179,5223
600351,亚宝药业,上海,中药Ⅱ,申万二级行业,801155,5223
600352,浙江龙盛,上海,化学制品,申万二级行业,801034,5223
600353,旭光电子,上海,其他电子Ⅱ,申万二级行业,801082,5223
600354,敦煌种业,上海,种植业,申万二级行业,801016,5223
600356,恒丰纸业,上海,造纸,申万二级行业,801143,5223
600358,国旅联合,上海,广告营销,申万二级行业,801765,5223
600359,新农开发,上海,种植业,申万二级行业,801016,5223
600360,华微电子,上海,半导体,申万二级行业,801081,5223
600361,创新新材,上海,工业金属,申万二级行业,801055,5223
600362,江西铜业,上海,工业金属,申万二级行业,801055,5223
600363,联创光电,上海,消费电子,申万二级行业,801085,5223
600366,宁波韵升,上海,金属新材料,申万二级行业,801051,5223
600367,红星发展,上海,化学原料,申万二级行业,801033,5223
600368,五洲交通,上海,铁路公路,申万二级行业,801179,5223
600369,西南证券,上海,证券Ⅱ,申万二级行业,801193,5223
600371,万向德农,上海,种植业,申万二级行业,801016,5223
600372,中航机载,上海,航空装备Ⅱ,申万二级行业,801742,5223
600373,中文传媒,上海,出版,申万二级行业,801769,5223
600375,汉马科技,上海,商用车,申万二级行业,801096,5223
600376,首开股份,上海,房地产开发,申万二级行业,801181,5223
600377,宁沪高速,上海,铁路公路,申万二级行业,801179,5223
600378,昊华科技,上海,化学制品,申万二级行业,801034,5223
600379,宝光股份,上海,电网设备,申万二级行业,801738,5223
600380,健康元,上海,化学制药,申万二级行业,801151,5223
600382,广东明珠,上海,冶钢原料,申万二级行业,801043,5223
600383,金地集团,上海,房地产开发,申万二级行业,801181,5223
600386,北巴传媒,上海,汽车服务,申万二级行业,801092,5223
600388,紫金龙净,上海,环保设备Ⅱ,申万二级行业,801972,5223
600389,江山股份,上海,农化制品,申万二级行业,801038,5223
600390,五矿资本,上海,多元金融,申万二级行业,801191,5223
600391,航发科技,上海,航空装备Ⅱ,申万二级行业,801742,5223
600392,盛和资源,上海,小金属,申万二级行业,801054,5223
600395,盘江股份,上海,煤炭开采,申万二级行业,801951,5223
600396,华电辽能,上海,电力,申万二级行业,801161,5223
600397,江钨装备,上海,专用设备,申万二级行业,801074,5223
600398,海澜之家,上海,服装家纺,申万二级行业,801132,5223
600399,抚顺特钢,上海,特钢Ⅱ,申万二级行业,801045,5223
600400,红豆股份,上海,服装家纺,申万二级行业,801132,5223
600403,大有能源,上海,煤炭开采,申万二级行业,801951,5223
600405,动力源,上海,其他电源设备Ⅱ,申万二级行业,801733,5223
600406,XD国电南,上海,电网设备,申万二级行业,801738,5223
600408,安泰集团,上海,焦炭Ⅱ,申万二级行业,801952,5223
600409,三友化工,上海,化学原料,申万二级行业,801033,5223
600410,华胜天成,上海,IT服务Ⅱ,申万二级行业,801103,5223
600415,小商品城,上海,一般零售,申万二级行业,801203,5223
600416,湘电股份,上海,电机Ⅱ,申万二级行业,801731,5223
600418,江淮汽车,上海,商用车,申万二级行业,801096,5223
600419,天润乳业,上海,饮料乳品,申万二级行业,801127,5223
600420,国药现代,上海,化学制药,申万二级行业,801151,5223
600422,昆药集团,上海,中药Ⅱ,申万二级行业,801155,5223
600425,青松建化,上海,水泥,申万二级行业,801711,5223
600426,华鲁恒升,上海,农化制品,申万二级行业,801038,5223
600428,中远海特,上海,航运港口,申万二级行业,801992,5223
600429,三元股份,上海,饮料乳品,申万二级行业,801127,5223
600433,冠豪高新,上海,造纸,申万二级行业,801143,5223
600435,北方导航,上海,地面兵装Ⅱ,申万二级行业,801743,5223
600436,片仔癀,上海,中药Ⅱ,申万二级行业,801155,5223
600438,通威股份,上海,光伏设备,申万二级行业,801735,5223
600444,国机通用,上海,专用设备,申万二级行业,801074,5223
600446,金证股份,上海,IT服务Ⅱ,申万二级行业,801103,5223
600448,华纺股份,上海,纺织制造,申万二级行业,801131,5223
600449,宁夏建材,上海,水泥,申万二级行业,801711,5223
600452,涪陵电力,上海,电力,申万二级行业,801161,5223
600455,博通股份,上海,软件开发,申万二级行业,801104,5223
600456,宝钛股份,上海,小金属,申万二级行业,801054,5223
600458,时代新材,上海,综合Ⅱ,申万二级行业,801231,5223
600459,贵研铂业,上海,小金属,申万二级行业,801054,5223
600460,士兰微,上海,半导体,申万二级行业,801081,5223
600461,洪城环境,上海,环境治理,申万二级行业,801971,5223
600463,空港股份,上海,房地产开发,申万二级行业,801181,5223
600467,好当家,上海,渔业,申万二级行业,801015,5223
600468,百利电气,上海,电网设备,申万二级行业,801738,5223
600469,风神股份,上海,汽车零部件,申万二级行业,801093,5223
600470,六国化工,上海,农化制品,申万二级行业,801038,5223
600475,华光环能,上海,电力,申万二级行业,801161,5223
600477,杭萧钢构,上海,专业工程,申万二级行业,801724,5223
600478,科力远,上海,电池,申万二级行业,801737,5223
600479,千金药业,上海,中药Ⅱ,申万二级行业,801155,5223
600480,凌云股份,上海,汽车零部件,申万二级行业,801093,5223
600481,双良节能,上海,光伏设备,申万二级行业,801735,5223
600482,中国动力,上海,其他电源设备Ⅱ,申万二级行业,801733,5223
600483,福能股份,上海,电力,申万二级行业,801161,5223
600486,扬农化工,上海,农化制品,申万二级行业,801038,5223
600487,亨通光电,上海,通信设备,申万二级行业,801102,5223
600488,津药药业,上海,化学制药,申万二级行业,801151,5223
600489,中金黄金,上海,贵金属,申万二级行业,801053,5223
600490,鹏欣资源,上海,工业金属,申万二级行业,801055,5223
600493,凤竹纺织,上海,纺织制造,申万二级行业,801131,5223
600495,晋西车轴,上海,轨交设备Ⅱ,申万二级行业,801076,5223
600496,精工钢构,上海,专业工程,申万二级行业,801724,5223
600497,驰宏锌锗,上海,工业金属,申万二级行业,801055,5223
600498,烽火通信,上海,通信设备,申万二级行业,801102,5223
600499,科达制造,上海,专用设备,申万二级行业,801074,5223
600500,中化国际,上海,化学制品,申万二级行业,801034,5223
600501,航天晨光,上海,专用设备,申万二级行业,801074,5223
600502,安徽建工,上海,基础建设,申万二级行业,801723,5223
600503,华丽家族,上海,房地产开发,申万二级行业,801181,5223
600505,西昌电力,上海,电力,申万二级行业,801161,5223
600506,统一股份,上海,炼化及贸易,申万二级行业,801963,5223
600507,方大特钢,上海,特钢Ⅱ,申万二级行业,801045,5223
600508,上海能源,上海,煤炭开采,申万二级行业,801951,5223
600509,天富能源,上海,电力,申万二级行业,801161,5223
600510,黑牡丹,上海,房地产开发,申万二级行业,801181,5223
600511,国药股份,上海,医药商业,申万二级行业,801154,5223
600512,腾达建设,上海,基础建设,申万二级行业,801723,5223
600513,联环药业,上海,化学制药,申万二级行业,801151,5223
600515,海南机场,上海,房地产开发,申万二级行业,801181,5223
600516,方大炭素,上海,冶钢原料,申万二级行业,801043,5223
600517,国网英大,上海,多元金融,申万二级行业,801191,5223
600518,康美药业,上海,中药Ⅱ,申万二级行业,801155,5223
600519,贵州茅台,上海,白酒Ⅱ,申万二级行业,801125,5223
600520,三佳科技,上海,专用设备,申万二级行业,801074,5223
600521,华海药业,上海,化学制药,申万二级行业,801151,5223
600522,中天科技,上海,通信设备,申万二级行业,801102,5223
600523,贵航股份,上海,汽车零部件,申万二级行业,801093,5223
600525,长园集团,上海,电网设备,申万二级行业,801738,5223
600526,菲达环保,上海,环保设备Ⅱ,申万二级行业,801972,5223
600527,江南高纤,上海,纺织制造,申万二级行业,801131,5223
600528,中铁工业,上海,轨交设备Ⅱ,申万二级行业,801076,5223
600529,山东药玻,上海,医疗器械,申万二级行业,801153,5223
600531,豫光金铅,上海,工业金属,申万二级行业,801055,5223
600533,栖霞建设,上海,房地产开发,申万二级行业,801181,5223
600535,天士力,上海,中药Ⅱ,申万二级行业,801155,5223
600536,中国软件,上海,IT服务Ⅱ,申万二级行业,801103,5223
600538,国发股份,上海,医药商业,申万二级行业,801154,5223
600539,狮头股份,上海,互联网电商,申万二级行业,801206,5223
600540,新赛股份,上海,种植业,申万二级行业,801016,5223
600545,卓郎智能,上海,专用设备,申万二级行业,801074,5223
600546,山煤国际,上海,煤炭开采,申万二级行业,801951,5223
600547,山东黄金,上海,贵金属,申万二级行业,801053,5223
600548,深高速,上海,铁路公路,申万二级行业,801179,5223
600549,厦门钨业,上海,小金属,申万二级行业,801054,5223
600550,保变电气,上海,电网设备,申万二级行业,801738,5223
600551,时代出版,上海,出版,申万二级行业,801769,5223
600552,凯盛科技,上海,光学光电子,申万二级行业,801084,5223
600556,天下秀,上海,广告营销,申万二级行业,801765,5223
600557,康缘药业,上海,中药Ⅱ,申万二级行业,801155,5223
600558,大西洋,上海,通用设备,申万二级行业,801072,5223
600559,老白干酒,上海,白酒Ⅱ,申万二级行业,801125,5223
600560,金自天正,上海,专用设备,申万二级行业,801074,5223
600561,江西长运,上海,铁路公路,申万二级行业,801179,5223
600562,国睿科技,上海,军工电子Ⅱ,申万二级行业,801745,5223
600563,法拉电子,上海,元件,申万二级行业,801083,5223
600566,济川药业,上海,中药Ⅱ,申万二级行业,801155,5223
600567,山鹰国际,上海,造纸,申万二级行业,801143,5223
600569,安阳钢铁,上海,普钢,申万二级行业,801044,5223
600570,恒生电子,上海,软件开发,申万二级行业,801104,5223
600571,信雅达,上海,IT服务Ⅱ,申万二级行业,801103,5223
600572,康恩贝,上海,中药Ⅱ,申万二级行业,801155,5223
600573,惠泉啤酒,上海,非白酒,申万二级行业,801126,5223
600575,淮河能源,上海,电力,申万二级行业,801161,5223
600576,祥源文旅,上海,旅游及景区,申万二级行业,801993,5223
600577,精达股份,上海,电网设备,申万二级行业,801738,5223
600578,京能电力,上海,电力,申万二级行业,801161,5223
600579,中化装备,上海,专用设备,申万二级行业,801074,5223
600580,卧龙电驱,上海,电机Ⅱ,申万二级行业,801731,5223
600582,天地科技,上海,专用设备,申万二级行业,801074,5223
600583,海油工程,上海,油服工程,申万二级行业,801962,5223
600584,长电科技,上海,半导体,申万二级行业,801081,5223
600585,海螺水泥,上海,水泥,申万二级行业,801711,5223
600586,金晶科技,上海,玻璃玻纤,申万二级行业,801712,5223
600587,新华医疗,上海,医疗器械,申万二级行业,801153,5223
600588,用友网络,上海,软件开发,申万二级行业,801104,5223
600589,大位科技,上海,IT服务Ⅱ,申万二级行业,801103,5223
600590,泰豪科技,上海,其他电源设备Ⅱ,申万二级行业,801733,5223
600592,龙溪股份,上海,通用设备,申万二级行业,801072,5223
600593,大连圣亚,上海,旅游及景区,申万二级行业,801993,5223
600594,益佰制药,上海,中药Ⅱ,申万二级行业,801155,5223
600595,中孚实业,上海,工业金属,申万二级行业,801055,5223
600596,新安股份,上海,农化制品,申万二级行业,801038,5223
600597,光明乳业,上海,饮料乳品,申万二级行业,801127,5223
600598,北大荒,上海,种植业,申万二级行业,801016,5223
600600,青岛啤酒,上海,非白酒,申万二级行业,801126,5223
600601,方正科技,上海,元件,申万二级行业,801083,5223
600602,云赛智联,上海,软件开发,申万二级行业,801104,5223
600603,广汇物流,上海,物流,申万二级行业,801178,5223
600604,市北高新,上海,房地产开发,申万二级行业,801181,5223
600605,汇通能源,上海,一般零售,申万二级行业,801203,5223
600606,绿地控股,上海,房地产开发,申万二级行业,801181,5223
600609,金杯汽车,上海,汽车零部件,申万二级行业,801093,5223
600610,中毅达,上海,化学原料,申万二级行业,801033,5223
600611,大众交通,上海,铁路公路,申万二级行业,801179,5223
600612,老凤祥,上海,饰品,申万二级行业,801133,5223
600613,神奇制药,上海,化学制药,申万二级行业,801151,5223
600615,鑫源智造,上海,工业金属,申万二级行业,801055,5223
600616,金枫酒业,上海,非白酒,申万二级行业,801126,5223
600617,国新能源,上海,燃气Ⅱ,申万二级行业,801163,5223
600618,氯碱化工,上海,化学原料,申万二级行业,801033,5223
600619,海立股份,上海,家电零部件Ⅱ,申万二级行业,801116,5223
600620,天宸股份,上海,综合Ⅱ,申万二级行业,801231,5223
600621,XD华鑫股,上海,证券Ⅱ,申万二级行业,801193,5223
600622,光大嘉宝,上海,房地产开发,申万二级行业,801181,5223
600623,华谊集团,上海,化学原料,申万二级行业,801033,5223
600626,申达股份,上海,汽车零部件,申万二级行业,801093,5223
600628,新世界,上海,一般零售,申万二级行业,801203,5223
600629,华建集团,上海,工程咨询服务Ⅱ,申万二级行业,801726,5223
600630,龙头股份,上海,服装家纺,申万二级行业,801132,5223
600633,浙数文化,上海,游戏Ⅱ,申万二级行业,801764,5223
600635,大众公用,上海,燃气Ⅱ,申万二级行业,801163,5223
600637,东方明珠,上海,电视广播Ⅱ,申万二级行业,801995,5223
600638,新黄浦,上海,房地产开发,申万二级行业,801181,5223
600639,浦东金桥,上海,房地产开发,申万二级行业,801181,5223
600640,国脉文化,上海,数字媒体,申万二级行业,801767,5223
600641,先导基电,上海,半导体,申万二级行业,801081,5223
600642,申能股份,上海,电力,申万二级行业,801161,5223
600643,爱建集团,上海,多元金融,申万二级行业,801191,5223
600644,乐山电力,上海,电力,申万二级行业,801161,5223
600645,中源协和,上海,医疗器械,申万二级行业,801153,5223
600648,外高桥,上海,房地产开发,申万二级行业,801181,5223
600649,城投控股,上海,房地产开发,申万二级行业,801181,5223
600650,XD锦江在,上海,铁路公路,申万二级行业,801179,5223
600651,飞乐音响,上海,汽车零部件,申万二级行业,801093,5223
600653,申华控股,上海,汽车服务,申万二级行业,801092,5223
600654,中安科,上海,软件开发,申万二级行业,801104,5223
600655,豫园股份,上海,一般零售,申万二级行业,801203,5223
600657,信达地产,上海,房地产开发,申万二级行业,801181,5223
600658,电子城,上海,房地产开发,申万二级行业,801181,5223
600660,福耀玻璃,上海,汽车零部件,申万二级行业,801093,5223
600661,昂立教育,上海,教育,申万二级行业,801994,5223
600662,外服控股,上海,专业服务,申万二级行业,801218,5223
600663,陆家嘴,上海,房地产开发,申万二级行业,801181,5223
600664,哈药股份,上海,化学制药,申万二级行业,801151,5223
600665,天地源,上海,房地产开发,申万二级行业,801181,5223
600666,奥瑞德,上海,IT服务Ⅱ,申万二级行业,801103,5223
600667,太极实业,上海,工程咨询服务Ⅱ,申万二级行业,801726,5223
600668,尖峰集团,上海,水泥,申万二级行业,801711,5223
600671,天目药业,上海,中药Ⅱ,申万二级行业,801155,5223
600673,东阳光,上海,综合Ⅱ,申万二级行业,801231,5223
600674,川投能源,上海,电力,申万二级行业,801161,5223
600675,中华企业,上海,房地产开发,申万二级行业,801181,5223
600676,久事动娱,上海,汽车服务,申万二级行业,801092,5223
600679,上海凤凰,上海,摩托车及其他,申万二级行业,801881,5223
600681,百川能源,上海,燃气Ⅱ,申万二级行业,801163,5223
600682,南京新百,上海,综合Ⅱ,申万二级行业,801231,5223
600683,京投发展,上海,房地产开发,申万二级行业,801181,5223
600684,珠江股份,上海,房地产服务,申万二级行业,801183,5223
600685,中船防务,上海,航海装备Ⅱ,申万二级行业,801744,5223
600686,金龙汽车,上海,商用车,申万二级行业,801096,5223
600688,上海石化,上海,炼化及贸易,申万二级行业,801963,5223
600689,上海三毛,上海,综合Ⅱ,申万二级行业,801231,5223
600690,海尔智家,上海,白色家电,申万二级行业,801111,5223
600691,潞化科技,上海,农化制品,申万二级行业,801038,5223
600692,亚通股份,上海,房地产开发,申万二级行业,801181,5223
600693,XD东百集,上海,一般零售,申万二级行业,801203,5223
600694,大商股份,上海,一般零售,申万二级行业,801203,5223
600697,欧亚集团,上海,一般零售,申万二级行业,801203,5223
600698,湖南天雁,上海,汽车零部件,申万二级行业,801093,5223
600699,均胜电子,上海,汽车零部件,申万二级行业,801093,5223
600702,舍得酒业,上海,白酒Ⅱ,申万二级行业,801125,5223
600703,三安光电,上海,光学光电子,申万二级行业,801084,5223
600704,物产中大,上海,物流,申万二级行业,801178,5223
600706,曲江文旅,上海,旅游及景区,申万二级行业,801993,5223
600707,彩虹股份,上海,光学光电子,申万二级行业,801084,5223
600708,光明地产,上海,房地产开发,申万二级行业,801181,5223
600710,苏美达,上海,贸易Ⅱ,申万二级行业,801202,5223
600711,盛屯矿业,上海,工业金属,申万二级行业,801055,5223
600712,南宁百货,上海,一般零售,申万二级行业,801203,5223
600713,南京医药,上海,医药商业,申万二级行业,801154,5223
600714,金瑞矿业,上海,化学原料,申万二级行业,801033,5223
600715,文投控股,上海,游戏Ⅱ,申万二级行业,801764,5223
600716,凤凰股份,上海,房地产开发,申万二级行业,801181,5223
600717,天津港,上海,航运港口,申万二级行业,801992,5223
600718,东软集团,上海,IT服务Ⅱ,申万二级行业,801103,5223
600719,大连热电,上海,电力,申万二级行业,801161,5223
600720,中交设计,上海,工程咨询服务Ⅱ,申万二级行业,801726,5223
600721,百花医药,上海,医疗服务,申万二级行业,801156,5223
600722,金牛化工,上海,化学原料,申万二级行业,801033,5223
600724,宁波富达,上海,房地产服务,申万二级行业,801183,5223
600725,云维股份,上海,焦炭Ⅱ,申万二级行业,801952,5223
600726,华电能源,上海,电力,申万二级行业,801161,5223
600727,鲁北化工,上海,化学原料,申万二级行业,801033,5223
600728,佳都科技,上海,IT服务Ⅱ,申万二级行业,801103,5223
600729,重百集团,上海,一般零售,申万二级行业,801203,5223
600731,湖南海利,上海,农化制品,申万二级行业,801038,5223
600732,爱旭股份,上海,光伏设备,申万二级行业,801735,5223
600733,北汽蓝谷,上海,乘用车,申万二级行业,801095,5223
600736,苏州高新,上海,房地产开发,申万二级行业,801181,5223
600737,中粮糖业,上海,农产品加工,申万二级行业,801012,5223
600738,丽尚国潮,上海,一般零售,申万二级行业,801203,5223
600739,辽宁成大,上海,生物制品,申万二级行业,801152,5223
600740,山西焦化,上海,焦炭Ⅱ,申万二级行业,801952,5223
600741,华域汽车,上海,汽车零部件,申万二级行业,801093,5223
600742,富维股份,上海,汽车零部件,申万二级行业,801093,5223
600743,华远控股,上海,房地产服务,申万二级行业,801183,5223
600744,华银电力,上海,电力,申万二级行业,801161,5223
600746,江苏索普,上海,化学原料,申万二级行业,801033,5223
600748,上实发展,上海,房地产开发,申万二级行业,801181,5223
600749,西藏旅游,上海,旅游及景区,申万二级行业,801993,5223
600750,华润江中,上海,中药Ⅱ,申万二级行业,801155,5223
600751,海航科技,上海,航运港口,申万二级行业,801992,5223
600754,锦江酒店,上海,酒店餐饮,申万二级行业,801219,5223
600755,厦门国贸,上海,物流,申万二级行业,801178,5223
600756,浪潮软件,上海,IT服务Ⅱ,申万二级行业,801103,5223
600757,长江传媒,上海,出版,申万二级行业,801769,5223
600758,辽宁能源,上海,煤炭开采,申万二级行业,801951,5223
600760,中航沈飞,上海,航空装备Ⅱ,申万二级行业,801742,5223
600761,XD安徽合,上海,工程机械,申万二级行业,801077,5223
600763,通策医疗,上海,医疗服务,申万二级行业,801156,5223
600764,中国海防,上海,航海装备Ⅱ,申万二级行业,801744,5223
600765,中航重机,上海,航空装备Ⅱ,申万二级行业,801742,5223
600768,富邦新材,上海,工业金属,申万二级行业,801055,5223
600769,祥龙电业,上海,环境治理,申万二级行业,801971,5223
600770,综艺股份,上海,综合Ⅱ,申万二级行业,801231,5223
600771,广誉远,上海,中药Ⅱ,申万二级行业,801155,5223
600773,西藏城投,上海,房地产开发,申万二级行业,801181,5223
600774,汉商集团,上海,化学制药,申万二级行业,801151,5223
600775,南京熊猫,上海,通信设备,申万二级行业,801102,5223
600776,东方通信,上海,通信设备,申万二级行业,801102,5223
600777,新潮能源,上海,未分类,缺失,,5223
600778,友好集团,上海,一般零售,申万二级行业,801203,5223
600779,水井坊,上海,白酒Ⅱ,申万二级行业,801125,5223
600780,通宝能源,上海,电力,申万二级行业,801161,5223
600782,新钢股份,上海,普钢,申万二级行业,801044,5223
600783,鲁信创投,上海,通用设备,申万二级行业,801072,5223
600784,鲁银投资,上海,化学原料,申万二级行业,801033,5223
600785,新华百货,上海,一般零售,申万二级行业,801203,5223
600787,中储股份,上海,物流,申万二级行业,801178,5223
600789,鲁抗医药,上海,化学制药,申万二级行业,801151,5223
600790,轻纺城,上海,一般零售,申万二级行业,801203,5223
600791,京能置业,上海,房地产开发,申万二级行业,801181,5223
600792,云煤能源,上海,焦炭Ⅱ,申万二级行业,801952,5223
600793,宜宾纸业,上海,造纸,申万二级行业,801143,5223
600794,保税科技,上海,物流,申万二级行业,801178,5223
600795,国电电力,上海,电力,申万二级行业,801161,5223
600796,钱江生化,上海,环境治理,申万二级行业,801971,5223
600797,浙大网新,上海,IT服务Ⅱ,申万二级行业,801103,5223
600798,宁波海运,上海,航运港口,申万二级行业,801992,5223
600800,渤海化学,上海,炼化及贸易,申万二级行业,801963,5223
600801,华新建材,上海,水泥,申万二级行业,801711,5223
600802,福建水泥,上海,水泥,申万二级行业,801711,5223
600803,新奥股份,上海,燃气Ⅱ,申万二级行业,801163,5223
600805,悦达投资,上海,综合Ⅱ,申万二级行业,801231,5223
600807,济高发展,上海,综合Ⅱ,申万二级行业,801231,5223
600808,马钢股份,上海,普钢,申万二级行业,801044,5223
600809,山西汾酒,上海,白酒Ⅱ,申万二级行业,801125,5223
600810,神马股份,上海,化学纤维,申万二级行业,801032,5223
600812,华北制药,上海,化学制药,申万二级行业,801151,5223
600814,杭州解百,上海,一般零售,申万二级行业,801203,5223
600815,厦工股份,上海,工程机械,申万二级行业,801077,5223
600816,建元信托,上海,多元金融,申万二级行业,801191,5223
600817,宇通重工,上海,环保设备Ⅱ,申万二级行业,801972,5223
600819,耀皮玻璃,上海,玻璃玻纤,申万二级行业,801712,5223
600820,隧道股份,上海,基础建设,申万二级行业,801723,5223
600821,金开新能,上海,电力,申万二级行业,801161,5223
600822,上海物贸,上海,汽车服务,申万二级行业,801092,5223
600824,益民集团,上海,一般零售,申万二级行业,801203,5223
600825,新华传媒,上海,出版,申万二级行业,801769,5223
600826,兰生股份,上海,专业服务,申万二级行业,801218,5223
600827,百联股份,上海,一般零售,申万二级行业,801203,5223
600828,茂业商业,上海,一般零售,申万二级行业,801203,5223
600829,人民同泰,上海,医药商业,申万二级行业,801154,5223
600830,香溢融通,上海,多元金融,申万二级行业,801191,5223
600831,广电网络,上海,电视广播Ⅱ,申万二级行业,801995,5223
600833,第一医药,上海,医药商业,申万二级行业,801154,5223
600834,申通地铁,上海,铁路公路,申万二级行业,801179,5223
600835,上海机电,上海,专用设备,申万二级行业,801074,5223
600838,上海九百,上海,一般零售,申万二级行业,801203,5223
600839,四川长虹,上海,黑色家电,申万二级行业,801112,5223
600841,动力新科,上海,汽车零部件,申万二级行业,801093,5223
600843,上工申贝,上海,专用设备,申万二级行业,801074,5223
600844,金煤科技,上海,化学原料,申万二级行业,801033,5223
600845,宝信软件,上海,IT服务Ⅱ,申万二级行业,801103,5223
600846,同济科技,上海,工程咨询服务Ⅱ,申万二级行业,801726,5223
600847,万里股份,上海,电池,申万二级行业,801737,5223
600848,上海临港,上海,房地产开发,申万二级行业,801181,5223
600850,电科数字,上海,IT服务Ⅱ,申万二级行业,801103,5223
600851,海欣股份,上海,化学制药,申万二级行业,801151,5223
600853,龙建股份,上海,基础建设,申万二级行业,801723,5223
600854,春兰股份,上海,白色家电,申万二级行业,801111,5223
600855,航天长峰,上海,军工电子Ⅱ,申万二级行业,801745,5223
600857,宁波中百,上海,一般零售,申万二级行业,801203,5223
600858,银座股份,上海,一般零售,申万二级行业,801203,5223
600859,王府井,上海,一般零售,申万二级行业,801203,5223
600860,京城股份,上海,通用设备,申万二级行业,801072,5223
600861,北京人力,上海,专业服务,申万二级行业,801218,5223
600862,中航高科,上海,航空装备Ⅱ,申万二级行业,801742,5223
600863,华能蒙电,上海,电力,申万二级行业,801161,5223
600864,哈投股份,上海,证券Ⅱ,申万二级行业,801193,5223
600865,百大集团,上海,一般零售,申万二级行业,801203,5223
600866,星湖科技,上海,化学制品,申万二级行业,801034,5223
600867,通化东宝,上海,生物制品,申万二级行业,801152,5223
600868,梅雁吉祥,上海,电力,申万二级行业,801161,5223
600869,远东股份,上海,电网设备,申万二级行业,801738,5223
600871,石化油服,上海,油服工程,申万二级行业,801962,5223
600872,中炬高新,上海,调味发酵品Ⅱ,申万二级行业,801129,5223
600873,梅花生物,上海,化学制品,申万二级行业,801034,5223
600874,创业环保,上海,环境治理,申万二级行业,801971,5223
600875,东方电气,上海,其他电源设备Ⅱ,申万二级行业,801733,5223
600876,凯盛新能,上海,玻璃玻纤,申万二级行业,801712,5223
600877,电科芯片,上海,半导体,申万二级行业,801081,5223
600879,航天电子,上海,航天装备Ⅱ,申万二级行业,801741,5223
600880,博瑞传播,上海,教育,申万二级行业,801994,5223
600881,亚泰集团,上海,综合Ⅱ,申万二级行业,801231,5223
600882,妙可蓝多,上海,饮料乳品,申万二级行业,801127,5223
600883,博闻科技,上海,种植业,申万二级行业,801016,5223
600884,杉杉股份,上海,电池,申万二级行业,801737,5223
600885,宏发股份,上海,电网设备,申万二级行业,801738,5223
600886,国投电力,上海,电力,申万二级行业,801161,5223
600887,伊利股份,上海,饮料乳品,申万二级行业,801127,5223
600888,新疆众和,上海,工业金属,申万二级行业,801055,5223
600892,大晟文化,上海,游戏Ⅱ,申万二级行业,801764,5223
600893,航发动力,上海,航空装备Ⅱ,申万二级行业,801742,5223
600894,广日股份,上海,专用设备,申万二级行业,801074,5223
600895,张江高科,上海,房地产开发,申万二级行业,801181,5223
600897,厦门空港,上海,航空机场,申万二级行业,801991,5223
600900,长江电力,上海,电力,申万二级行业,801161,5223
600901,江苏金租,上海,多元金融,申万二级行业,801191,5223
600903,贵州燃气,上海,燃气Ⅱ,申万二级行业,801163,5223
600905,三峡能源,上海,电力,申万二级行业,801161,5223
600906,财达证券,上海,证券Ⅱ,申万二级行业,801193,5223
600908,无锡银行,上海,农商行Ⅱ,申万二级行业,801785,5223
600909,华安证券,上海,证券Ⅱ,申万二级行业,801193,5223
600916,中国黄金,上海,饰品,申万二级行业,801133,5223
600917,重庆燃气,上海,燃气Ⅱ,申万二级行业,801163,5223
600918,中泰证券,上海,证券Ⅱ,申万二级行业,801193,5223
600919,江苏银行,上海,城商行Ⅱ,申万二级行业,801784,5223
600925,苏能股份,上海,煤炭开采,申万二级行业,801951,5223
600926,杭州银行,上海,城商行Ⅱ,申万二级行业,801784,5223
600927,永安期货,上海,多元金融,申万二级行业,801191,5223
600928,西安银行,上海,城商行Ⅱ,申万二级行业,801784,5223
600929,雪天盐业,上海,化学原料,申万二级行业,801033,5223
600930,华电新能,上海,电力,申万二级行业,801161,5223
600933,爱柯迪,上海,汽车零部件,申万二级行业,801093,5223
600935,华塑股份,上海,化学原料,申万二级行业,801033,5223
600936,北投科技,上海,电视广播Ⅱ,申万二级行业,801995,5223
600938,中国海油,上海,未分类,缺失,,5223
600939,重庆建工,上海,房屋建设Ⅱ,申万二级行业,801721,5223
600941,中国移动,上海,通信服务,申万二级行业,801223,5223
600955,维远股份,上海,化学原料,申万二级行业,801033,5223
600956,新天绿能,上海,电力,申万二级行业,801161,5223
600958,东方证券,上海,证券Ⅱ,申万二级行业,801193,5223
600959,江苏有线,上海,电视广播Ⅱ,申万二级行业,801995,5223
600960,渤海汽车,上海,汽车零部件,申万二级行业,801093,5223
600961,株冶集团,上海,工业金属,申万二级行业,801055,5223
600962,国投中鲁,上海,农产品加工,申万二级行业,801012,5223
600963,岳阳林纸,上海,造纸,申万二级行业,801143,5223
600966,博汇纸业,上海,造纸,申万二级行业,801143,5223
600967,内蒙一机,上海,地面兵装Ⅱ,申万二级行业,801743,5223
600968,海油发展,上海,油服工程,申万二级行业,801962,5223
600969,郴电国际,上海,电力,申万二级行业,801161,5223
600970,中材国际,上海,专业工程,申万二级行业,801724,5223
600971,恒源煤电,上海,煤炭开采,申万二级行业,801951,5223
600973,宝胜股份,上海,电网设备,申万二级行业,801738,5223
600975,新五丰,上海,养殖业,申万二级行业,801017,5223
600976,健民集团,上海,中药Ⅱ,申万二级行业,801155,5223
600977,中国电影,上海,影视院线,申万二级行业,801766,5223
600979,广安爱众,上海,电力,申万二级行业,801161,5223
600980,北矿科技,上海,专用设备,申万二级行业,801074,5223
600981,苏豪汇鸿,上海,贸易Ⅱ,申万二级行业,801202,5223
600982,宁波能源,上海,电力,申万二级行业,801161,5223
600983,惠而浦,上海,白色家电,申万二级行业,801111,5223
600984,建设机械,上海,工程机械,申万二级行业,801077,5223
600985,淮北矿业,上海,煤炭开采,申万二级行业,801951,5223
600986,浙文互联,上海,广告营销,申万二级行业,801765,5223
600987,航民股份,上海,纺织制造,申万二级行业,801131,5223
600988,赤峰黄金,上海,贵金属,申万二级行业,801053,5223
600989,宝丰能源,上海,化学原料,申万二级行业,801033,5223
600990,四创电子,上海,军工电子Ⅱ,申万二级行业,801745,5223
600992,贵绳股份,上海,通用设备,申万二级行业,801072,5223
600993,马应龙,上海,中药Ⅱ,申万二级行业,801155,5223
600995,南网储能,上海,电力,申万二级行业,801161,5223
600996,贵广网络,上海,电视广播Ⅱ,申万二级行业,801995,5223
600997,开滦股份,上海,煤炭开采,申万二级行业,801951,5223
600998,九州通,上海,医药商业,申万二级行业,801154,5223
600999,招商证券,上海,证券Ⅱ,申万二级行业,801193,5223
601000,唐山港,上海,航运港口,申万二级行业,801992,5223
601001,晋控煤业,上海,煤炭开采,申万二级行业,801951,5223
601002,晋亿实业,上海,通用设备,申万二级行业,801072,5223
601003,柳钢股份,上海,普钢,申万二级行业,801044,5223
601005,重庆钢铁,上海,普钢,申万二级行业,801044,5223
601006,大秦铁路,上海,铁路公路,申万二级行业,801179,5223
601007,金陵饭店,上海,酒店餐饮,申万二级行业,801219,5223
601008,连云港,上海,航运港口,申万二级行业,801992,5223
601009,南京银行,上海,城商行Ⅱ,申万二级行业,801784,5223
601011,宝泰隆,上海,焦炭Ⅱ,申万二级行业,801952,5223
601012,隆基绿能,上海,光伏设备,申万二级行业,801735,5223
601015,陕西黑猫,上海,焦炭Ⅱ,申万二级行业,801952,5223
601016,节能风电,上海,电力,申万二级行业,801161,5223
601018,宁波港,上海,航运港口,申万二级行业,801992,5223
601019,山东出版,上海,出版,申万二级行业,801769,5223
601020,华钰矿业,上海,工业金属,申万二级行业,801055,5223
601021,春秋航空,上海,航空机场,申万二级行业,801991,5223
601022,宁波远洋,上海,航运港口,申万二级行业,801992,5223
601026,XD道生天,上海,塑料,申万二级行业,801036,5223
601033,永兴股份,上海,环境治理,申万二级行业,801971,5223
601038,一拖股份,上海,专用设备,申万二级行业,801074,5223
601058,赛轮轮胎,上海,汽车零部件,申万二级行业,801093,5223
601059,信达证券,上海,证券Ⅱ,申万二级行业,801193,5223
601061,中信金属,上海,贸易Ⅱ,申万二级行业,801202,5223
601065,江盐集团,上海,化学原料,申万二级行业,801033,5223
601066,中信建投,上海,证券Ⅱ,申万二级行业,801193,5223
601068,中铝国际,上海,专业工程,申万二级行业,801724,5223
601069,西部黄金,上海,贵金属,申万二级行业,801053,5223
601077,渝农商行,上海,农商行Ⅱ,申万二级行业,801785,5223
601083,锦江航运,上海,航运港口,申万二级行业,801992,5223
601086,国芳集团,上海,一般零售,申万二级行业,801203,5223
601088,中国神华,上海,煤炭开采,申万二级行业,801951,5223
601089,福元医药,上海,化学制药,申万二级行业,801151,5223
601096,宏盛华源,上海,专业工程,申万二级行业,801724,5223
601098,中南传媒,上海,出版,申万二级行业,801769,5223
601099,太平洋,上海,证券Ⅱ,申万二级行业,801193,5223
601100,恒立液压,上海,工程机械,申万二级行业,801077,5223
601101,昊华能源,上海,煤炭开采,申万二级行业,801951,5223
601106,中国一重,上海,专用设备,申万二级行业,801074,5223
601107,四川成渝,上海,铁路公路,申万二级行业,801179,5223
601108,财通证券,上海,证券Ⅱ,申万二级行业,801193,5223
601111,中国国航,上海,航空机场,申万二级行业,801991,5223
601112,振石股份,上海,玻璃玻纤,申万二级行业,801712,5223
601113,华鼎股份,上海,化学纤维,申万二级行业,801032,5223
601116,三江购物,上海,一般零售,申万二级行业,801203,5223
601117,中国化学,上海,专业工程,申万二级行业,801724,5223
601118,海南橡胶,上海,种植业,申万二级行业,801016,5223
601121,宝地矿业,上海,冶钢原料,申万二级行业,801043,5223
601126,四方股份,上海,电网设备,申万二级行业,801738,5223
601127,赛力斯,上海,乘用车,申万二级行业,801095,5223
601128,常熟银行,上海,农商行Ⅱ,申万二级行业,801785,5223
601133,柏诚股份,上海,专业工程,申万二级行业,801724,5223
601136,首创证券,上海,证券Ⅱ,申万二级行业,801193,5223
601137,博威合金,上海,金属新材料,申万二级行业,801051,5223
601138,工业富联,上海,消费电子,申万二级行业,801085,5223
601139,深圳燃气,上海,燃气Ⅱ,申万二级行业,801163,5223
601155,新城控股,上海,房地产开发,申万二级行业,801181,5223
601156,东航物流,上海,物流,申万二级行业,801178,5223
601158,重庆水务,上海,环境治理,申万二级行业,801971,5223
601162,天风证券,上海,证券Ⅱ,申万二级行业,801193,5223
601163,三角轮胎,上海,汽车零部件,申万二级行业,801093,5223
601166,兴业银行,上海,股份制银行Ⅱ,申万二级行业,801783,5223
601168,西部矿业,上海,工业金属,申万二级行业,801055,5223
601169,北京银行,上海,城商行Ⅱ,申万二级行业,801784,5223
601177,杭齿前进,上海,通用设备,申万二级行业,801072,5223
601179,中国西电,上海,电网设备,申万二级行业,801738,5223
601186,中国铁建,上海,基础建设,申万二级行业,801723,5223
601187,厦门银行,上海,城商行Ⅱ,申万二级行业,801784,5223
601188,龙江交通,上海,铁路公路,申万二级行业,801179,5223
601198,东兴证券,上海,证券Ⅱ,申万二级行业,801193,5223
601199,江南水务,上海,环境治理,申万二级行业,801971,5223
601200,上海环境,上海,环境治理,申万二级行业,801971,5223
601208,XD东材科,上海,塑料,申万二级行业,801036,5223
601211,国泰海通,上海,证券Ⅱ,申万二级行业,801193,5223
601212,白银有色,上海,工业金属,申万二级行业,801055,5223
601216,君正集团,上海,化学原料,申万二级行业,801033,5223
601218,吉鑫科技,上海,风电设备,申万二级行业,801736,5223
601222,林洋能源,上海,电网设备,申万二级行业,801738,5223
601225,陕西煤业,上海,煤炭开采,申万二级行业,801951,5223
601226,华电科工,上海,专业工程,申万二级行业,801724,5223
601228,广州港,上海,航运港口,申万二级行业,801992,5223
601229,上海银行,上海,城商行Ⅱ,申万二级行业,801784,5223
601231,环旭电子,上海,消费电子,申万二级行业,801085,5223
601233,桐昆股份,上海,炼化及贸易,申万二级行业,801963,5223
601236,红塔证券,上海,证券Ⅱ,申万二级行业,801193,5223
601238,广汽集团,上海,乘用车,申万二级行业,801095,5223
601279,英利汽车,上海,汽车零部件,申万二级行业,801093,5223
601288,农业银行,上海,国有大型银行Ⅱ,申万二级行业,801782,5223
601298,青岛港,上海,航运港口,申万二级行业,801992,5223
601311,骆驼股份,上海,电池,申万二级行业,801737,5223
601318,中国平安,上海,保险Ⅱ,申万二级行业,801194,5223
601319,中国人保,上海,保险Ⅱ,申万二级行业,801194,5223
601326,秦港股份,上海,航运港口,申万二级行业,801992,5223
601328,交通银行,上海,国有大型银行Ⅱ,申万二级行业,801782,5223
601330,绿色动力,上海,环境治理,申万二级行业,801971,5223
601333,广深铁路,上海,铁路公路,申万二级行业,801179,5223
601336,新华保险,上海,保险Ⅱ,申万二级行业,801194,5223
601339,百隆东方,上海,纺织制造,申万二级行业,801131,5223
601360,三六零,上海,软件开发,申万二级行业,801104,5223
601366,利群股份,上海,一般零售,申万二级行业,801203,5223
601368,绿城水务,上海,环境治理,申万二级行业,801971,5223
601369,陕鼓动力,上海,专用设备,申万二级行业,801074,5223
601375,中原证券,上海,证券Ⅱ,申万二级行业,801193,5223
601377,兴业证券,上海,证券Ⅱ,申万二级行业,801193,5223
601388,怡球资源,上海,工业金属,申万二级行业,801055,5223
601390,中国中铁,上海,基础建设,申万二级行业,801723,5223
601398,工商银行,上海,国有大型银行Ⅱ,申万二级行业,801782,5223
601399,国机重装,上海,专用设备,申万二级行业,801074,5223
601456,国联民生,上海,证券Ⅱ,申万二级行业,801193,5223
601500,通用股份,上海,汽车零部件,申万二级行业,801093,5223
601512,中新集团,上海,房地产开发,申万二级行业,801181,5223
601515,衢州东峰,上海,包装印刷,申万二级行业,801141,5223
601518,吉林高速,上海,铁路公路,申万二级行业,801179,5223
601519,大智慧,上海,软件开发,申万二级行业,801104,5223
601528,瑞丰银行,上海,农商行Ⅱ,申万二级行业,801785,5223
601555,东吴证券,上海,证券Ⅱ,申万二级行业,801193,5223
601566,九牧王,上海,服装家纺,申万二级行业,801132,5223
601567,三星电气,上海,电网设备,申万二级行业,801738,5223
601568,北元化工,上海,化学原料,申万二级行业,801033,5223
601577,长沙银行,上海,城商行Ⅱ,申万二级行业,801784,5223
601579,会稽山,上海,非白酒,申万二级行业,801126,5223
601588,北辰实业,上海,房地产开发,申万二级行业,801181,5223
601595,上海电影,上海,影视院线,申万二级行业,801766,5223
601598,中国外运,上海,物流,申万二级行业,801178,5223
601599,浙文影业,上海,纺织制造,申万二级行业,801131,5223
601600,中国铝业,上海,工业金属,申万二级行业,801055,5223
601601,中国太保,上海,保险Ⅱ,申万二级行业,801194,5223
601606,长城军工,上海,地面兵装Ⅱ,申万二级行业,801743,5223
601607,上海医药,上海,医药商业,申万二级行业,801154,5223
601608,中信重工,上海,专用设备,申万二级行业,801074,5223
601609,金田股份,上海,工业金属,申万二级行业,801055,5223
601611,中国核建,上海,基础建设,申万二级行业,801723,5223
601615,明阳智能,上海,风电设备,申万二级行业,801736,5223
601616,广电电气,上海,电网设备,申万二级行业,801738,5223
601618,中国中冶,上海,专业工程,申万二级行业,801724,5223
601619,嘉泽新能,上海,电力,申万二级行业,801161,5223
601628,中国人寿,上海,保险Ⅱ,申万二级行业,801194,5223
601633,长城汽车,上海,乘用车,申万二级行业,801095,5223
601636,旗滨集团,上海,玻璃玻纤,申万二级行业,801712,5223
601658,邮储银行,上海,国有大型银行Ⅱ,申万二级行业,801782,5223
601665,齐鲁银行,上海,城商行Ⅱ,申万二级行业,801784,5223
601666,平煤股份,上海,煤炭开采,申万二级行业,801951,5223
601668,中国建筑,上海,房屋建设Ⅱ,申万二级行业,801721,5223
601669,中国电建,上海,基础建设,申万二级行业,801723,5223
601677,明泰铝业,上海,工业金属,申万二级行业,801055,5223
601678,滨化股份,上海,化学原料,申万二级行业,801033,5223
601686,友发集团,上海,普钢,申万二级行业,801044,5223
601688,华泰证券,上海,证券Ⅱ,申万二级行业,801193,5223
601689,拓普集团,上海,汽车零部件,申万二级行业,801093,5223
601696,中银证券,上海,证券Ⅱ,申万二级行业,801193,5223
601698,中国卫通,上海,航天装备Ⅱ,申万二级行业,801741,5223
601699,潞安环能,上海,煤炭开采,申万二级行业,801951,5223
601700,风范股份,上海,电网设备,申万二级行业,801738,5223
601702,华峰铝业,上海,工业金属,申万二级行业,801055,5223
601717,中创智领,上海,专用设备,申万二级行业,801074,5223
601727,上海电气,上海,其他电源设备Ⅱ,申万二级行业,801733,5223
601728,中国电信,上海,通信服务,申万二级行业,801223,5223
601766,中国中车,上海,轨交设备Ⅱ,申万二级行业,801076,5223
601777,千里科技,上海,摩托车及其他,申万二级行业,801881,5223
601778,晶科科技,上海,电力,申万二级行业,801161,5223
601788,光大证券,上海,证券Ⅱ,申万二级行业,801193,5223
601789,宁波建工,上海,房屋建设Ⅱ,申万二级行业,801721,5223
601798,蓝科高新,上海,专用设备,申万二级行业,801074,5223
601799,星宇股份,上海,汽车零部件,申万二级行业,801093,5223
601800,中国交建,上海,基础建设,申万二级行业,801723,5223
601801,皖新传媒,上海,出版,申万二级行业,801769,5223
601808,中海油服,上海,油服工程,申万二级行业,801962,5223
601811,新华文轩,上海,出版,申万二级行业,801769,5223
601816,京沪高铁,上海,铁路公路,申万二级行业,801179,5223
601818,光大银行,上海,股份制银行Ⅱ,申万二级行业,801783,5223
601825,沪农商行,上海,农商行Ⅱ,申万二级行业,801785,5223
601827,三峰环境,上海,环境治理,申万二级行业,801971,5223
601828,美凯龙,上海,一般零售,申万二级行业,801203,5223
601838,成都银行,上海,城商行Ⅱ,申万二级行业,801784,5223
601857,中国石油,上海,炼化及贸易,申万二级行业,801963,5223
601858,中国科传,上海,出版,申万二级行业,801769,5223
601860,紫金银行,上海,农商行Ⅱ,申万二级行业,801785,5223
601865,福莱特,上海,光伏设备,申万二级行业,801735,5223
601866,中远海发,上海,航运港口,申万二级行业,801992,5223
601868,中国能建,上海,基础建设,申万二级行业,801723,5223
601869,长飞光纤,上海,通信设备,申万二级行业,801102,5223
601872,招商轮船,上海,航运港口,申万二级行业,801992,5223
601877,正泰电器,上海,电网设备,申万二级行业,801738,5223
601878,浙商证券,上海,证券Ⅱ,申万二级行业,801193,5223
601880,辽港股份,上海,航运港口,申万二级行业,801992,5223
601881,中国银河,上海,证券Ⅱ,申万二级行业,801193,5223
601882,海天精工,上海,通用设备,申万二级行业,801072,5223
601886,江河集团,上海,装修装饰Ⅱ,申万二级行业,801722,5223
601888,中国中免,上海,未分类,缺失,,5223
601890,亚星锚链,上海,航海装备Ⅱ,申万二级行业,801744,5223
601898,中煤能源,上海,煤炭开采,申万二级行业,801951,5223
601899,紫金矿业,上海,工业金属,申万二级行业,801055,5223
601900,南方传媒,上海,出版,申万二级行业,801769,5223
601901,方正证券,上海,证券Ⅱ,申万二级行业,801193,5223
601908,京运通,上海,电力,申万二级行业,801161,5223
601916,浙商银行,上海,股份制银行Ⅱ,申万二级行业,801783,5223
601918,新集能源,上海,煤炭开采,申万二级行业,801951,5223
601919,中远海控,上海,航运港口,申万二级行业,801992,5223
601921,浙版传媒,上海,出版,申万二级行业,801769,5223
601928,凤凰传媒,上海,出版,申万二级行业,801769,5223
601929,吉视传媒,上海,电视广播Ⅱ,申万二级行业,801995,5223
601933,永辉超市,上海,一般零售,申万二级行业,801203,5223
601939,建设银行,上海,国有大型银行Ⅱ,申万二级行业,801782,5223
601949,中国出版,上海,出版,申万二级行业,801769,5223
601952,苏垦农发,上海,种植业,申万二级行业,801016,5223
601956,东贝集团,上海,家电零部件Ⅱ,申万二级行业,801116,5223
601958,金钼股份,上海,小金属,申万二级行业,801054,5223
601963,重庆银行,上海,城商行Ⅱ,申万二级行业,801784,5223
601965,中国汽研,上海,汽车服务,申万二级行业,801092,5223
601966,玲珑轮胎,上海,汽车零部件,申万二级行业,801093,5223
601968,宝钢包装,上海,包装印刷,申万二级行业,801141,5223
601969,海南矿业,上海,冶钢原料,申万二级行业,801043,5223
601975,招商南油,上海,航运港口,申万二级行业,801992,5223
601985,中国核电,上海,电力,申万二级行业,801161,5223
601988,中国银行,上海,国有大型银行Ⅱ,申万二级行业,801782,5223
601990,南京证券,上海,证券Ⅱ,申万二级行业,801193,5223
601991,大唐发电,上海,电力,申万二级行业,801161,5223
601992,金隅集团,上海,水泥,申万二级行业,801711,5223
601995,中金公司,上海,证券Ⅱ,申万二级行业,801193,5223
601996,丰林集团,上海,家居用品,申万二级行业,801142,5223
601997,贵阳银行,上海,城商行Ⅱ,申万二级行业,801784,5223
601998,中信银行,上海,股份制银行Ⅱ,申万二级行业,801783,5223
601999,出版传媒,上海,出版,申万二级行业,801769,5223
603000,人民网,上海,数字媒体,申万二级行业,801767,5223
603001,奥康国际,上海,服装家纺,申万二级行业,801132,5223
603002,宏昌电子,上海,电子化学品Ⅱ,申万二级行业,801086,5223
603004,鼎龙科技,上海,化学制品,申万二级行业,801034,5223
603005,晶方科技,上海,半导体,申万二级行业,801081,5223
603006,联明股份,上海,汽车零部件,申万二级行业,801093,5223
603007,顺景科技,上海,汽车零部件,申万二级行业,801093,5223
603009,北特科技,上海,汽车零部件,申万二级行业,801093,5223
603010,万盛股份,上海,化学制品,申万二级行业,801034,5223
603011,合锻智能,上海,专用设备,申万二级行业,801074,5223
603012,XD创力集,上海,专用设备,申万二级行业,801074,5223
603013,亚普股份,上海,汽车零部件,申万二级行业,801093,5223
603014,威高血净,上海,医疗器械,申万二级行业,801153,5223
603015,弘讯科技,上海,自动化设备,申万二级行业,801078,5223
603016,新宏泰,上海,电网设备,申万二级行业,801738,5223
603017,中衡设计,上海,工程咨询服务Ⅱ,申万二级行业,801726,5223
603018,华设集团,上海,工程咨询服务Ⅱ,申万二级行业,801726,5223
603019,中科曙光,上海,计算机设备,申万二级行业,801101,5223
603020,爱普股份,上海,化学制品,申万二级行业,801034,5223
603022,新通联,上海,包装印刷,申万二级行业,801141,5223
603023,威帝股份,上海,汽车零部件,申万二级行业,801093,5223
603025,大豪科技,上海,自动化设备,申万二级行业,801078,5223
603026,石大胜华,上海,电池,申万二级行业,801737,5223
603027,千禾味业,上海,调味发酵品Ⅱ,申万二级行业,801129,5223
603028,赛福天,上海,通用设备,申万二级行业,801072,5223
603029,天鹅股份,上海,专用设备,申万二级行业,801074,5223
603030,全筑股份,上海,装修装饰Ⅱ,申万二级行业,801722,5223
603031,安孚科技,上海,电池,申万二级行业,801737,5223
603032,德新科技,上海,电池,申万二级行业,801737,5223
603033,三维股份,上海,橡胶,申万二级行业,801037,5223
603035,常熟汽饰,上海,汽车零部件,申万二级行业,801093,5223
603036,如通股份,上海,专用设备,申万二级行业,801074,5223
603037,凯众股份,上海,汽车零部件,申万二级行业,801093,5223
603038,华立股份,上海,装修建材,申万二级行业,801713,5223
603039,泛微网络,上海,软件开发,申万二级行业,801104,5223
603040,新坐标,上海,汽车零部件,申万二级行业,801093,5223
603041,美思德,上海,化学制品,申万二级行业,801034,5223
603042,华脉科技,上海,通信设备,申万二级行业,801102,5223
603043,广州酒家,上海,休闲食品,申万二级行业,801128,5223
603045,福达合金,上海,金属新材料,申万二级行业,801051,5223
603048,浙江黎明,上海,汽车零部件,申万二级行业,801093,5223
603049,中策橡胶,上海,汽车零部件,申万二级行业,801093,5223
603050,科林电气,上海,电网设备,申万二级行业,801738,5223
603051,鹿山新材,上海,化学制品,申万二级行业,801034,5223
603052,可川科技,上海,消费电子,申万二级行业,801085,5223
603053,成都燃气,上海,燃气Ⅱ,申万二级行业,801163,5223
603055,台华新材,上海,纺织制造,申万二级行业,801131,5223
603057,紫燕食品,上海,休闲食品,申万二级行业,801128,5223
603058,永吉股份,上海,包装印刷,申万二级行业,801141,5223
603059,倍加洁,上海,个护用品,申万二级行业,801981,5223
603060,国检集团,上海,专业服务,申万二级行业,801218,5223
603061,金海通,上海,半导体,申万二级行业,801081,5223
603062,麦加芯彩,上海,化学制品,申万二级行业,801034,5223
603063,禾望电气,上海,风电设备,申万二级行业,801736,5223
603065,宿迁联盛,上海,化学制品,申万二级行业,801034,5223
603066,音飞储存,上海,物流,申万二级行业,801178,5223
603067,振华股份,上海,化学原料,申万二级行业,801033,5223
603068,博通集成,上海,半导体,申万二级行业,801081,5223
603069,海汽集团,上海,铁路公路,申万二级行业,801179,5223
603070,万控智造,上海,电网设备,申万二级行业,801738,5223
603071,物产环能,上海,电力,申万二级行业,801161,5223
603072,天和磁材,上海,金属新材料,申万二级行业,801051,5223
603073,彩蝶实业,上海,化学纤维,申万二级行业,801032,5223
603075,热威股份,上海,家电零部件Ⅱ,申万二级行业,801116,5223
603076,乐惠国际,上海,专用设备,申万二级行业,801074,5223
603077,和邦生物,上海,农化制品,申万二级行业,801038,5223
603078,江化微,上海,电子化学品Ⅱ,申万二级行业,801086,5223
603079,圣达生物,上海,化学制品,申万二级行业,801034,5223
603080,新疆火炬,上海,燃气Ⅱ,申万二级行业,801163,5223
603081,大丰实业,上海,专用设备,申万二级行业,801074,5223
603082,北自科技,上海,自动化设备,申万二级行业,801078,5223
603083,剑桥科技,上海,通信设备,申万二级行业,801102,5223
603085,天成自控,上海,汽车零部件,申万二级行业,801093,5223
603086,先达股份,上海,农化制品,申万二级行业,801038,5223
603087,甘李药业,上海,生物制品,申万二级行业,801152,5223
603088,宁波精达,上海,通用设备,申万二级行业,801072,5223
603089,正裕工业,上海,汽车零部件,申万二级行业,801093,5223
603090,宏盛股份,上海,通用设备,申万二级行业,801072,5223
603091,众鑫股份,上海,包装印刷,申万二级行业,801141,5223
603092,德力佳,上海,风电设备,申万二级行业,801736,5223
603093,南华期货,上海,多元金融,申万二级行业,801191,5223
603095,越剑智能,上海,专用设备,申万二级行业,801074,5223
603096,新经典,上海,出版,申万二级行业,801769,5223
603097,江苏华辰,上海,电网设备,申万二级行业,801738,5223
603098,森特股份,上海,专业工程,申万二级行业,801724,5223
603099,长白山,上海,旅游及景区,申万二级行业,801993,5223
603100,川仪股份,上海,通用设备,申万二级行业,801072,5223
603101,汇嘉时代,上海,一般零售,申万二级行业,801203,5223
603102,百合股份,上海,食品加工,申万二级行业,801124,5223
603103,横店影视,上海,影视院线,申万二级行业,801766,5223
603105,芯能科技,上海,电力,申万二级行业,801161,5223
603106,恒银科技,上海,计算机设备,申万二级行业,801101,5223
603107,上海汽配,上海,汽车零部件,申万二级行业,801093,5223
603108,润达医疗,上海,医药商业,申万二级行业,801154,5223
603109,神驰机电,上海,汽车零部件,申万二级行业,801093,5223
603110,东方材料,上海,化学制品,申万二级行业,801034,5223
603111,康尼机电,上海,轨交设备Ⅱ,申万二级行业,801076,5223
603112,华翔股份,上海,家电零部件Ⅱ,申万二级行业,801116,5223
603113,金能科技,上海,化学原料,申万二级行业,801033,5223
603115,海星股份,上海,电子化学品Ⅱ,申万二级行业,801086,5223
603116,红蜻蜓,上海,服装家纺,申万二级行业,801132,5223
603117,万林物流,上海,物流,申万二级行业,801178,5223
603118,共进股份,上海,通信设备,申万二级行业,801102,5223
603119,浙江荣泰,上海,汽车零部件,申万二级行业,801093,5223
603120,肯特催化,上海,化学制品,申万二级行业,801034,5223
603121,华培动力,上海,汽车零部件,申万二级行业,801093,5223
603122,合富中国,上海,医药商业,申万二级行业,801154,5223
603123,翠微股份,上海,一般零售,申万二级行业,801203,5223
603124,江南新材,上海,金属新材料,申万二级行业,801051,5223
603125,常青科技,上海,化学制品,申万二级行业,801034,5223
603126,中材节能,上海,环保设备Ⅱ,申万二级行业,801972,5223
603127,昭衍新药,上海,医疗服务,申万二级行业,801156,5223
603128,华贸物流,上海,物流,申万二级行业,801178,5223
603129,春风动力,上海,摩托车及其他,申万二级行业,801881,5223
603130,云中马,上海,纺织制造,申万二级行业,801131,5223
603131,上海沪工,上海,通用设备,申万二级行业,801072,5223
603132,金徽股份,上海,工业金属,申万二级行业,801055,5223
603135,中重科技,上海,专用设备,申万二级行业,801074,5223
603136,天目湖,上海,旅游及景区,申万二级行业,801993,5223
603137,恒尚节能,上海,装修装饰Ⅱ,申万二级行业,801722,5223
603138,海量数据,上海,IT服务Ⅱ,申万二级行业,801103,5223
603139,康惠股份,上海,中药Ⅱ,申万二级行业,801155,5223
603150,万朗磁塑,上海,塑料,申万二级行业,801036,5223
603151,邦基科技,上海,饲料,申万二级行业,801014,5223
603153,上海建科,上海,工程咨询服务Ⅱ,申万二级行业,801726,5223
603155,新亚强,上海,化学制品,申万二级行业,801034,5223
603156,养元饮品,上海,饮料乳品,申万二级行业,801127,5223
603158,腾龙股份,上海,汽车零部件,申万二级行业,801093,5223
603159,上海亚虹,上海,专用设备,申万二级行业,801074,5223
603160,汇顶科技,上海,半导体,申万二级行业,801081,5223
603161,科华控股,上海,汽车零部件,申万二级行业,801093,5223
603162,海通发展,上海,航运港口,申万二级行业,801992,5223
603163,圣晖集成,上海,专业工程,申万二级行业,801724,5223
603165,荣晟环保,上海,造纸,申万二级行业,801143,5223
603166,福达股份,上海,汽车零部件,申万二级行业,801093,5223
603167,渤海轮渡,上海,航运港口,申万二级行业,801992,5223
603168,莎普爱思,上海,化学制药,申万二级行业,801151,5223
603169,兰石重装,上海,专用设备,申万二级行业,801074,5223
603170,宝立食品,上海,调味发酵品Ⅱ,申万二级行业,801129,5223
603171,税友股份,上海,IT服务Ⅱ,申万二级行业,801103,5223
603172,万丰股份,上海,化学制品,申万二级行业,801034,5223
603173,福斯达,上海,专用设备,申万二级行业,801074,5223
603175,超颖电子,上海,元件,申万二级行业,801083,5223
603176,汇通集团,上海,基础建设,申万二级行业,801723,5223
603177,德创环保,上海,环境治理,申万二级行业,801971,5223
603178,圣龙股份,上海,汽车零部件,申万二级行业,801093,5223
603179,新泉股份,上海,汽车零部件,申万二级行业,801093,5223
603180,金牌家居,上海,家居用品,申万二级行业,801142,5223
603181,皇马科技,上海,化学制品,申万二级行业,801034,5223
603182,嘉华股份,上海,农产品加工,申万二级行业,801012,5223
603183,建研院,上海,专业服务,申万二级行业,801218,5223
603185,弘元绿能,上海,光伏设备,申万二级行业,801735,5223
603186,华正新材,上海,元件,申万二级行业,801083,5223
603187,海容冷链,上海,通用设备,申万二级行业,801072,5223
603188,亚邦股份,上海,化学制品,申万二级行业,801034,5223
603190,亚通精工,上海,汽车零部件,申万二级行业,801093,5223
603191,望变电气,上海,电网设备,申万二级行业,801738,5223
603192,汇得科技,上海,化学制品,申万二级行业,801034,5223
603193,润本股份,上海,个护用品,申万二级行业,801981,5223
603194,中力股份,上海,工程机械,申万二级行业,801077,5223
603195,公牛集团,上海,家居用品,申万二级行业,801142,5223
603196,璞源材料,上海,服装家纺,申万二级行业,801132,5223
603197,保隆科技,上海,汽车零部件,申万二级行业,801093,5223
603198,迎驾贡酒,上海,白酒Ⅱ,申万二级行业,801125,5223
603199,九华旅游,上海,旅游及景区,申万二级行业,801993,5223
603200,上海洗霸,上海,环境治理,申万二级行业,801971,5223
603201,常润股份,上海,汽车零部件,申万二级行业,801093,5223
603202,天有为,上海,汽车零部件,申万二级行业,801093,5223
603203,快克智能,上海,自动化设备,申万二级行业,801078,5223
603205,健尔康,上海,医疗器械,申万二级行业,801153,5223
603206,嘉环科技,上海,通信服务,申万二级行业,801223,5223
603207,小方制药,上海,化学制药,申万二级行业,801151,5223
603208,江山欧派,上海,家居用品,申万二级行业,801142,5223
603209,兴通股份,上海,航运港口,申万二级行业,801992,5223
603210,泰鸿万立,上海,汽车零部件,申万二级行业,801093,5223
603211,晋拓股份,上海,汽车零部件,申万二级行业,801093,5223
603212,赛伍技术,上海,光伏设备,申万二级行业,801735,5223
603213,镇洋发展,上海,化学原料,申万二级行业,801033,5223
603214,爱婴室,上海,专业连锁Ⅱ,申万二级行业,801204,5223
603215,比依股份,上海,小家电,申万二级行业,801113,5223
603216,梦天家居,上海,家居用品,申万二级行业,801142,5223
603217,元利科技,上海,化学制品,申万二级行业,801034,5223
603218,日月股份,上海,风电设备,申万二级行业,801736,5223
603219,富佳股份,上海,小家电,申万二级行业,801113,5223
603220,中贝通信,上海,通信服务,申万二级行业,801223,5223
603221,爱丽家居,上海,家居用品,申万二级行业,801142,5223
603222,济民健康,上海,医疗器械,申万二级行业,801153,5223
603223,恒通股份,上海,炼化及贸易,申万二级行业,801963,5223
603225,新凤鸣,上海,化学纤维,申万二级行业,801032,5223
603226,菲林格尔,上海,家居用品,申万二级行业,801142,5223
603227,雪峰科技,上海,化学制品,申万二级行业,801034,5223
603228,景旺电子,上海,元件,申万二级行业,801083,5223
603229,奥翔药业,上海,化学制药,申万二级行业,801151,5223
603230,内蒙新华,上海,出版,申万二级行业,801769,5223
603231,索宝蛋白,上海,农产品加工,申万二级行业,801012,5223
603232,格尔软件,上海,软件开发,申万二级行业,801104,5223
603233,大参林,上海,医药商业,申万二级行业,801154,5223
603235,天新药业,上海,化学制品,申万二级行业,801034,5223
603236,移远通信,上海,通信设备,申万二级行业,801102,5223
603237,五芳斋,上海,食品加工,申万二级行业,801124,5223
603238,诺邦股份,上海,纺织制造,申万二级行业,801131,5223
603239,浙江仙通,上海,汽车零部件,申万二级行业,801093,5223
603248,锡华科技,上海,风电设备,申万二级行业,801736,5223
603255,鼎际得,上海,化学制品,申万二级行业,801034,5223
603256,宏和科技,上海,玻璃玻纤,申万二级行业,801712,5223
603257,中国瑞林,上海,工程咨询服务Ⅱ,申万二级行业,801726,5223
603258,电魂网络,上海,游戏Ⅱ,申万二级行业,801764,5223
603259,药明康德,上海,医疗服务,申万二级行业,801156,5223
603260,合盛硅业,上海,化学制品,申万二级行业,801034,5223
603261,立航科技,上海,航空装备Ⅱ,申万二级行业,801742,5223
603262,技源集团,上海,食品加工,申万二级行业,801124,5223
603266,天龙股份,上海,汽车零部件,申万二级行业,801093,5223
603267,鸿远电子,上海,军工电子Ⅱ,申万二级行业,801745,5223
603268,松发股份,上海,航海装备Ⅱ,申万二级行业,801744,5223
603269,海鸥股份,上海,通用设备,申万二级行业,801072,5223
603270,金帝股份,上海,通用设备,申万二级行业,801072,5223
603271,永杰新材,上海,工业金属,申万二级行业,801055,5223
603273,天元智能,上海,工程机械,申万二级行业,801077,5223
603275,众辰科技,上海,自动化设备,申万二级行业,801078,5223
603276,恒兴新材,上海,化学制品,申万二级行业,801034,5223
603277,银都股份,上海,通用设备,申万二级行业,801072,5223
603278,大业股份,上海,通用设备,申万二级行业,801072,5223
603279,景津装备,上海,通用设备,申万二级行业,801072,5223
603280,南方路机,上海,工程机械,申万二级行业,801077,5223
603281,江瀚新材,上海,化学制品,申万二级行业,801034,5223
603282,亚光股份,上海,环保设备Ⅱ,申万二级行业,801972,5223
603283,赛腾股份,上海,自动化设备,申万二级行业,801078,5223
603284,林平发展,上海,造纸,申万二级行业,801143,5223
603285,键邦股份,上海,化学制品,申万二级行业,801034,5223
603286,日盈电子,上海,汽车零部件,申万二级行业,801093,5223
603288,海天味业,上海,调味发酵品Ⅱ,申万二级行业,801129,5223
603289,泰瑞机器,上海,专用设备,申万二级行业,801074,5223
603290,斯达半导,上海,半导体,申万二级行业,801081,5223
603291,联合水务,上海,环境治理,申万二级行业,801971,5223
603293,埃泰克,上海,汽车零部件,申万二级行业,801093,5223
603296,华勤技术,上海,消费电子,申万二级行业,801085,5223
603297,永新光学,上海,光学光电子,申万二级行业,801084,5223
603298,杭叉集团,上海,工程机械,申万二级行业,801077,5223
603299,苏盐井神,上海,化学原料,申万二级行业,801033,5223
603300,海南华铁,上海,多元金融,申万二级行业,801191,5223
603301,振德医疗,上海,医疗器械,申万二级行业,801153,5223
603303,得邦照明,上海,照明设备Ⅱ,申万二级行业,801115,5223
603305,旭升集团,上海,汽车零部件,申万二级行业,801093,5223
603306,华懋科技,上海,汽车零部件,申万二级行业,801093,5223
603307,扬州金泉,上海,服装家纺,申万二级行业,801132,5223
603308,应流股份,上海,通用设备,申万二级行业,801072,5223
603309,维力医疗,上海,医疗器械,申万二级行业,801153,5223
603310,巍华新材,上海,化学制品,申万二级行业,801034,5223
603311,金海高科,上海,家电零部件Ⅱ,申万二级行业,801116,5223
603312,西典新能,上海,电网设备,申万二级行业,801738,5223
603313,梦百合,上海,家居用品,申万二级行业,801142,5223
603315,福鞍股份,上海,环境治理,申万二级行业,801971,5223
603316,诚邦股份,上海,半导体,申万二级行业,801081,5223
603317,天味食品,上海,调味发酵品Ⅱ,申万二级行业,801129,5223
603318,水发燃气,上海,燃气Ⅱ,申万二级行业,801163,5223
603319,美湖股份,上海,汽车零部件,申万二级行业,801093,5223
603320,迪贝电气,上海,电机Ⅱ,申万二级行业,801731,5223
603321,梅轮电梯,上海,专用设备,申万二级行业,801074,5223
603322,超讯科技,上海,通信服务,申万二级行业,801223,5223
603323,苏农银行,上海,农商行Ⅱ,申万二级行业,801785,5223
603324,盛剑科技,上海,环保设备Ⅱ,申万二级行业,801972,5223
603325,博隆技术,上海,专用设备,申万二级行业,801074,5223
603326,我乐家居,上海,家居用品,申万二级行业,801142,5223
603327,福蓉科技,上海,消费电子,申万二级行业,801085,5223
603328,依顿电子,上海,元件,申万二级行业,801083,5223
603329,上海雅仕,上海,物流,申万二级行业,801178,5223
603330,天洋新材,上海,塑料,申万二级行业,801036,5223
603331,百达精工,上海,通用设备,申万二级行业,801072,5223
603332,苏州龙杰,上海,化学纤维,申万二级行业,801032,5223
603333,福华尚纬,上海,电网设备,申万二级行业,801738,5223
603334,丰倍生物,上海,化学制品,申万二级行业,801034,5223
603335,迪生力,上海,汽车零部件,申万二级行业,801093,5223
603336,宏辉果蔬,上海,化学制药,申万二级行业,801151,5223
603337,杰克科技,上海,专用设备,申万二级行业,801074,5223
603338,浙江鼎力,上海,工程机械,申万二级行业,801077,5223
603339,四方科技,上海,通用设备,申万二级行业,801072,5223
603341,龙旗科技,上海,消费电子,申万二级行业,801085,5223
603344,星德胜,上海,电机Ⅱ,申万二级行业,801731,5223
603345,安井食品,上海,食品加工,申万二级行业,801124,5223
603348,文灿股份,上海,汽车零部件,申万二级行业,801093,5223
603350,安乃达,上海,电机Ⅱ,申万二级行业,801731,5223
603351,威尔药业,上海,化学制药,申万二级行业,801151,5223
603352,至信股份,上海,汽车零部件,申万二级行业,801093,5223
603353,和顺石油,上海,炼化及贸易,申万二级行业,801963,5223
603355,莱克电气,上海,小家电,申万二级行业,801113,5223
603356,华菱精工,上海,专用设备,申万二级行业,801074,5223
603357,设计总院,上海,工程咨询服务Ⅱ,申万二级行业,801726,5223
603358,华达科技,上海,汽车零部件,申万二级行业,801093,5223
603360,百傲化学,上海,农化制品,申万二级行业,801038,5223
603363,傲农生物,上海,饲料,申万二级行业,801014,5223
603365,水星家纺,上海,服装家纺,申万二级行业,801132,5223
603366,日出东方,上海,厨卫电器,申万二级行业,801114,5223
603367,辰欣药业,上海,化学制药,申万二级行业,801151,5223
603368,柳药集团,上海,医药商业,申万二级行业,801154,5223
603369,今世缘,上海,白酒Ⅱ,申万二级行业,801125,5223
603370,华新精科,上海,电机Ⅱ,申万二级行业,801731,5223
603373,安邦护卫,上海,专业服务,申万二级行业,801218,5223
603375,盛景微,上海,半导体,申万二级行业,801081,5223
603376,大明电子,上海,汽车零部件,申万二级行业,801093,5223
603379,三美股份,上海,化学制品,申万二级行业,801034,5223
603380,易德龙,上海,消费电子,申万二级行业,801085,5223
603381,永臻股份,上海,光伏设备,申万二级行业,801735,5223
603382,海阳科技,上海,化学纤维,申万二级行业,801032,5223
603383,顶点软件,上海,软件开发,申万二级行业,801104,5223
603385,惠达卫浴,上海,家居用品,申万二级行业,801142,5223
603386,骏亚科技,上海,元件,申万二级行业,801083,5223
603387,基蛋生物,上海,医疗器械,申万二级行业,801153,5223
603389,亚振家居,上海,家居用品,申万二级行业,801142,5223
603390,通达电气,上海,汽车零部件,申万二级行业,801093,5223
603391,力聚热能,上海,专用设备,申万二级行业,801074,5223
603392,万泰生物,上海,医疗器械,申万二级行业,801153,5223
603393,新天然气,上海,燃气Ⅱ,申万二级行业,801163,5223
603395,红四方,上海,农化制品,申万二级行业,801038,5223
603396,金辰股份,上海,光伏设备,申万二级行业,801735,5223
603399,永杉锂业,上海,能源金属,申万二级行业,801056,5223
603400,华之杰,上海,通用设备,申万二级行业,801072,5223
603402,陕西旅游,上海,旅游及景区,申万二级行业,801993,5223
603406,天富龙,上海,化学纤维,申万二级行业,801032,5223
603407,长裕集团,上海,小金属,申万二级行业,801054,5223
603408,建霖家居,上海,家居用品,申万二级行业,801142,5223
603409,汇通控股,上海,汽车零部件,申万二级行业,801093,5223
603416,信捷电气,上海,自动化设备,申万二级行业,801078,5223
603418,友升股份,上海,汽车零部件,申万二级行业,801093,5223
603421,鼎信通讯,上海,通信设备,申万二级行业,801102,5223
603435,嘉德利,上海,塑料,申万二级行业,801036,5223
603439,三力制药,上海,中药Ⅱ,申万二级行业,801155,5223
603444,吉比特,上海,游戏Ⅱ,申万二级行业,801764,5223
603456,九洲药业,上海,医疗服务,申万二级行业,801156,5223
603458,勘设股份,上海,工程咨询服务Ⅱ,申万二级行业,801726,5223
603459,红板科技,上海,元件,申万二级行业,801083,5223
603466,风语筑,上海,数字媒体,申万二级行业,801767,5223
603477,巨星农牧,上海,养殖业,申万二级行业,801017,5223
603486,科沃斯,上海,小家电,申万二级行业,801113,5223
603488,展鹏科技,上海,专用设备,申万二级行业,801074,5223
603489,八方股份,上海,电机Ⅱ,申万二级行业,801731,5223
603496,恒为科技,上海,计算机设备,申万二级行业,801101,5223
603499,翔港科技,上海,包装印刷,申万二级行业,801141,5223
603500,祥和实业,上海,轨交设备Ⅱ,申万二级行业,801076,5223
603501,豪威集团,上海,半导体,申万二级行业,801081,5223
603505,金石资源,上海,化学制品,申万二级行业,801034,5223
603506,南都物业,上海,房地产服务,申万二级行业,801183,5223
603507,振江股份,上海,风电设备,申万二级行业,801736,5223
603508,思维列控,上海,计算机设备,申万二级行业,801101,5223
603511,爱慕股份,上海,服装家纺,申万二级行业,801132,5223
603515,欧普照明,上海,照明设备Ⅱ,申万二级行业,801115,5223
603516,淳中科技,上海,计算机设备,申万二级行业,801101,5223
603518,锦泓集团,上海,服装家纺,申万二级行业,801132,5223
603519,立霸股份,上海,家电零部件Ⅱ,申万二级行业,801116,5223
603520,司太立,上海,化学制药,申万二级行业,801151,5223
603527,众源新材,上海,工业金属,申万二级行业,801055,5223
603528,多伦科技,上海,软件开发,申万二级行业,801104,5223
603529,爱玛科技,上海,摩托车及其他,申万二级行业,801881,5223
603530,神马电力,上海,电网设备,申万二级行业,801738,5223
603533,掌阅科技,上海,数字媒体,申万二级行业,801767,5223
603535,嘉诚国际,上海,物流,申万二级行业,801178,5223
603536,惠发食品,上海,食品加工,申万二级行业,801124,5223
603538,美诺华,上海,化学制药,申万二级行业,801151,5223
603551,奥普科技,上海,厨卫电器,申万二级行业,801114,5223
603556,海兴电力,上海,电网设备,申万二级行业,801738,5223
603558,健盛集团,上海,纺织制造,申万二级行业,801131,5223
603559,中通国脉,上海,通信服务,申万二级行业,801223,5223
603565,中谷物流,上海,航运港口,申万二级行业,801992,5223
603566,普莱柯,上海,动物保健Ⅱ,申万二级行业,801018,5223
603567,珍宝岛,上海,中药Ⅱ,申万二级行业,801155,5223
603568,伟明环保,上海,环境治理,申万二级行业,801971,5223
603569,长久物流,上海,物流,申万二级行业,801178,5223
603577,汇金通,上海,电网设备,申万二级行业,801738,5223
603578,三星新材,上海,家电零部件Ⅱ,申万二级行业,801116,5223
603579,荣泰健康,上海,未分类,缺失,,5223
603580,艾艾精工,上海,塑料,申万二级行业,801036,5223
603583,捷昌驱动,上海,自动化设备,申万二级行业,801078,5223
603585,苏利股份,上海,农化制品,申万二级行业,801038,5223
603586,金麒麟,上海,汽车零部件,申万二级行业,801093,5223
603587,地素时尚,上海,服装家纺,申万二级行业,801132,5223
603588,高能环境,上海,环境治理,申万二级行业,801971,5223
603589,口子窖,上海,白酒Ⅱ,申万二级行业,801125,5223
603590,康辰药业,上海,生物制品,申万二级行业,801152,5223
603596,伯特利,上海,汽车零部件,申万二级行业,801093,5223
603598,引力传媒,上海,广告营销,申万二级行业,801765,5223
603599,广信股份,上海,农化制品,申万二级行业,801038,5223
603600,永艺股份,上海,家居用品,申万二级行业,801142,5223
603601,再升科技,上海,玻璃玻纤,申万二级行业,801712,5223
603602,纵横通信,上海,广告营销,申万二级行业,801765,5223
603605,珀莱雅,上海,化妆品,申万二级行业,801982,5223
603606,东方电缆,上海,电网设备,申万二级行业,801738,5223
603607,京华激光,上海,包装印刷,申万二级行业,801141,5223
603608,天创时尚,上海,服装家纺,申万二级行业,801132,5223
603609,禾丰股份,上海,饲料,申万二级行业,801014,5223
603610,麒盛科技,上海,家居用品,申万二级行业,801142,5223
603611,诺力股份,上海,工程机械,申万二级行业,801077,5223
603612,索通发展,上海,非金属材料Ⅱ,申万二级行业,801039,5223
603613,国联股份,上海,互联网电商,申万二级行业,801206,5223
603615,茶花股份,上海,家居用品,申万二级行业,801142,5223
603616,韩建河山,上海,水泥,申万二级行业,801711,5223
603617,君禾股份,上海,通用设备,申万二级行业,801072,5223
603618,杭电股份,上海,电网设备,申万二级行业,801738,5223
603619,中曼石油,上海,油服工程,申万二级行业,801962,5223
603626,科森科技,上海,消费电子,申万二级行业,801085,5223
603628,清源股份,上海,光伏设备,申万二级行业,801735,5223
603629,利通电子,上海,消费电子,申万二级行业,801085,5223
603630,拉芳家化,上海,化妆品,申万二级行业,801982,5223
603633,徕木股份,上海,消费电子,申万二级行业,801085,5223
603636,南威软件,上海,IT服务Ⅱ,申万二级行业,801103,5223
603637,镇海股份,上海,专业工程,申万二级行业,801724,5223
603638,艾迪精密,上海,工程机械,申万二级行业,801077,5223
603639,海利尔,上海,农化制品,申万二级行业,801038,5223
603648,畅联股份,上海,物流,申万二级行业,801178,5223
603650,彤程新材,上海,橡胶,申万二级行业,801037,5223
603655,朗博科技,上海,汽车零部件,申万二级行业,801093,5223
603656,泰禾智能,上海,专用设备,申万二级行业,801074,5223
603657,春光科技,上海,家电零部件Ⅱ,申万二级行业,801116,5223
603658,安图生物,上海,医疗器械,申万二级行业,801153,5223
603659,璞泰来,上海,电池,申万二级行业,801737,5223
603660,苏州科达,上海,计算机设备,申万二级行业,801101,5223
603661,恒林股份,上海,家居用品,申万二级行业,801142,5223
603662,柯力传感,上海,通用设备,申万二级行业,801072,5223
603663,三祥新材,上海,化学原料,申万二级行业,801033,5223
603665,康隆达,上海,服装家纺,申万二级行业,801132,5223
603666,亿嘉和,上海,自动化设备,申万二级行业,801078,5223
603667,五洲新春,上海,通用设备,申万二级行业,801072,5223
603668,天马科技,上海,饲料,申万二级行业,801014,5223
603669,灵康药业,上海,化学制药,申万二级行业,801151,5223
603676,卫信康,上海,化学制药,申万二级行业,801151,5223
603677,奇精机械,上海,家电零部件Ⅱ,申万二级行业,801116,5223
603678,火炬电子,上海,军工电子Ⅱ,申万二级行业,801745,5223
603679,华体科技,上海,光学光电子,申万二级行业,801084,5223
603680,今创集团,上海,轨交设备Ⅱ,申万二级行业,801076,5223
603681,永冠新材,上海,化学制品,申万二级行业,801034,5223
603682,锦和商管,上海,一般零售,申万二级行业,801203,5223
603683,晶华新材,上海,化学制品,申万二级行业,801034,5223
603685,晨丰科技,上海,光学光电子,申万二级行业,801084,5223
603686,福龙马,上海,环境治理,申万二级行业,801971,5223
603687,大胜达,上海,包装印刷,申万二级行业,801141,5223
603688,石英股份,上海,非金属材料Ⅱ,申万二级行业,801039,5223
603689,皖天然气,上海,燃气Ⅱ,申万二级行业,801163,5223
603690,至纯科技,上海,半导体,申万二级行业,801081,5223
603693,江苏新能,上海,电力,申万二级行业,801161,5223
603696,安记食品,上海,调味发酵品Ⅱ,申万二级行业,801129,5223
603697,有友食品,上海,休闲食品,申万二级行业,801128,5223
603698,航天工程,上海,专用设备,申万二级行业,801074,5223
603699,纽威股份,上海,通用设备,申万二级行业,801072,5223
603700,宁水集团,上海,通用设备,申万二级行业,801072,5223
603701,德宏股份,上海,汽车零部件,申万二级行业,801093,5223
603703,盛洋科技,上海,光学光电子,申万二级行业,801084,5223
603706,东方环宇,上海,燃气Ⅱ,申万二级行业,801163,5223
603707,健友股份,上海,化学制药,申万二级行业,801151,5223
603708,家家悦,上海,一般零售,申万二级行业,801203,5223
603709,中源家居,上海,家居用品,申万二级行业,801142,5223
603711,香飘飘,上海,饮料乳品,申万二级行业,801127,5223
603712,七一二,上海,军工电子Ⅱ,申万二级行业,801745,5223
603713,密尔克卫,上海,物流,申万二级行业,801178,5223
603716,塞力医疗,上海,医药商业,申万二级行业,801154,5223
603717,天域生物,上海,养殖业,申万二级行业,801017,5223
603719,良品铺子,上海,休闲食品,申万二级行业,801128,5223
603721,中广天择,上海,影视院线,申万二级行业,801766,5223
603722,阿科力,上海,化学制品,申万二级行业,801034,5223
603725,天安新材,上海,家居用品,申万二级行业,801142,5223
603726,朗迪集团,上海,家电零部件Ⅱ,申万二级行业,801116,5223
603727,博迈科,上海,油服工程,申万二级行业,801962,5223
603728,鸣志电器,上海,电机Ⅱ,申万二级行业,801731,5223
603730,岱美股份,上海,汽车零部件,申万二级行业,801093,5223
603733,仙鹤股份,上海,造纸,申万二级行业,801143,5223
603737,三棵树,上海,装修建材,申万二级行业,801713,5223
603738,泰晶科技,上海,元件,申万二级行业,801083,5223
603739,蔚蓝生物,上海,化学制品,申万二级行业,801034,5223
603755,日辰股份,上海,调味发酵品Ⅱ,申万二级行业,801129,5223
603757,大元泵业,上海,通用设备,申万二级行业,801072,5223
603758,秦安股份,上海,汽车零部件,申万二级行业,801093,5223
603759,海天股份,上海,环境治理,申万二级行业,801971,5223
603766,隆鑫通用,上海,摩托车及其他,申万二级行业,801881,5223
603767,中马传动,上海,汽车零部件,申万二级行业,801093,5223
603768,常青股份,上海,汽车零部件,申万二级行业,801093,5223
603773,沃格光电,上海,光学光电子,申万二级行业,801084,5223
603776,永安行,上海,摩托车及其他,申万二级行业,801881,5223
603777,来伊份,上海,休闲食品,申万二级行业,801128,5223
603778,国晟科技,上海,光伏设备,申万二级行业,801735,5223
603779,威龙股份,上海,非白酒,申万二级行业,801126,5223
603786,科博达,上海,汽车零部件,申万二级行业,801093,5223
603787,新日股份,上海,摩托车及其他,申万二级行业,801881,5223
603788,宁波高发,上海,汽车零部件,申万二级行业,801093,5223
603790,雅运股份,上海,化学制品,申万二级行业,801034,5223
603797,联泰环保,上海,环境治理,申万二级行业,801971,5223
603798,康普顿,上海,炼化及贸易,申万二级行业,801963,5223
603799,华友钴业,上海,能源金属,申万二级行业,801056,5223
603800,洪田股份,上海,专用设备,申万二级行业,801074,5223
603801,志邦家居,上海,家居用品,申万二级行业,801142,5223
603803,瑞斯康达,上海,通信设备,申万二级行业,801102,5223
603806,福斯特,上海,光伏设备,申万二级行业,801735,5223
603808,歌力思,上海,服装家纺,申万二级行业,801132,5223
603809,豪能股份,上海,汽车零部件,申万二级行业,801093,5223
603810,丰山集团,上海,农化制品,申万二级行业,801038,5223
603811,诚意药业,上海,化学制药,申万二级行业,801151,5223
603813,原尚股份,上海,物流,申万二级行业,801178,5223
603815,交建股份,上海,基础建设,申万二级行业,801723,5223
603816,顾家家居,上海,家居用品,申万二级行业,801142,5223
603817,海峡环保,上海,环境治理,申万二级行业,801971,5223
603818,曲美家居,上海,家居用品,申万二级行业,801142,5223
603819,神力股份,上海,电机Ⅱ,申万二级行业,801731,5223
603823,百合花,上海,化学制品,申万二级行业,801034,5223
603826,坤彩科技,上海,非金属材料Ⅱ,申万二级行业,801039,5223
603829,洛凯股份,上海,电网设备,申万二级行业,801738,5223
603833,欧派家居,上海,家居用品,申万二级行业,801142,5223
603836,海程邦达,上海,物流,申万二级行业,801178,5223
603839,安正时尚,上海,服装家纺,申万二级行业,801132,5223
603848,好太太,上海,家居用品,申万二级行业,801142,5223
603855,华荣股份,上海,专用设备,申万二级行业,801074,5223
603856,东宏股份,上海,装修建材,申万二级行业,801713,5223
603858,步长制药,上海,中药Ⅱ,申万二级行业,801155,5223
603859,能科科技,上海,IT服务Ⅱ,申万二级行业,801103,5223
603860,中公高科,上海,工程咨询服务Ⅱ,申万二级行业,801726,5223
603861,白云电器,上海,电网设备,申万二级行业,801738,5223
603863,松炀资源,上海,造纸,申万二级行业,801143,5223
603866,桃李面包,上海,休闲食品,申万二级行业,801128,5223
603867,新化股份,上海,化学制品,申万二级行业,801034,5223
603868,飞科电器,上海,小家电,申万二级行业,801113,5223
603871,嘉友国际,上海,物流,申万二级行业,801178,5223
603876,鼎胜新材,上海,工业金属,申万二级行业,801055,5223
603877,太平鸟,上海,服装家纺,申万二级行业,801132,5223
603878,武进不锈,上海,普钢,申万二级行业,801044,5223
603879,永悦科技,上海,塑料,申万二级行业,801036,5223
603880,南卫股份,上海,医疗器械,申万二级行业,801153,5223
603881,数据港,上海,通信服务,申万二级行业,801223,5223
603882,金域医学,上海,医疗服务,申万二级行业,801156,5223
603883,老百姓,上海,医药商业,申万二级行业,801154,5223
603885,吉祥航空,上海,航空机场,申万二级行业,801991,5223
603886,元祖股份,上海,休闲食品,申万二级行业,801128,5223
603887,城地香江,上海,IT服务Ⅱ,申万二级行业,801103,5223
603888,新华网,上海,数字媒体,申万二级行业,801767,5223
603889,新澳股份,上海,纺织制造,申万二级行业,801131,5223
603890,春秋电子,上海,消费电子,申万二级行业,801085,5223
603893,瑞芯微,上海,半导体,申万二级行业,801081,5223
603895,天永智能,上海,专用设备,申万二级行业,801074,5223
603896,寿仙谷,上海,中药Ⅱ,申万二级行业,801155,5223
603897,长城科技,上海,电网设备,申万二级行业,801738,5223
603898,好莱客,上海,家居用品,申万二级行业,801142,5223
603899,晨光股份,上海,文娱用品,申万二级行业,801145,5223
603900,莱绅通灵,上海,饰品,申万二级行业,801133,5223
603901,永创智能,上海,专用设备,申万二级行业,801074,5223
603903,中持股份,上海,环境治理,申万二级行业,801971,5223
603906,龙蟠科技,上海,电池,申万二级行业,801737,5223
603908,牧高笛,上海,服装家纺,申万二级行业,801132,5223
603909,建发合诚,上海,工程咨询服务Ⅱ,申万二级行业,801726,5223
603912,佳力图,上海,通用设备,申万二级行业,801072,5223
603915,国茂股份,上海,通用设备,申万二级行业,801072,5223
603916,苏博特,上海,化学制品,申万二级行业,801034,5223
603917,合力科技,上海,汽车零部件,申万二级行业,801093,5223
603918,金桥信息,上海,IT服务Ⅱ,申万二级行业,801103,5223
603919,金徽酒,上海,白酒Ⅱ,申万二级行业,801125,5223
603920,世运电路,上海,元件,申万二级行业,801083,5223
603926,铁流股份,上海,汽车零部件,申万二级行业,801093,5223
603927,中科软,上海,软件开发,申万二级行业,801104,5223
603928,兴业股份,上海,塑料,申万二级行业,801036,5223
603929,亚翔集成,上海,专业工程,申万二级行业,801724,5223
603931,格林达,上海,电子化学品Ⅱ,申万二级行业,801086,5223
603933,睿能科技,上海,其他电子Ⅱ,申万二级行业,801082,5223
603936,博敏电子,上海,元件,申万二级行业,801083,5223
603937,丽岛新材,上海,工业金属,申万二级行业,801055,5223
603938,三孚股份,上海,化学原料,申万二级行业,801033,5223
603939,益丰药房,上海,医药商业,申万二级行业,801154,5223
603948,建业股份,上海,化学制品,申万二级行业,801034,5223
603949,雪龙集团,上海,汽车零部件,申万二级行业,801093,5223
603950,长源东谷,上海,汽车零部件,申万二级行业,801093,5223
603955,大千生态,上海,基础建设,申万二级行业,801723,5223
603956,威派格,上海,专用设备,申万二级行业,801074,5223
603958,哈森股份,上海,服装家纺,申万二级行业,801132,5223
603960,克来机电,上海,汽车零部件,申万二级行业,801093,5223
603966,法兰泰克,上海,专用设备,申万二级行业,801074,5223
603967,中创物流,上海,物流,申万二级行业,801178,5223
603968,醋化股份,上海,化学制品,申万二级行业,801034,5223
603969,银龙股份,上海,通用设备,申万二级行业,801072,5223
603970,中农立华,上海,农化制品,申万二级行业,801038,5223
603976,正川股份,上海,医疗器械,申万二级行业,801153,5223
603977,国泰集团,上海,化学制品,申万二级行业,801034,5223
603978,深圳新星,上海,金属新材料,申万二级行业,801051,5223
603979,金诚信,上海,工业金属,申万二级行业,801055,5223
603980,吉华集团,上海,化学制品,申万二级行业,801034,5223
603982,泉峰汽车,上海,汽车零部件,申万二级行业,801093,5223
603983,丸美生物,上海,化妆品,申万二级行业,801982,5223
603985,恒润股份,上海,风电设备,申万二级行业,801736,5223
603986,兆易创新,上海,半导体,申万二级行业,801081,5223
603987,康德莱,上海,医疗器械,申万二级行业,801153,5223
603988,中电电机,上海,电机Ⅱ,申万二级行业,801731,5223
603989,艾华集团,上海,元件,申万二级行业,801083,5223
603990,麦迪科技,上海,软件开发,申万二级行业,801104,5223
603991,领先股份,上海,半导体,申万二级行业,801081,5223
603992,松霖科技,上海,家居用品,申万二级行业,801142,5223
603993,洛阳钼业,上海,工业金属,申万二级行业,801055,5223
603995,甬金股份,上海,特钢Ⅱ,申万二级行业,801045,5223
603997,继峰股份,上海,汽车零部件,申万二级行业,801093,5223
603998,方盛制药,上海,中药Ⅱ,申万二级行业,801155,5223
603999,读者传媒,上海,出版,申万二级行业,801769,5223
605001,威奥股份,上海,轨交设备Ⅱ,申万二级行业,801076,5223
605003,众望布艺,上海,服装家纺,申万二级行业,801132,5223
605005,合兴股份,上海,汽车零部件,申万二级行业,801093,5223
605006,山东玻纤,上海,玻璃玻纤,申万二级行业,801712,5223
605007,五洲特纸,上海,造纸,申万二级行业,801143,5223
605008,长鸿高科,上海,塑料,申万二级行业,801036,5223
605009,豪悦护理,上海,个护用品,申万二级行业,801981,5223
605011,杭州热电,上海,电力,申万二级行业,801161,5223
605016,XD百龙创,上海,化学制品,申万二级行业,801034,5223
605018,长华集团,上海,汽车零部件,申万二级行业,801093,5223
605020,永和股份,上海,化学制品,申万二级行业,801034,5223
605028,XD世茂能,上海,电力,申万二级行业,801161,5223
605033,美邦股份,上海,农化制品,申万二级行业,801038,5223
605050,福然德,上海,物流,申万二级行业,801178,5223
605055,迎丰股份,上海,纺织制造,申万二级行业,801131,5223
605056,咸亨国际,上海,通用设备,申万二级行业,801072,5223
605058,澳弘电子,上海,元件,申万二级行业,801083,5223
605060,联德股份,上海,通用设备,申万二级行业,801072,5223
605066,天正电气,上海,电网设备,申万二级行业,801738,5223
605068,明新旭腾,上海,汽车零部件,申万二级行业,801093,5223
605069,正和生态,上海,环境治理,申万二级行业,801971,5223
605077,华康股份,上海,化学制品,申万二级行业,801034,5223
605080,浙江自然,上海,文娱用品,申万二级行业,801145,5223
605086,龙高股份,上海,非金属材料Ⅱ,申万二级行业,801039,5223
605088,冠盛股份,上海,汽车零部件,申万二级行业,801093,5223
605089,味知香,上海,食品加工,申万二级行业,801124,5223
605090,九丰能源,上海,燃气Ⅱ,申万二级行业,801163,5223
605098,行动教育,上海,教育,申万二级行业,801994,5223
605099,共创草坪,上海,家居用品,申万二级行业,801142,5223
605100,华丰股份,上海,通用设备,申万二级行业,801072,5223
605108,同庆楼,上海,酒店餐饮,申万二级行业,801219,5223
605111,新洁能,上海,半导体,申万二级行业,801081,5223
605116,奥锐特,上海,化学制药,申万二级行业,801151,5223
605117,德业股份,上海,光伏设备,申万二级行业,801735,5223
605118,力鼎光电,上海,计算机设备,申万二级行业,801101,5223
605122,四方新材,上海,水泥,申万二级行业,801711,5223
605123,派克新材,上海,航空装备Ⅱ,申万二级行业,801742,5223
605128,上海沿浦,上海,汽车零部件,申万二级行业,801093,5223
605133,嵘泰股份,上海,汽车零部件,申万二级行业,801093,5223
605136,丽人丽妆,上海,互联网电商,申万二级行业,801206,5223
605138,盛泰集团,上海,服装家纺,申万二级行业,801132,5223
605151,西上海,上海,汽车零部件,申万二级行业,801093,5223
605155,西大门,上海,家居用品,申万二级行业,801142,5223
605158,华达新材,上海,金属新材料,申万二级行业,801051,5223
605162,新中港,上海,电力,申万二级行业,801161,5223
605166,聚合顺,上海,化学纤维,申万二级行业,801032,5223
605167,利柏特,上海,专业工程,申万二级行业,801724,5223
605168,三人行,上海,广告营销,申万二级行业,801765,5223
605169,洪通燃气,上海,燃气Ⅱ,申万二级行业,801163,5223
605177,东亚药业,上海,化学制药,申万二级行业,801151,5223
605178,时空科技,上海,专业工程,申万二级行业,801724,5223
605179,一鸣食品,上海,饮料乳品,申万二级行业,801127,5223
605180,华生科技,上海,纺织制造,申万二级行业,801131,5223
605183,确成股份,上海,橡胶,申万二级行业,801037,5223
605186,健麾信息,上海,自动化设备,申万二级行业,801078,5223
605188,国光连锁,上海,一般零售,申万二级行业,801203,5223
605189,富春染织,上海,纺织制造,申万二级行业,801131,5223
605196,华通线缆,上海,电网设备,申万二级行业,801738,5223
605198,安德利,上海,农产品加工,申万二级行业,801012,5223
605208,永茂泰,上海,工业金属,申万二级行业,801055,5223
605218,伟时电子,上海,光学光电子,申万二级行业,801084,5223
605222,起帆电缆,上海,电网设备,申万二级行业,801738,5223
605228,神通科技,上海,汽车零部件,申万二级行业,801093,5223
605255,天普股份,上海,汽车零部件,申万二级行业,801093,5223
605258,协和电子,上海,元件,申万二级行业,801083,5223
605259,绿田机械,上海,专用设备,申万二级行业,801074,5223
605266,健之佳,上海,医药商业,申万二级行业,801154,5223
605268,王力安防,上海,家居用品,申万二级行业,801142,5223
605277,新亚电子,上海,消费电子,申万二级行业,801085,5223
605286,同力天启,上海,专用设备,申万二级行业,801074,5223
605287,德才股份,上海,装修装饰Ⅱ,申万二级行业,801722,5223
605288,凯迪股份,上海,自动化设备,申万二级行业,801078,5223
605289,罗曼股份,上海,专业工程,申万二级行业,801724,5223
605296,神农集团,上海,养殖业,申万二级行业,801017,5223
605298,必得科技,上海,轨交设备Ⅱ,申万二级行业,801076,5223
605299,舒华体育,上海,文娱用品,申万二级行业,801145,5223
605300,佳禾食品,上海,饮料乳品,申万二级行业,801127,5223
605303,园林股份,上海,基础建设,申万二级行业,801723,5223
605305,中际联合,上海,工程机械,申万二级行业,801077,5223
605318,法狮龙,上海,装修建材,申万二级行业,801713,5223
605319,无锡振华,上海,汽车零部件,申万二级行业,801093,5223
605333,沪光股份,上海,汽车零部件,申万二级行业,801093,5223
605337,李子园,上海,饮料乳品,申万二级行业,801127,5223
605338,巴比食品,上海,食品加工,申万二级行业,801124,5223
605339,南侨食品,上海,休闲食品,申万二级行业,801128,5223
605358,立昂微,上海,半导体,申万二级行业,801081,5223
605365,立达信,上海,照明设备Ⅱ,申万二级行业,801115,5223
605366,宏柏新材,上海,化学制品,申万二级行业,801034,5223
605368,蓝天燃气,上海,燃气Ⅱ,申万二级行业,801163,5223
605369,拱东医疗,上海,医疗器械,申万二级行业,801153,5223
605376,博迁新材,上海,能源金属,申万二级行业,801056,5223
605377,华旺科技,上海,造纸,申万二级行业,801143,5223
605378,野马电池,上海,电池,申万二级行业,801737,5223
605388,均瑶健康,上海,饮料乳品,申万二级行业,801127,5223
605389,长龄液压,上海,工程机械,申万二级行业,801077,5223
605398,新炬网络,上海,IT服务Ⅱ,申万二级行业,801103,5223
605399,晨光新材,上海,化学制品,申万二级行业,801034,5223
605488,福莱新材,上海,塑料,申万二级行业,801036,5223
605499,东鹏饮料,上海,饮料乳品,申万二级行业,801127,5223
605500,森林包装,上海,造纸,申万二级行业,801143,5223
605507,国邦医药,上海,化学制药,申万二级行业,801151,5223
605555,德昌股份,上海,小家电,申万二级行业,801113,5223
605566,福莱蒽特,上海,化学制品,申万二级行业,801034,5223
605567,春雪食品,上海,食品加工,申万二级行业,801124,5223
605577,龙版传媒,上海,出版,申万二级行业,801769,5223
605580,恒盛能源,上海,电力,申万二级行业,801161,5223
605588,冠石科技,上海,光学光电子,申万二级行业,801084,5223
605589,圣泉集团,上海,塑料,申万二级行业,801036,5223
605598,上海港湾,上海,专业工程,申万二级行业,801724,5223
605599,菜百股份,上海,饰品,申万二级行业,801133,5223
688001,华兴源创,上海,通用设备,申万二级行业,801072,5223
688002,睿创微纳,上海,半导体,申万二级行业,801081,5223
688003,天准科技,上海,自动化设备,申万二级行业,801078,5223
688004,博汇科技,上海,IT服务Ⅱ,申万二级行业,801103,5223
688005,容百科技,上海,电池,申万二级行业,801737,5223
688006,杭可科技,上海,电池,申万二级行业,801737,5223
688007,光峰科技,上海,消费电子,申万二级行业,801085,5223
688008,澜起科技,上海,半导体,申万二级行业,801081,5223
688009,中国通号,上海,轨交设备Ⅱ,申万二级行业,801076,5223
688010,福光股份,上海,光学光电子,申万二级行业,801084,5223
688011,新光光电,上海,军工电子Ⅱ,申万二级行业,801745,5223
688012,中微公司,上海,半导体,申万二级行业,801081,5223
688013,天臣医疗,上海,医疗器械,申万二级行业,801153,5223
688015,交控科技,上海,轨交设备Ⅱ,申万二级行业,801076,5223
688016,心脉医疗,上海,医疗器械,申万二级行业,801153,5223
688017,绿的谐波,上海,自动化设备,申万二级行业,801078,5223
688018,乐鑫科技,上海,半导体,申万二级行业,801081,5223
688019,安集科技,上海,电子化学品Ⅱ,申万二级行业,801086,5223
688020,方邦股份,上海,元件,申万二级行业,801083,5223
688021,奥福科技,上海,汽车零部件,申万二级行业,801093,5223
688023,安恒信息,上海,软件开发,申万二级行业,801104,5223
688025,杰普特,上海,自动化设备,申万二级行业,801078,5223
688026,洁特生物,上海,医疗器械,申万二级行业,801153,5223
688027,国盾量子,上海,通信设备,申万二级行业,801102,5223
688028,沃尔德,上海,通用设备,申万二级行业,801072,5223
688029,南微医学,上海,医疗器械,申万二级行业,801153,5223
688030,山石网科,上海,软件开发,申万二级行业,801104,5223
688031,星环科技-U,上海,软件开发,申万二级行业,801104,5223
688032,禾迈股份,上海,光伏设备,申万二级行业,801735,5223
688035,XD德邦科,上海,电子化学品Ⅱ,申万二级行业,801086,5223
688036,传音控股,上海,消费电子,申万二级行业,801085,5223
688037,芯源微,上海,半导体,申万二级行业,801081,5223
688038,中科通达,上海,软件开发,申万二级行业,801104,5223
688039,当虹科技,上海,IT服务Ⅱ,申万二级行业,801103,5223
688041,海光信息,上海,半导体,申万二级行业,801081,5223
688045,必易微,上海,半导体,申万二级行业,801081,5223
688046,药康生物,上海,医疗服务,申万二级行业,801156,5223
688047,龙芯中科,上海,半导体,申万二级行业,801081,5223
688048,长光华芯,上海,半导体,申万二级行业,801081,5223
688049,炬芯科技,上海,半导体,申万二级行业,801081,5223
688050,爱博医疗,上海,医疗器械,申万二级行业,801153,5223
688051,佳华科技,上海,IT服务Ⅱ,申万二级行业,801103,5223
688052,纳芯微,上海,半导体,申万二级行业,801081,5223
688055,龙腾光电,上海,光学光电子,申万二级行业,801084,5223
688056,莱伯泰科,上海,通用设备,申万二级行业,801072,5223
688057,金达莱,上海,环境治理,申万二级行业,801971,5223
688058,宝兰德,上海,软件开发,申万二级行业,801104,5223
688059,华锐精密,上海,通用设备,申万二级行业,801072,5223
688060,云涌科技,上海,计算机设备,申万二级行业,801101,5223
688061,灿瑞科技,上海,半导体,申万二级行业,801081,5223
688062,迈威生物-U,上海,化学制药,申万二级行业,801151,5223
688063,派能科技,上海,电池,申万二级行业,801737,5223
688065,凯赛生物,上海,化学制品,申万二级行业,801034,5223
688067,爱威科技,上海,医疗器械,申万二级行业,801153,5223
688068,热景生物,上海,医疗器械,申万二级行业,801153,5223
688069,德林海,上海,环境治理,申万二级行业,801971,5223
688070,纵横股份,上海,航空装备Ⅱ,申万二级行业,801742,5223
688071,华依科技,上海,专用设备,申万二级行业,801074,5223
688072,拓荆科技,上海,半导体,申万二级行业,801081,5223
688073,毕得医药,上海,医疗服务,申万二级行业,801156,5223
688075,安旭生物,上海,医疗器械,申万二级行业,801153,5223
688077,大地熊,上海,金属新材料,申万二级行业,801051,5223
688078,龙软科技,上海,软件开发,申万二级行业,801104,5223
688079,美迪凯,上海,光学光电子,申万二级行业,801084,5223
688080,映翰通,上海,通信设备,申万二级行业,801102,5223
688081,兴图新科,上海,军工电子Ⅱ,申万二级行业,801745,5223
688082,盛美上海,上海,半导体,申万二级行业,801081,5223
688083,中望软件,上海,软件开发,申万二级行业,801104,5223
688084,晶品特装,上海,军工电子Ⅱ,申万二级行业,801745,5223
688085,三友医疗,上海,医疗器械,申万二级行业,801153,5223
688087,英科再生,上海,家居用品,申万二级行业,801142,5223
688088,XD虹软科,上海,IT服务Ⅱ,申万二级行业,801103,5223
688090,瑞松科技,上海,自动化设备,申万二级行业,801078,5223
688091,上海谊众,上海,化学制药,申万二级行业,801151,5223
688092,爱科科技,上海,专用设备,申万二级行业,801074,5223
688093,世华科技,上海,其他电子Ⅱ,申万二级行业,801082,5223
688095,福昕软件,上海,软件开发,申万二级行业,801104,5223
688096,京源环保,上海,环境治理,申万二级行业,801971,5223
688097,博众精工,上海,自动化设备,申万二级行业,801078,5223
688098,申联生物,上海,动物保健Ⅱ,申万二级行业,801018,5223
688099,晶晨股份,上海,半导体,申万二级行业,801081,5223
688100,威胜信息,上海,通信设备,申万二级行业,801102,5223
688101,三达膜,上海,环境治理,申万二级行业,801971,5223
688102,斯瑞新材,上海,金属新材料,申万二级行业,801051,5223
688103,国力电子,上海,其他电子Ⅱ,申万二级行业,801082,5223
688105,诺唯赞,上海,生物制品,申万二级行业,801152,5223
688106,金宏气体,上海,电子化学品Ⅱ,申万二级行业,801086,5223
688107,安路科技,上海,半导体,申万二级行业,801081,5223
688108,赛诺医疗,上海,医疗器械,申万二级行业,801153,5223
688109,品茗科技,上海,软件开发,申万二级行业,801104,5223
688110,东芯股份,上海,半导体,申万二级行业,801081,5223
688111,金山办公,上海,软件开发,申万二级行业,801104,5223
688112,鼎阳科技,上海,通用设备,申万二级行业,801072,5223
688113,联测科技,上海,专用设备,申万二级行业,801074,5223
688114,华大智造,上海,医疗器械,申万二级行业,801153,5223
688115,思林杰,上海,通用设备,申万二级行业,801072,5223
688116,天奈科技,上海,电池,申万二级行业,801737,5223
688117,圣诺生物,上海,化学制药,申万二级行业,801151,5223
688118,普元信息,上海,软件开发,申万二级行业,801104,5223
688119,中钢洛耐,上海,装修建材,申万二级行业,801713,5223
688120,华海清科,上海,半导体,申万二级行业,801081,5223
688122,西部超导,上海,航空装备Ⅱ,申万二级行业,801742,5223
688123,聚辰股份,上海,半导体,申万二级行业,801081,5223
688125,安达智能,上海,自动化设备,申万二级行业,801078,5223
688126,沪硅产业,上海,半导体,申万二级行业,801081,5223
688127,蓝特光学,上海,光学光电子,申万二级行业,801084,5223
688128,中国电研,上海,专用设备,申万二级行业,801074,5223
688129,东来技术,上海,化学制品,申万二级行业,801034,5223
688130,晶华微,上海,半导体,申万二级行业,801081,5223
688131,皓元医药,上海,医疗服务,申万二级行业,801156,5223
688132,邦彦技术,上海,军工电子Ⅱ,申万二级行业,801745,5223
688133,泰坦科技,上海,化学制品,申万二级行业,801034,5223
688135,利扬芯片,上海,半导体,申万二级行业,801081,5223
688136,科兴制药,上海,生物制品,申万二级行业,801152,5223
688137,近岸蛋白,上海,生物制品,申万二级行业,801152,5223
688138,XD清溢光,上海,半导体,申万二级行业,801081,5223
688139,海尔生物,上海,医疗器械,申万二级行业,801153,5223
688141,杰华特,上海,半导体,申万二级行业,801081,5223
688143,长盈通,上海,通信设备,申万二级行业,801102,5223
688146,中船特气,上海,半导体,申万二级行业,801081,5223
688147,微导纳米,上海,光伏设备,申万二级行业,801735,5223
688148,芳源股份,上海,电池,申万二级行业,801737,5223
688150,莱特光电,上海,电子化学品Ⅱ,申万二级行业,801086,5223
688151,华强科技,上海,医疗器械,申万二级行业,801153,5223
688152,麒麟信安,上海,软件开发,申万二级行业,801104,5223
688153,唯捷创芯,上海,半导体,申万二级行业,801081,5223
688155,先惠技术,上海,电池,申万二级行业,801737,5223
688156,路德科技,上海,饲料,申万二级行业,801014,5223
688157,松井股份,上海,化学制品,申万二级行业,801034,5223
688158,优刻得-W,上海,IT服务Ⅱ,申万二级行业,801103,5223
688159,有方科技,上海,通信设备,申万二级行业,801102,5223
688160,步科股份,上海,自动化设备,申万二级行业,801078,5223
688161,威高骨科,上海,医疗器械,申万二级行业,801153,5223
688162,巨一科技,上海,专用设备,申万二级行业,801074,5223
688163,赛伦生物,上海,生物制品,申万二级行业,801152,5223
688165,埃夫特-U,上海,自动化设备,申万二级行业,801078,5223
688166,博瑞医药,上海,化学制药,申万二级行业,801151,5223
688167,炬光科技,上海,半导体,申万二级行业,801081,5223
688168,安博通,上海,软件开发,申万二级行业,801104,5223
688169,石头科技,上海,小家电,申万二级行业,801113,5223
688170,德龙激光,上海,自动化设备,申万二级行业,801078,5223
688171,纬德信息,上海,软件开发,申万二级行业,801104,5223
688172,燕东微,上海,半导体,申万二级行业,801081,5223
688173,希荻微,上海,半导体,申万二级行业,801081,5223
688175,高凌信息,上海,军工电子Ⅱ,申万二级行业,801745,5223
688176,亚虹医药-U,上海,化学制药,申万二级行业,801151,5223
688177,百奥泰,上海,生物制品,申万二级行业,801152,5223
688178,万德斯,上海,环境治理,申万二级行业,801971,5223
688179,阿拉丁,上海,化学制品,申万二级行业,801034,5223
688180,君实生物-U,上海,生物制品,申万二级行业,801152,5223
688181,八亿时空,上海,光学光电子,申万二级行业,801084,5223
688182,灿勤科技,上海,通信设备,申万二级行业,801102,5223
688183,生益电子,上海,元件,申万二级行业,801083,5223
688185,康希诺,上海,生物制品,申万二级行业,801152,5223
688186,广大特材,上海,风电设备,申万二级行业,801736,5223
688187,时代电气,上海,轨交设备Ⅱ,申万二级行业,801076,5223
688188,柏楚电子,上海,计算机设备,申万二级行业,801101,5223
688190,云路股份,上海,金属新材料,申万二级行业,801051,5223
688191,智洋创新,上海,电网设备,申万二级行业,801738,5223
688192,迪哲医药-U,上海,化学制药,申万二级行业,801151,5223
688193,仁度生物,上海,医疗器械,申万二级行业,801153,5223
688195,腾景科技,上海,光学光电子,申万二级行业,801084,5223
688196,卓越新能,上海,化学制品,申万二级行业,801034,5223
688197,首药控股-U,上海,化学制药,申万二级行业,801151,5223
688198,佰仁医疗,上海,医疗器械,申万二级行业,801153,5223
688199,久日新材,上海,化学制品,申万二级行业,801034,5223
688200,华峰测控,上海,半导体,申万二级行业,801081,5223
688202,美迪西,上海,医疗服务,申万二级行业,801156,5223
688203,海正生材,上海,塑料,申万二级行业,801036,5223
688205,德科立,上海,通信设备,申万二级行业,801102,5223
688206,概伦电子,上海,软件开发,申万二级行业,801104,5223
688207,格灵深瞳,上海,IT服务Ⅱ,申万二级行业,801103,5223
688208,道通科技,上海,计算机设备,申万二级行业,801101,5223
688209,英集芯,上海,半导体,申万二级行业,801081,5223
688210,统联精密,上海,消费电子,申万二级行业,801085,5223
688211,中科微至,上海,专用设备,申万二级行业,801074,5223
688212,澳华内镜,上海,医疗器械,申万二级行业,801153,5223
688213,思特威-W,上海,半导体,申万二级行业,801081,5223
688215,瑞晟智能,上海,自动化设备,申万二级行业,801078,5223
688216,气派科技,上海,半导体,申万二级行业,801081,5223
688217,睿昂基因,上海,医疗器械,申万二级行业,801153,5223
688218,江苏北人,上海,自动化设备,申万二级行业,801078,5223
688219,会通股份,上海,塑料,申万二级行业,801036,5223
688220,翱捷科技-U,上海,半导体,申万二级行业,801081,5223
688221,前沿生物-U,上海,化学制药,申万二级行业,801151,5223
688222,成都先导,上海,医疗服务,申万二级行业,801156,5223
688223,晶科能源,上海,光伏设备,申万二级行业,801735,5223
688225,亚信安全,上海,软件开发,申万二级行业,801104,5223
688226,威腾电气,上海,电网设备,申万二级行业,801738,5223
688227,品高股份,上海,IT服务Ⅱ,申万二级行业,801103,5223
688228,开普云,上海,IT服务Ⅱ,申万二级行业,801103,5223
688229,博睿数据,上海,IT服务Ⅱ,申万二级行业,801103,5223
688230,芯导科技,上海,半导体,申万二级行业,801081,5223
688231,隆达股份,上海,金属新材料,申万二级行业,801051,5223
688232,新点软件,上海,软件开发,申万二级行业,801104,5223
688233,神工股份,上海,半导体,申万二级行业,801081,5223
688234,天岳先进,上海,半导体,申万二级行业,801081,5223
688235,百济神州,上海,化学制药,申万二级行业,801151,5223
688236,春立医疗,上海,医疗器械,申万二级行业,801153,5223
688237,超卓航科,上海,航空装备Ⅱ,申万二级行业,801742,5223
688238,和元生物,上海,医疗服务,申万二级行业,801156,5223
688239,航宇科技,上海,航空装备Ⅱ,申万二级行业,801742,5223
688244,永信至诚,上海,软件开发,申万二级行业,801104,5223
688246,嘉和美康,上海,软件开发,申万二级行业,801104,5223
688247,宣泰医药,上海,化学制药,申万二级行业,801151,5223
688248,南网科技,上海,电网设备,申万二级行业,801738,5223
688249,晶合集成,上海,半导体,申万二级行业,801081,5223
688251,井松智能,上海,IT服务Ⅱ,申万二级行业,801103,5223
688252,天德钰,上海,半导体,申万二级行业,801081,5223
688253,英诺特,上海,医疗器械,申万二级行业,801153,5223
688255,凯尔达,上海,自动化设备,申万二级行业,801078,5223
688256,寒武纪,上海,半导体,申万二级行业,801081,5223
688257,新锐股份,上海,通用设备,申万二级行业,801072,5223
688258,卓易信息,上海,IT服务Ⅱ,申万二级行业,801103,5223
688259,创耀科技,上海,半导体,申万二级行业,801081,5223
688260,昀冢科技,上海,消费电子,申万二级行业,801085,5223
688261,东微半导,上海,半导体,申万二级行业,801081,5223
688262,国芯科技,上海,半导体,申万二级行业,801081,5223
688265,南模生物,上海,医疗服务,申万二级行业,801156,5223
688266,泽璟制药-U,上海,化学制药,申万二级行业,801151,5223
688267,中触媒,上海,化学制品,申万二级行业,801034,5223
688268,华特气体,上海,电子化学品Ⅱ,申万二级行业,801086,5223
688269,凯立新材,上海,化学制品,申万二级行业,801034,5223
688271,联影医疗,上海,医疗器械,申万二级行业,801153,5223
688272,富吉瑞,上海,军工电子Ⅱ,申万二级行业,801745,5223
688273,麦澜德,上海,医疗器械,申万二级行业,801153,5223
688275,万润新能,上海,电池,申万二级行业,801737,5223
688276,百克生物,上海,生物制品,申万二级行业,801152,5223
688277,天智航-U,上海,医疗器械,申万二级行业,801153,5223
688278,特宝生物,上海,生物制品,申万二级行业,801152,5223
688279,峰岹科技,上海,半导体,申万二级行业,801081,5223
688280,精进电动-W,上海,汽车零部件,申万二级行业,801093,5223
688281,华秦科技,上海,航空装备Ⅱ,申万二级行业,801742,5223
688282,理工导航,上海,航天装备Ⅱ,申万二级行业,801741,5223
688283,坤恒顺维,上海,通信设备,申万二级行业,801102,5223
688285,高铁电气,上海,轨交设备Ⅱ,申万二级行业,801076,5223
688286,敏芯股份,上海,半导体,申万二级行业,801081,5223
688288,鸿泉技术,上海,计算机设备,申万二级行业,801101,5223
688289,圣湘生物,上海,医疗器械,申万二级行业,801153,5223
688290,景业智能,上海,自动化设备,申万二级行业,801078,5223
688291,金橙子,上海,软件开发,申万二级行业,801104,5223
688292,浩瀚深度,上海,计算机设备,申万二级行业,801101,5223
688293,奥浦迈,上海,生物制品,申万二级行业,801152,5223
688295,中复神鹰,上海,化学纤维,申万二级行业,801032,5223
688296,和达科技,上海,软件开发,申万二级行业,801104,5223
688297,中无人机,上海,航空装备Ⅱ,申万二级行业,801742,5223
688298,东方生物,上海,医疗器械,申万二级行业,801153,5223
688299,长阳科技,上海,光学光电子,申万二级行业,801084,5223
688300,联瑞新材,上海,非金属材料Ⅱ,申万二级行业,801039,5223
688301,奕瑞科技,上海,医疗器械,申万二级行业,801153,5223
688302,海创药业-U,上海,化学制药,申万二级行业,801151,5223
688303,大全能源,上海,光伏设备,申万二级行业,801735,5223
688305,科德数控,上海,通用设备,申万二级行业,801072,5223
688306,均普智能,上海,自动化设备,申万二级行业,801078,5223
688307,中润光学,上海,光学光电子,申万二级行业,801084,5223
688308,欧科亿,上海,通用设备,申万二级行业,801072,5223
688309,恒誉科技,上海,环保设备Ⅱ,申万二级行业,801972,5223
688310,迈得医疗,上海,自动化设备,申万二级行业,801078,5223
688311,盟升电子,上海,军工电子Ⅱ,申万二级行业,801745,5223
688312,燕麦科技,上海,专用设备,申万二级行业,801074,5223
688313,仕佳光子,上海,通信设备,申万二级行业,801102,5223
688314,康拓医疗,上海,医疗器械,申万二级行业,801153,5223
688315,诺禾致源,上海,医疗服务,申万二级行业,801156,5223
688316,青云科技-U,上海,IT服务Ⅱ,申万二级行业,801103,5223
688317,之江生物,上海,医疗器械,申万二级行业,801153,5223
688318,财富趋势,上海,软件开发,申万二级行业,801104,5223
688319,欧林生物,上海,生物制品,申万二级行业,801152,5223
688320,禾川科技,上海,自动化设备,申万二级行业,801078,5223
688321,微芯生物,上海,化学制药,申万二级行业,801151,5223
688322,奥比中光-W,上海,光学光电子,申万二级行业,801084,5223
688323,瑞华泰,上海,塑料,申万二级行业,801036,5223
688325,赛微微电,上海,半导体,申万二级行业,801081,5223
688326,经纬恒润-W,上海,软件开发,申万二级行业,801104,5223
688327,云从科技-UW,上海,IT服务Ⅱ,申万二级行业,801103,5223
688328,深科达,上海,半导体,申万二级行业,801081,5223
688329,艾隆科技,上海,自动化设备,申万二级行业,801078,5223
688330,宏力达,上海,电网设备,申万二级行业,801738,5223
688331,荣昌生物,上海,生物制品,申万二级行业,801152,5223
688332,中科蓝讯,上海,半导体,申万二级行业,801081,5223
688333,铂力特,上海,通用设备,申万二级行业,801072,5223
688334,西高院,上海,专业服务,申万二级行业,801218,5223
688335,复洁科技,上海,环境治理,申万二级行业,801971,5223
688336,三生国健,上海,生物制品,申万二级行业,801152,5223
688337,普源精电,上海,通用设备,申万二级行业,801072,5223
688338,赛科希德,上海,医疗器械,申万二级行业,801153,5223
688339,亿华通-U,上海,电池,申万二级行业,801737,5223
688343,云天励飞-U,上海,IT服务Ⅱ,申万二级行业,801103,5223
688345,博力威,上海,电池,申万二级行业,801737,5223
688347,华虹宏力,上海,半导体,申万二级行业,801081,5223
688348,昱能科技,上海,光伏设备,申万二级行业,801735,5223
688349,三一重能,上海,风电设备,申万二级行业,801736,5223
688350,富淼科技,上海,化学制品,申万二级行业,801034,5223
688351,微电生理,上海,医疗器械,申万二级行业,801153,5223
688352,颀中科技,上海,半导体,申万二级行业,801081,5223
688353,华盛锂电,上海,电池,申万二级行业,801737,5223
688355,明志科技,上海,通用设备,申万二级行业,801072,5223
688356,键凯科技,上海,化学制药,申万二级行业,801151,5223
688357,建龙微纳,上海,化学制品,申万二级行业,801034,5223
688358,祥生医疗,上海,医疗器械,申万二级行业,801153,5223
688359,三孚新科,上海,电子化学品Ⅱ,申万二级行业,801086,5223
688360,德马科技,上海,通用设备,申万二级行业,801072,5223
688361,中科飞测,上海,半导体,申万二级行业,801081,5223
688362,甬矽电子,上海,半导体,申万二级行业,801081,5223
688363,华熙生物,上海,未分类,缺失,,5223
688365,光云科技,上海,IT服务Ⅱ,申万二级行业,801103,5223
688366,昊海生科,上海,医疗器械,申万二级行业,801153,5223
688367,工大高科,上海,轨交设备Ⅱ,申万二级行业,801076,5223
688368,晶丰明源,上海,半导体,申万二级行业,801081,5223
688369,致远互联,上海,软件开发,申万二级行业,801104,5223
688370,丛麟科技,上海,环境治理,申万二级行业,801971,5223
688371,菲沃泰,上海,电子化学品Ⅱ,申万二级行业,801086,5223
688372,伟测科技,上海,半导体,申万二级行业,801081,5223
688373,盟科药业-U,上海,化学制药,申万二级行业,801151,5223
688375,国博电子,上海,军工电子Ⅱ,申万二级行业,801745,5223
688376,美埃科技,上海,环保设备Ⅱ,申万二级行业,801972,5223
688377,迪威尔,上海,专用设备,申万二级行业,801074,5223
688378,奥来德,上海,光学光电子,申万二级行业,801084,5223
688379,华光新材,上海,通用设备,申万二级行业,801072,5223
688380,中微半导,上海,半导体,申万二级行业,801081,5223
688381,帝奥微,上海,半导体,申万二级行业,801081,5223
688382,益方生物-U,上海,化学制药,申万二级行业,801151,5223
688383,新益昌,上海,专用设备,申万二级行业,801074,5223
688385,复旦微电,上海,半导体,申万二级行业,801081,5223
688386,泛亚微透,上海,塑料,申万二级行业,801036,5223
688387,信科移动-U,上海,通信设备,申万二级行业,801102,5223
688388,嘉元科技,上海,电池,申万二级行业,801737,5223
688389,普门科技,上海,医疗器械,申万二级行业,801153,5223
688390,固德威,上海,光伏设备,申万二级行业,801735,5223
688391,钜泉科技,上海,半导体,申万二级行业,801081,5223
688392,骄成超声,上海,电池,申万二级行业,801737,5223
688393,安必平,上海,医疗器械,申万二级行业,801153,5223
688395,正弦电气,上海,自动化设备,申万二级行业,801078,5223
688396,华润微,上海,半导体,申万二级行业,801081,5223
688398,赛特新材,上海,化学制品,申万二级行业,801034,5223
688399,硕世生物,上海,医疗器械,申万二级行业,801153,5223
688400,凌云光,上海,专用设备,申万二级行业,801074,5223
688401,路维光电,上海,半导体,申万二级行业,801081,5223
688403,汇成股份,上海,半导体,申万二级行业,801081,5223
688408,中信博,上海,光伏设备,申万二级行业,801735,5223
688409,富创精密,上海,半导体,申万二级行业,801081,5223
688410,山外山,上海,医疗器械,申万二级行业,801153,5223
688411,海博思创,上海,其他电源设备Ⅱ,申万二级行业,801733,5223
688416,恒烁股份,上海,半导体,申万二级行业,801081,5223
688418,震有科技,上海,通信设备,申万二级行业,801102,5223
688419,耐科装备,上海,半导体,申万二级行业,801081,5223
688420,美腾科技,上海,专用设备,申万二级行业,801074,5223
688425,铁建重工,上海,工程机械,申万二级行业,801077,5223
688426,康为世纪,上海,医疗器械,申万二级行业,801153,5223
688428,诺诚健华,上海,化学制药,申万二级行业,801151,5223
688429,时创能源,上海,光伏设备,申万二级行业,801735,5223
688432,有研硅,上海,半导体,申万二级行业,801081,5223
688433,华曙高科,上海,通用设备,申万二级行业,801072,5223
688435,英方软件,上海,软件开发,申万二级行业,801104,5223
688439,振华风光,上海,军工电子Ⅱ,申万二级行业,801745,5223
688443,智翔金泰-U,上海,生物制品,申万二级行业,801152,5223
688448,磁谷科技,上海,通用设备,申万二级行业,801072,5223
688449,联芸科技,上海,半导体,申万二级行业,801081,5223
688450,光格科技,上海,电网设备,申万二级行业,801738,5223
688455,科捷智能,上海,自动化设备,申万二级行业,801078,5223
688456,有研粉材,上海,金属新材料,申万二级行业,801051,5223
688458,美芯晟,上海,半导体,申万二级行业,801081,5223
688459,哈铁科技,上海,轨交设备Ⅱ,申万二级行业,801076,5223
688466,金科环境,上海,环境治理,申万二级行业,801971,5223
688468,科美诊断,上海,医疗器械,申万二级行业,801153,5223
688469,芯联集成-U,上海,半导体,申万二级行业,801081,5223
688472,阿特斯,上海,光伏设备,申万二级行业,801735,5223
688475,萤石网络,上海,计算机设备,申万二级行业,801101,5223
688478,晶升股份,上海,半导体,申万二级行业,801081,5223
688479,友车科技,上海,软件开发,申万二级行业,801104,5223
688480,赛恩斯,上海,环境治理,申万二级行业,801971,5223
688484,南芯科技,上海,半导体,申万二级行业,801081,5223
688485,九州一轨,上海,轨交设备Ⅱ,申万二级行业,801076,5223
688486,龙迅股份,上海,半导体,申万二级行业,801081,5223
688488,艾迪药业,上海,生物制品,申万二级行业,801152,5223
688489,三未信安,上海,计算机设备,申万二级行业,801101,5223
688498,源杰科技,上海,半导体,申万二级行业,801081,5223
688499,利元亨,上海,电池,申万二级行业,801737,5223
688500,慧辰股份,上海,IT服务Ⅱ,申万二级行业,801103,5223
688501,青达环保,上海,环保设备Ⅱ,申万二级行业,801972,5223
688502,茂莱光学,上海,光学光电子,申万二级行业,801084,5223
688503,聚和材料,上海,光伏设备,申万二级行业,801735,5223
688505,复旦张江,上海,化学制药,申万二级行业,801151,5223
688506,百利天恒,上海,化学制药,申万二级行业,801151,5223
688507,索辰科技,上海,软件开发,申万二级行业,801104,5223
688508,芯朋微,上海,半导体,申万二级行业,801081,5223
688509,正元地信,上海,IT服务Ⅱ,申万二级行业,801103,5223
688510,航亚科技,上海,航空装备Ⅱ,申万二级行业,801742,5223
688511,天微电子,上海,军工电子Ⅱ,申万二级行业,801745,5223
688512,慧智微-U,上海,半导体,申万二级行业,801081,5223
688513,苑东生物,上海,化学制药,申万二级行业,801151,5223
688515,裕太微-U,上海,半导体,申万二级行业,801081,5223
688516,奥特维,上海,光伏设备,申万二级行业,801735,5223
688517,金冠电气,上海,电网设备,申万二级行业,801738,5223
688518,联赢激光,上海,自动化设备,申万二级行业,801078,5223
688519,南亚新材,上海,元件,申万二级行业,801083,5223
688520,神州细胞,上海,生物制品,申万二级行业,801152,5223
688521,芯原股份,上海,半导体,申万二级行业,801081,5223
688522,纳睿雷达,上海,军工电子Ⅱ,申万二级行业,801745,5223
688523,航天环宇,上海,航天装备Ⅱ,申万二级行业,801741,5223
688525,佰维存储,上海,半导体,申万二级行业,801081,5223
688526,科前生物,上海,动物保健Ⅱ,申万二级行业,801018,5223
688528,秦川物联,上海,通用设备,申万二级行业,801072,5223
688529,豪森智能,上海,专用设备,申万二级行业,801074,5223
688530,欧莱新材,上海,半导体,申万二级行业,801081,5223
688531,日联科技,上海,专用设备,申万二级行业,801074,5223
688533,上声电子,上海,汽车零部件,申万二级行业,801093,5223
688535,华海诚科,上海,半导体,申万二级行业,801081,5223
688536,思瑞浦,上海,半导体,申万二级行业,801081,5223
688538,和辉光电-U,上海,光学光电子,申万二级行业,801084,5223
688539,高华科技,上海,元件,申万二级行业,801083,5223
688543,国科军工,上海,地面兵装Ⅱ,申万二级行业,801743,5223
688545,兴福电子,上海,电子化学品Ⅱ,申万二级行业,801086,5223
688548,广钢气体,上海,电子化学品Ⅱ,申万二级行业,801086,5223
688549,中巨芯-U,上海,电子化学品Ⅱ,申万二级行业,801086,5223
688550,瑞联新材,上海,电子化学品Ⅱ,申万二级行业,801086,5223
688551,科威尔,上海,其他电源设备Ⅱ,申万二级行业,801733,5223
688552,航天南湖,上海,军工电子Ⅱ,申万二级行业,801745,5223
688553,汇宇制药-W,上海,化学制药,申万二级行业,801151,5223
688556,高测股份,上海,光伏设备,申万二级行业,801735,5223
688557,兰剑智能,上海,通用设备,申万二级行业,801072,5223
688558,国盛智科,上海,通用设备,申万二级行业,801072,5223
688559,海目星,上海,自动化设备,申万二级行业,801078,5223
688560,明冠新材,上海,光伏设备,申万二级行业,801735,5223
688561,奇安信-U,上海,软件开发,申万二级行业,801104,5223
688562,航天软件,上海,IT服务Ⅱ,申万二级行业,801103,5223
688563,航材股份,上海,航空装备Ⅱ,申万二级行业,801742,5223
688565,力源科技,上海,环境治理,申万二级行业,801971,5223
688566,吉贝尔,上海,化学制药,申万二级行业,801151,5223
688567,孚能科技,上海,电池,申万二级行业,801737,5223
688568,中科星图,上海,IT服务Ⅱ,申万二级行业,801103,5223
688569,铁科轨道,上海,轨交设备Ⅱ,申万二级行业,801076,5223
688570,天玛智控,上海,自动化设备,申万二级行业,801078,5223
688571,杭华股份,上海,化学制品,申万二级行业,801034,5223
688573,信宇人,上海,电池,申万二级行业,801737,5223
688575,亚辉龙,上海,医疗器械,申万二级行业,801153,5223
688576,西山科技,上海,医疗器械,申万二级行业,801153,5223
688577,浙海德曼,上海,通用设备,申万二级行业,801072,5223
688578,艾力斯,上海,化学制药,申万二级行业,801151,5223
688579,地纬智能,上海,软件开发,申万二级行业,801104,5223
688580,伟思医疗,上海,医疗器械,申万二级行业,801153,5223
688581,安杰思,上海,医疗器械,申万二级行业,801153,5223
688582,芯动联科,上海,半导体,申万二级行业,801081,5223
688583,思看科技,上海,通用设备,申万二级行业,801072,5223
688584,上海合晶,上海,半导体,申万二级行业,801081,5223
688585,上纬新材,上海,塑料,申万二级行业,801036,5223
688586,江航装备,上海,航空装备Ⅱ,申万二级行业,801742,5223
688588,凌志软件,上海,软件开发,申万二级行业,801104,5223
688589,力合微,上海,半导体,申万二级行业,801081,5223
688590,新致软件,上海,软件开发,申万二级行业,801104,5223
688591,泰凌微,上海,半导体,申万二级行业,801081,5223
688592,司南导航,上海,通信设备,申万二级行业,801102,5223
688593,新相微,上海,半导体,申万二级行业,801081,5223
688595,芯海科技,上海,半导体,申万二级行业,801081,5223
688596,正帆科技,上海,专用设备,申万二级行业,801074,5223
688597,煜邦电力,上海,电网设备,申万二级行业,801738,5223
688598,金博股份,上海,非金属材料Ⅱ,申万二级行业,801039,5223
688599,天合光能,上海,光伏设备,申万二级行业,801735,5223
688600,皖仪科技,上海,通用设备,申万二级行业,801072,5223
688601,力芯微,上海,半导体,申万二级行业,801081,5223
688602,康鹏科技,上海,化学制品,申万二级行业,801034,5223
688603,天承科技,上海,电子化学品Ⅱ,申万二级行业,801086,5223
688605,先锋精科,上海,半导体,申万二级行业,801081,5223
688606,奥泰生物,上海,医疗器械,申万二级行业,801153,5223
688607,康众科技,上海,医疗器械,申万二级行业,801153,5223
688608,恒玄科技,上海,半导体,申万二级行业,801081,5223
688609,九联科技,上海,黑色家电,申万二级行业,801112,5223
688610,埃科光电,上海,通用设备,申万二级行业,801072,5223
688611,杭州柯林,上海,电网设备,申万二级行业,801738,5223
688612,威迈斯,上海,汽车零部件,申万二级行业,801093,5223
688613,奥精医疗,上海,医疗器械,申万二级行业,801153,5223
688615,合合信息,上海,软件开发,申万二级行业,801104,5223
688616,西力科技,上海,电网设备,申万二级行业,801738,5223
688617,惠泰医疗,上海,医疗器械,申万二级行业,801153,5223
688618,三旺通信,上海,通信设备,申万二级行业,801102,5223
688619,罗普特,上海,计算机设备,申万二级行业,801101,5223
688620,安凯微,上海,半导体,申万二级行业,801081,5223
688621,阳光诺和,上海,医疗服务,申万二级行业,801156,5223
688623,双元科技,上海,自动化设备,申万二级行业,801078,5223
688625,呈和科技,上海,化学制品,申万二级行业,801034,5223
688626,翔宇医疗,上海,医疗器械,申万二级行业,801153,5223
688627,精智达,上海,通用设备,申万二级行业,801072,5223
688628,优利德,上海,通用设备,申万二级行业,801072,5223
688629,华丰科技,上海,军工电子Ⅱ,申万二级行业,801745,5223
688630,芯碁微装,上海,专用设备,申万二级行业,801074,5223
688631,莱斯信息,上海,软件开发,申万二级行业,801104,5223
688633,星球石墨,上海,专用设备,申万二级行业,801074,5223
688635,长进光子,上海,通信设备,申万二级行业,801102,5223
688636,智明达,上海,军工电子Ⅱ,申万二级行业,801745,5223
688638,誉辰智能,上海,电池,申万二级行业,801737,5223
688639,华恒生物,上海,化学制品,申万二级行业,801034,5223
688646,逸飞激光,上海,自动化设备,申万二级行业,801078,5223
688648,中邮科技,上海,专用设备,申万二级行业,801074,5223
688651,盛邦安全,上海,软件开发,申万二级行业,801104,5223
688652,京仪装备,上海,半导体,申万二级行业,801081,5223
688653,康希通信,上海,半导体,申万二级行业,801081,5223
688655,迅捷兴,上海,元件,申万二级行业,801083,5223
688656,浩欧博,上海,医疗器械,申万二级行业,801153,5223
688657,浩辰软件,上海,软件开发,申万二级行业,801104,5223
688658,悦康药业,上海,化学制药,申万二级行业,801151,5223
688659,元琛科技,上海,化学制品,申万二级行业,801034,5223
688660,电气风电,上海,风电设备,申万二级行业,801736,5223
688661,和林微纳,上海,半导体,申万二级行业,801081,5223
688662,富信科技,上海,其他电子Ⅱ,申万二级行业,801082,5223
688663,新风光,上海,电网设备,申万二级行业,801738,5223
688665,四方光电,上海,通用设备,申万二级行业,801072,5223
688667,菱电电控,上海,汽车零部件,申万二级行业,801093,5223
688668,鼎通科技,上海,通信设备,申万二级行业,801102,5223
688669,聚石化学,上海,塑料,申万二级行业,801036,5223
688670,金迪克,上海,生物制品,申万二级行业,801152,5223
688671,碧兴物联,上海,环保设备Ⅱ,申万二级行业,801972,5223
688676,金盘科技,上海,电网设备,申万二级行业,801738,5223
688677,海泰新光,上海,医疗器械,申万二级行业,801153,5223
688678,福立旺,上海,消费电子,申万二级行业,801085,5223
688679,通源环境,上海,环境治理,申万二级行业,801971,5223
688680,海优新材,上海,光伏设备,申万二级行业,801735,5223
688681,科汇股份,上海,电网设备,申万二级行业,801738,5223
688682,霍莱沃,上海,军工电子Ⅱ,申万二级行业,801745,5223
688683,莱尔科技,上海,电子化学品Ⅱ,申万二级行业,801086,5223
688685,迈信林,上海,航空装备Ⅱ,申万二级行业,801742,5223
688686,奥普特,上海,自动化设备,申万二级行业,801078,5223
688687,凯因科技,上海,生物制品,申万二级行业,801152,5223
688689,银河微电,上海,半导体,申万二级行业,801081,5223
688690,纳微科技,上海,化学制药,申万二级行业,801151,5223
688691,灿芯股份,上海,半导体,申万二级行业,801081,5223
688692,达梦数据,上海,软件开发,申万二级行业,801104,5223
688693,锴威特,上海,半导体,申万二级行业,801081,5223
688695,中创股份,上海,软件开发,申万二级行业,801104,5223
688696,极米科技,上海,黑色家电,申万二级行业,801112,5223
688697,纽威数控,上海,通用设备,申万二级行业,801072,5223
688698,伟创电气,上海,自动化设备,申万二级行业,801078,5223
688699,明微电子,上海,半导体,申万二级行业,801081,5223
688700,东威科技,上海,专用设备,申万二级行业,801074,5223
688701,卓锦股份,上海,环境治理,申万二级行业,801971,5223
688702,盛科通信-U,上海,半导体,申万二级行业,801081,5223
688707,振华新材,上海,电池,申万二级行业,801737,5223
688708,佳驰科技,上海,航空装备Ⅱ,申万二级行业,801742,5223
688709,成都华微,上海,半导体,申万二级行业,801081,5223
688710,益诺思,上海,医疗服务,申万二级行业,801156,5223
688711,宏微科技,上海,半导体,申万二级行业,801081,5223
688712,北芯生命,上海,医疗器械,申万二级行业,801153,5223
688716,中研股份,上海,塑料,申万二级行业,801036,5223
688717,艾罗能源,上海,光伏设备,申万二级行业,801735,5223
688718,唯赛勃,上海,塑料,申万二级行业,801036,5223
688719,爱科赛博,上海,其他电源设备Ⅱ,申万二级行业,801733,5223
688720,艾森股份,上海,半导体,申万二级行业,801081,5223
688721,龙图光罩,上海,半导体,申万二级行业,801081,5223
688722,同益中,上海,化学纤维,申万二级行业,801032,5223
688726,拉普拉斯,上海,光伏设备,申万二级行业,801735,5223
688727,恒坤新材,上海,半导体,申万二级行业,801081,5223
688728,格科微,上海,半导体,申万二级行业,801081,5223
688729,屹唐股份,上海,半导体,申万二级行业,801081,5223
688733,壹石通,上海,电池,申万二级行业,801737,5223
688737,中自科技,上海,汽车零部件,申万二级行业,801093,5223
688739,成大生物,上海,生物制品,申万二级行业,801152,5223
688750,金天钛业,上海,小金属,申万二级行业,801054,5223
688755,汉邦科技,上海,医疗器械,申万二级行业,801153,5223
688757,胜科纳米,上海,专业服务,申万二级行业,801218,5223
688758,赛分科技,上海,化学制药,申万二级行业,801151,5223
688759,必贝特-U,上海,化学制药,申万二级行业,801151,5223
688765,禾元生物-U,上海,生物制品,申万二级行业,801152,5223
688766,普冉股份,上海,半导体,申万二级行业,801081,5223
688767,博拓生物,上海,医疗器械,申万二级行业,801153,5223
688768,容知日新,上海,通用设备,申万二级行业,801072,5223
688772,珠海冠宇,上海,电池,申万二级行业,801737,5223
688775,影石创新,上海,消费电子,申万二级行业,801085,5223
688776,国光电气,上海,军工电子Ⅱ,申万二级行业,801745,5223
688777,中控技术,上海,自动化设备,申万二级行业,801078,5223
688778,厦钨新能,上海,电池,申万二级行业,801737,5223
688779,五矿新能,上海,电池,申万二级行业,801737,5223
688781,视涯科技-UW,上海,光学光电子,申万二级行业,801084,5223
688783,西安奕材-U,上海,半导体,申万二级行业,801081,5223
688785,恒运昌,上海,半导体,申万二级行业,801081,5223
688786,悦安新材,上海,金属新材料,申万二级行业,801051,5223
688787,海天瑞声,上海,IT服务Ⅱ,申万二级行业,801103,5223
688788,科思科技,上海,军工电子Ⅱ,申万二级行业,801745,5223
688789,宏华数科,上海,专用设备,申万二级行业,801074,5223
688790,昂瑞微-UW,上海,半导体,申万二级行业,801081,5223
688793,倍轻松,上海,小家电,申万二级行业,801113,5223
688795,摩尔线程-U,上海,半导体,申万二级行业,801081,5223
688796,百奥赛图,上海,医疗服务,申万二级行业,801156,5223
688797,臻宝科技,上海,半导体,申万二级行业,801081,5223
688798,艾为电子,上海,半导体,申万二级行业,801081,5223
688799,华纳药厂,上海,化学制药,申万二级行业,801151,5223
688800,瑞可达,上海,其他电子Ⅱ,申万二级行业,801082,5223
688802,沐曦股份-U,上海,半导体,申万二级行业,801081,5223
688805,健信超导,上海,医疗器械,申万二级行业,801153,5223
688807,优迅股份,上海,半导体,申万二级行业,801081,5223
688808,XR联讯仪,上海,通用设备,申万二级行业,801072,5223
688809,强一股份,上海,半导体,申万二级行业,801081,5223
688811,有研复材,上海,金属新材料,申万二级行业,801051,5223
688813,泰金新能,上海,专用设备,申万二级行业,801074,5223
688816,易思维,上海,自动化设备,申万二级行业,801078,5223
688818,电科蓝天,上海,航天装备Ⅱ,申万二级行业,801741,5223
688819,天能股份,上海,电池,申万二级行业,801737,5223
688820,盛合晶微,上海,半导体,申万二级行业,801081,5223
688981,中芯国际,上海,半导体,申万二级行业,801081,5223
