template,breadth,sector_flow,stock_flow,max_vol_rank,momentum,horizon,train_trades,train_mean_return,train_win_rate,validation_trades,validation_days,validation_mean_return,validation_win_rate,validation_profit_factor,validation_max_drawdown,selection_objective,pullback_rank,breakout,volume_ratio
trend_pullback,0.5,-0.03,-0.03,0.75,0.65,3,75,-0.0025118775704485886,0.41333333333333333,35,7,0.0037326852534390045,0.42857142857142855,1.227025112183092,-0.01809036273139686,0.0034967306495428717,0.45,,
trend_pullback,0.5,-0.03,0.0,0.75,0.65,3,75,-0.0025118775704485886,0.41333333333333333,35,7,0.0037326852534390045,0.42857142857142855,1.227025112183092,-0.01809036273139686,0.0034967306495428717,0.45,,
trend_pullback,0.5,0.03,0.0,0.75,0.65,3,75,-0.0012359286688508346,0.4266666666666667,35,7,0.0037326852534390045,0.42857142857142855,1.227025112183092,-0.01809036273139686,0.0034967306495428717,0.45,,
trend_pullback,0.5,0.0,0.0,0.75,0.65,3,75,-0.0021341847724881038,0.41333333333333333,35,7,0.0037326852534390045,0.42857142857142855,1.227025112183092,-0.01809036273139686,0.0034967306495428717,0.45,,
trend_pullback,0.5,0.03,0.03,0.75,0.65,3,75,-0.0012359286688508346,0.4266666666666667,35,7,0.0037326852534390045,0.42857142857142855,1.227025112183092,-0.01809036273139686,0.0034967306495428717,0.45,,
trend_pullback,0.5,-0.03,0.03,0.75,0.65,3,75,-0.0025118775704485886,0.41333333333333333,35,7,0.0037326852534390045,0.42857142857142855,1.227025112183092,-0.01809036273139686,0.0034967306495428717,0.45,,
trend_pullback,0.5,0.03,-0.03,0.75,0.65,3,75,-0.0012359286688508346,0.4266666666666667,35,7,0.0037326852534390045,0.42857142857142855,1.227025112183092,-0.01809036273139686,0.0034967306495428717,0.45,,
trend_pullback,0.5,0.0,-0.03,0.75,0.65,3,75,-0.0021341847724881038,0.41333333333333333,35,7,0.0037326852534390045,0.42857142857142855,1.227025112183092,-0.01809036273139686,0.0034967306495428717,0.45,,
trend_pullback,0.5,0.0,0.03,0.75,0.65,3,75,-0.0021341847724881038,0.41333333333333333,35,7,0.0037326852534390045,0.42857142857142855,1.227025112183092,-0.01809036273139686,0.0034967306495428717,0.45,,
volume_breakout,0.3,0.03,0.0,0.75,0.5,3,90,0.005250292142181728,0.43333333333333335,82,18,0.003320848052043703,0.4024390243902439,1.180161589253774,-0.04640631280488006,0.0022236990652107448,,0.0,1.1
volume_breakout,0.3,0.03,0.0,0.75,0.65,3,90,0.005250292142181728,0.43333333333333335,82,18,0.003320848052043703,0.4024390243902439,1.180161589253774,-0.04640631280488006,0.0022236990652107448,,0.0,1.1
volume_breakout,0.3,0.03,0.0,0.75,0.35,3,90,0.005250292142181728,0.43333333333333335,82,18,0.003320848052043703,0.4024390243902439,1.180161589253774,-0.04640631280488006,0.0022236990652107448,,0.0,1.1
volume_breakout,0.3,0.03,-0.03,0.75,0.35,3,90,0.005250292142181728,0.43333333333333335,82,18,0.003320848052043703,0.4024390243902439,1.180161589253774,-0.04640631280488006,0.0022236990652107448,,0.0,1.1
volume_breakout,0.3,0.03,-0.03,0.75,0.5,3,90,0.005250292142181728,0.43333333333333335,82,18,0.003320848052043703,0.4024390243902439,1.180161589253774,-0.04640631280488006,0.0022236990652107448,,0.0,1.1
volume_breakout,0.3,0.03,0.03,0.75,0.65,3,90,0.005250292142181728,0.43333333333333335,82,18,0.003320848052043703,0.4024390243902439,1.180161589253774,-0.04640631280488006,0.0022236990652107448,,0.0,1.1
volume_breakout,0.3,0.03,-0.03,0.75,0.65,3,90,0.005250292142181728,0.43333333333333335,82,18,0.003320848052043703,0.4024390243902439,1.180161589253774,-0.04640631280488006,0.0022236990652107448,,0.0,1.1
volume_breakout,0.3,0.03,0.03,0.75,0.5,3,90,0.005250292142181728,0.43333333333333335,82,18,0.003320848052043703,0.4024390243902439,1.180161589253774,-0.04640631280488006,0.0022236990652107448,,0.0,1.1
volume_breakout,0.3,0.03,0.03,0.75,0.35,3,90,0.005250292142181728,0.43333333333333335,82,18,0.003320848052043703,0.4024390243902439,1.180161589253774,-0.04640631280488006,0.0022236990652107448,,0.0,1.1
volume_breakout,0.3,0.03,0.03,0.75,0.5,3,90,0.005250292142181728,0.43333333333333335,83,18,0.0032397868837580855,0.39759036144578314,1.177507202311806,-0.04640631280488006,0.0021419743001896354,,0.0,0.8
volume_breakout,0.3,0.03,0.0,0.75,0.35,3,90,0.005250292142181728,0.43333333333333335,83,18,0.0032397868837580855,0.39759036144578314,1.177507202311806,-0.04640631280488006,0.0021419743001896354,,0.0,0.8
volume_breakout,0.3,0.03,0.03,0.75,0.65,3,90,0.005250292142181728,0.43333333333333335,83,18,0.0032397868837580855,0.39759036144578314,1.177507202311806,-0.04640631280488006,0.0021419743001896354,,0.0,0.8
volume_breakout,0.3,0.03,0.03,0.75,0.35,3,90,0.005250292142181728,0.43333333333333335,83,18,0.0032397868837580855,0.39759036144578314,1.177507202311806,-0.04640631280488006,0.0021419743001896354,,0.0,0.8
volume_breakout,0.3,0.03,-0.03,0.75,0.5,3,90,0.005250292142181728,0.43333333333333335,83,18,0.0032397868837580855,0.39759036144578314,1.177507202311806,-0.04640631280488006,0.0021419743001896354,,0.0,0.8
volume_breakout,0.3,0.03,-0.03,0.75,0.65,3,90,0.005250292142181728,0.43333333333333335,83,18,0.0032397868837580855,0.39759036144578314,1.177507202311806,-0.04640631280488006,0.0021419743001896354,,0.0,0.8
volume_breakout,0.3,0.03,0.0,0.75,0.65,3,90,0.005250292142181728,0.43333333333333335,83,18,0.0032397868837580855,0.39759036144578314,1.177507202311806,-0.04640631280488006,0.0021419743001896354,,0.0,0.8
volume_breakout,0.3,0.03,0.0,0.75,0.5,3,90,0.005250292142181728,0.43333333333333335,83,18,0.0032397868837580855,0.39759036144578314,1.177507202311806,-0.04640631280488006,0.0021419743001896354,,0.0,0.8
volume_breakout,0.3,0.03,-0.03,0.75,0.35,3,90,0.005250292142181728,0.43333333333333335,83,18,0.0032397868837580855,0.39759036144578314,1.177507202311806,-0.04640631280488006,0.0021419743001896354,,0.0,0.8
volume_breakout,0.3,0.03,0.0,0.75,0.5,2,90,0.005612099361708351,0.4777777777777778,82,18,0.0033481341762206748,0.4024390243902439,1.1905935510981807,-0.05567776300618632,0.0019754496738096303,,0.0,1.1
volume_breakout,0.3,0.03,-0.03,0.75,0.65,2,90,0.005612099361708351,0.4777777777777778,82,18,0.0033481341762206748,0.4024390243902439,1.1905935510981807,-0.05567776300618632,0.0019754496738096303,,0.0,1.1
volume_breakout,0.3,0.03,-0.03,0.75,0.5,2,90,0.005612099361708351,0.4777777777777778,82,18,0.0033481341762206748,0.4024390243902439,1.1905935510981807,-0.05567776300618632,0.0019754496738096303,,0.0,1.1
volume_breakout,0.3,0.03,0.03,0.75,0.65,2,90,0.005612099361708351,0.4777777777777778,82,18,0.0033481341762206748,0.4024390243902439,1.1905935510981807,-0.05567776300618632,0.0019754496738096303,,0.0,1.1
volume_breakout,0.3,0.03,0.03,0.75,0.5,2,90,0.005612099361708351,0.4777777777777778,82,18,0.0033481341762206748,0.4024390243902439,1.1905935510981807,-0.05567776300618632,0.0019754496738096303,,0.0,1.1
volume_breakout,0.3,0.03,0.0,0.75,0.35,2,90,0.005612099361708351,0.4777777777777778,82,18,0.0033481341762206748,0.4024390243902439,1.1905935510981807,-0.05567776300618632,0.0019754496738096303,,0.0,1.1
volume_breakout,0.3,0.03,0.0,0.75,0.65,2,90,0.005612099361708351,0.4777777777777778,82,18,0.0033481341762206748,0.4024390243902439,1.1905935510981807,-0.05567776300618632,0.0019754496738096303,,0.0,1.1
volume_breakout,0.3,0.03,0.03,0.75,0.35,2,90,0.005612099361708351,0.4777777777777778,82,18,0.0033481341762206748,0.4024390243902439,1.1905935510981807,-0.05567776300618632,0.0019754496738096303,,0.0,1.1
volume_breakout,0.3,0.03,-0.03,0.75,0.35,2,90,0.005612099361708351,0.4777777777777778,82,18,0.0033481341762206748,0.4024390243902439,1.1905935510981807,-0.05567776300618632,0.0019754496738096303,,0.0,1.1
volume_breakout,0.3,0.03,0.0,0.75,0.65,2,90,0.005612099361708351,0.4777777777777778,83,18,0.0032038420481963416,0.39759036144578314,1.1835046768794495,-0.05567776300618632,0.0018293853272306146,,0.0,0.8
volume_breakout,0.3,0.03,-0.03,0.75,0.65,2,90,0.005612099361708351,0.4777777777777778,83,18,0.0032038420481963416,0.39759036144578314,1.1835046768794495,-0.05567776300618632,0.0018293853272306146,,0.0,0.8
volume_breakout,0.3,0.03,-0.03,0.75,0.5,2,90,0.005612099361708351,0.4777777777777778,83,18,0.0032038420481963416,0.39759036144578314,1.1835046768794495,-0.05567776300618632,0.0018293853272306146,,0.0,0.8
volume_breakout,0.3,0.03,0.03,0.75,0.35,2,90,0.005612099361708351,0.4777777777777778,83,18,0.0032038420481963416,0.39759036144578314,1.1835046768794495,-0.05567776300618632,0.0018293853272306146,,0.0,0.8
volume_breakout,0.3,0.03,0.03,0.75,0.65,2,90,0.005612099361708351,0.4777777777777778,83,18,0.0032038420481963416,0.39759036144578314,1.1835046768794495,-0.05567776300618632,0.0018293853272306146,,0.0,0.8
volume_breakout,0.3,0.03,0.03,0.75,0.5,2,90,0.005612099361708351,0.4777777777777778,83,18,0.0032038420481963416,0.39759036144578314,1.1835046768794495,-0.05567776300618632,0.0018293853272306146,,0.0,0.8
volume_breakout,0.3,0.03,-0.03,0.75,0.35,2,90,0.005612099361708351,0.4777777777777778,83,18,0.0032038420481963416,0.39759036144578314,1.1835046768794495,-0.05567776300618632,0.0018293853272306146,,0.0,0.8
volume_breakout,0.3,0.03,0.0,0.75,0.5,2,90,0.005612099361708351,0.4777777777777778,83,18,0.0032038420481963416,0.39759036144578314,1.1835046768794495,-0.05567776300618632,0.0018293853272306146,,0.0,0.8
volume_breakout,0.3,0.03,0.0,0.75,0.35,2,90,0.005612099361708351,0.4777777777777778,83,18,0.0032038420481963416,0.39759036144578314,1.1835046768794495,-0.05567776300618632,0.0018293853272306146,,0.0,0.8
volume_breakout,0.3,0.03,0.03,0.75,0.35,1,90,0.004328085396808142,0.5111111111111111,82,18,0.0025895664182243264,0.3902439024390244,1.18252685236375,-0.046286965182920525,0.0014965891758276484,,0.0,1.1
volume_breakout,0.3,0.03,0.03,0.75,0.5,1,90,0.004328085396808142,0.5111111111111111,82,18,0.0025895664182243264,0.3902439024390244,1.18252685236375,-0.046286965182920525,0.0014965891758276484,,0.0,1.1
volume_breakout,0.3,0.03,0.0,0.75,0.65,1,90,0.004328085396808142,0.5111111111111111,82,18,0.0025895664182243264,0.3902439024390244,1.18252685236375,-0.046286965182920525,0.0014965891758276484,,0.0,1.1
volume_breakout,0.3,0.03,0.0,0.75,0.35,1,90,0.004328085396808142,0.5111111111111111,82,18,0.0025895664182243264,0.3902439024390244,1.18252685236375,-0.046286965182920525,0.0014965891758276484,,0.0,1.1
volume_breakout,0.3,0.03,-0.03,0.75,0.65,1,90,0.004328085396808142,0.5111111111111111,82,18,0.0025895664182243264,0.3902439024390244,1.18252685236375,-0.046286965182920525,0.0014965891758276484,,0.0,1.1
volume_breakout,0.3,0.03,-0.03,0.75,0.5,1,90,0.004328085396808142,0.5111111111111111,82,18,0.0025895664182243264,0.3902439024390244,1.18252685236375,-0.046286965182920525,0.0014965891758276484,,0.0,1.1
volume_breakout,0.3,0.03,0.0,0.75,0.5,1,90,0.004328085396808142,0.5111111111111111,82,18,0.0025895664182243264,0.3902439024390244,1.18252685236375,-0.046286965182920525,0.0014965891758276484,,0.0,1.1
volume_breakout,0.3,0.03,0.03,0.75,0.65,1,90,0.004328085396808142,0.5111111111111111,82,18,0.0025895664182243264,0.3902439024390244,1.18252685236375,-0.046286965182920525,0.0014965891758276484,,0.0,1.1
volume_breakout,0.3,0.03,-0.03,0.75,0.35,1,90,0.004328085396808142,0.5111111111111111,82,18,0.0025895664182243264,0.3902439024390244,1.18252685236375,-0.046286965182920525,0.0014965891758276484,,0.0,1.1
volume_breakout,0.4,-0.03,0.03,1.0,0.35,3,80,0.0011082242819581804,0.4,55,11,0.0017939393939394013,0.38181818181818183,1.0918342020352447,-0.01978144000000015,0.0014734547444482083,,-0.05,1.1
volume_breakout,0.4,-0.03,0.03,1.0,0.35,3,80,0.0011082242819581804,0.4,55,11,0.0017939393939394013,0.38181818181818183,1.0918342020352447,-0.01978144000000015,0.0014734547444482083,,-0.05,0.8
volume_breakout,0.4,-0.03,0.03,1.0,0.5,3,80,0.0011082242819581804,0.4,55,11,0.0017939393939394013,0.38181818181818183,1.0918342020352447,-0.01978144000000015,0.0014734547444482083,,-0.05,1.1
volume_breakout,0.4,-0.03,0.03,1.0,0.5,3,80,0.0011082242819581804,0.4,55,11,0.0017939393939394013,0.38181818181818183,1.0918342020352447,-0.01978144000000015,0.0014734547444482083,,-0.05,0.8
volume_breakout,0.4,-0.03,0.03,1.0,0.65,3,80,0.0011082242819581804,0.4,55,11,0.0017939393939394013,0.38181818181818183,1.0918342020352447,-0.01978144000000015,0.0014734547444482083,,-0.05,1.1
volume_breakout,0.4,-0.03,0.03,1.0,0.65,3,80,0.0011082242819581804,0.4,55,11,0.0017939393939394013,0.38181818181818183,1.0918342020352447,-0.01978144000000015,0.0014734547444482083,,-0.05,0.8
volume_breakout,0.4,-0.03,-0.03,1.0,0.35,3,80,0.0011082242819581804,0.4,55,11,0.0017939393939394013,0.38181818181818183,1.0918342020352447,-0.01978144000000015,0.0014734547444482083,,-0.05,0.8
volume_breakout,0.4,-0.03,-0.03,1.0,0.35,3,80,0.0011082242819581804,0.4,55,11,0.0017939393939394013,0.38181818181818183,1.0918342020352447,-0.01978144000000015,0.0014734547444482083,,-0.05,1.1
volume_breakout,0.4,-0.03,-0.03,1.0,0.5,3,80,0.0011082242819581804,0.4,55,11,0.0017939393939394013,0.38181818181818183,1.0918342020352447,-0.01978144000000015,0.0014734547444482083,,-0.05,0.8
volume_breakout,0.4,-0.03,-0.03,1.0,0.65,3,80,0.0011082242819581804,0.4,55,11,0.0017939393939394013,0.38181818181818183,1.0918342020352447,-0.01978144000000015,0.0014734547444482083,,-0.05,1.1
volume_breakout,0.4,-0.03,0.0,1.0,0.35,3,80,0.0011082242819581804,0.4,55,11,0.0017939393939394013,0.38181818181818183,1.0918342020352447,-0.01978144000000015,0.0014734547444482083,,-0.05,0.8
volume_breakout,0.4,-0.03,-0.03,1.0,0.5,3,80,0.0011082242819581804,0.4,55,11,0.0017939393939394013,0.38181818181818183,1.0918342020352447,-0.01978144000000015,0.0014734547444482083,,-0.05,1.1
volume_breakout,0.4,-0.03,-0.03,1.0,0.65,3,80,0.0011082242819581804,0.4,55,11,0.0017939393939394013,0.38181818181818183,1.0918342020352447,-0.01978144000000015,0.0014734547444482083,,-0.05,0.8
volume_breakout,0.4,-0.03,0.0,1.0,0.35,3,80,0.0011082242819581804,0.4,55,11,0.0017939393939394013,0.38181818181818183,1.0918342020352447,-0.01978144000000015,0.0014734547444482083,,-0.05,1.1
volume_breakout,0.4,-0.03,0.0,1.0,0.65,3,80,0.0011082242819581804,0.4,55,11,0.0017939393939394013,0.38181818181818183,1.0918342020352447,-0.01978144000000015,0.0014734547444482083,,-0.05,0.8
volume_breakout,0.4,-0.03,0.0,1.0,0.65,3,80,0.0011082242819581804,0.4,55,11,0.0017939393939394013,0.38181818181818183,1.0918342020352447,-0.01978144000000015,0.0014734547444482083,,-0.05,1.1
volume_breakout,0.4,-0.03,0.0,1.0,0.5,3,80,0.0011082242819581804,0.4,55,11,0.0017939393939394013,0.38181818181818183,1.0918342020352447,-0.01978144000000015,0.0014734547444482083,,-0.05,1.1
volume_breakout,0.4,-0.03,0.0,1.0,0.5,3,80,0.0011082242819581804,0.4,55,11,0.0017939393939394013,0.38181818181818183,1.0918342020352447,-0.01978144000000015,0.0014734547444482083,,-0.05,0.8
volume_breakout,0.3,0.03,-0.03,0.75,0.65,1,90,0.004328085396808142,0.5111111111111111,83,18,0.0024955420296755362,0.3855421686746988,1.1772501358029221,-0.046286965182920525,0.0014012456081386512,,0.0,0.8
volume_breakout,0.3,0.03,0.0,0.75,0.65,1,90,0.004328085396808142,0.5111111111111111,83,18,0.0024955420296755362,0.3855421686746988,1.1772501358029221,-0.046286965182920525,0.0014012456081386512,,0.0,0.8
volume_breakout,0.3,0.03,0.03,0.75,0.65,1,90,0.004328085396808142,0.5111111111111111,83,18,0.0024955420296755362,0.3855421686746988,1.1772501358029221,-0.046286965182920525,0.0014012456081386512,,0.0,0.8
volume_breakout,0.3,0.03,0.03,0.75,0.35,1,90,0.004328085396808142,0.5111111111111111,83,18,0.0024955420296755362,0.3855421686746988,1.1772501358029221,-0.046286965182920525,0.0014012456081386512,,0.0,0.8
volume_breakout,0.3,0.03,-0.03,0.75,0.35,1,90,0.004328085396808142,0.5111111111111111,83,18,0.0024955420296755362,0.3855421686746988,1.1772501358029221,-0.046286965182920525,0.0014012456081386512,,0.0,0.8
volume_breakout,0.3,0.03,0.03,0.75,0.5,1,90,0.004328085396808142,0.5111111111111111,83,18,0.0024955420296755362,0.3855421686746988,1.1772501358029221,-0.046286965182920525,0.0014012456081386512,,0.0,0.8
volume_breakout,0.3,0.03,-0.03,0.75,0.5,1,90,0.004328085396808142,0.5111111111111111,83,18,0.0024955420296755362,0.3855421686746988,1.1772501358029221,-0.046286965182920525,0.0014012456081386512,,0.0,0.8
volume_breakout,0.3,0.03,0.0,0.75,0.35,1,90,0.004328085396808142,0.5111111111111111,83,18,0.0024955420296755362,0.3855421686746988,1.1772501358029221,-0.046286965182920525,0.0014012456081386512,,0.0,0.8
volume_breakout,0.3,0.03,0.0,0.75,0.5,1,90,0.004328085396808142,0.5111111111111111,83,18,0.0024955420296755362,0.3855421686746988,1.1772501358029221,-0.046286965182920525,0.0014012456081386512,,0.0,0.8
volume_breakout,0.4,0.0,0.03,1.0,0.5,1,80,0.0009017395316445671,0.4125,55,11,0.0021638684621060507,0.36363636363636365,1.1394200770656195,-0.0431120662484199,0.0011553614939198587,,0.0,1.1
volume_breakout,0.4,0.0,0.0,1.0,0.35,1,80,0.0009017395316445671,0.4125,55,11,0.0021638684621060507,0.36363636363636365,1.1394200770656195,-0.0431120662484199,0.0011553614939198587,,0.0,0.8
volume_breakout,0.4,0.0,0.03,1.0,0.65,1,80,0.0009017395316445671,0.4125,55,11,0.0021638684621060507,0.36363636363636365,1.1394200770656195,-0.0431120662484199,0.0011553614939198587,,0.0,1.1
volume_breakout,0.4,0.0,0.0,1.0,0.65,1,80,0.0009017395316445671,0.4125,55,11,0.0021638684621060507,0.36363636363636365,1.1394200770656195,-0.0431120662484199,0.0011553614939198587,,0.0,1.1
volume_breakout,0.4,0.0,0.03,1.0,0.65,1,80,0.0009017395316445671,0.4125,55,11,0.0021638684621060507,0.36363636363636365,1.1394200770656195,-0.0431120662484199,0.0011553614939198587,,0.0,0.8
volume_breakout,0.4,0.0,-0.03,1.0,0.65,1,80,0.0009017395316445671,0.4125,55,11,0.0021638684621060507,0.36363636363636365,1.1394200770656195,-0.0431120662484199,0.0011553614939198587,,0.0,1.1
volume_breakout,0.4,0.0,-0.03,1.0,0.35,1,80,0.0009017395316445671,0.4125,55,11,0.0021638684621060507,0.36363636363636365,1.1394200770656195,-0.0431120662484199,0.0011553614939198587,,0.0,0.8
volume_breakout,0.4,0.0,0.0,1.0,0.5,1,80,0.0009017395316445671,0.4125,55,11,0.0021638684621060507,0.36363636363636365,1.1394200770656195,-0.0431120662484199,0.0011553614939198587,,0.0,0.8
volume_breakout,0.4,0.0,0.0,1.0,0.5,1,80,0.0009017395316445671,0.4125,55,11,0.0021638684621060507,0.36363636363636365,1.1394200770656195,-0.0431120662484199,0.0011553614939198587,,0.0,1.1
volume_breakout,0.4,0.0,0.03,1.0,0.35,1,80,0.0009017395316445671,0.4125,55,11,0.0021638684621060507,0.36363636363636365,1.1394200770656195,-0.0431120662484199,0.0011553614939198587,,0.0,1.1
volume_breakout,0.4,0.0,0.03,1.0,0.35,1,80,0.0009017395316445671,0.4125,55,11,0.0021638684621060507,0.36363636363636365,1.1394200770656195,-0.0431120662484199,0.0011553614939198587,,0.0,0.8
volume_breakout,0.4,0.0,-0.03,1.0,0.65,1,80,0.0009017395316445671,0.4125,55,11,0.0021638684621060507,0.36363636363636365,1.1394200770656195,-0.0431120662484199,0.0011553614939198587,,0.0,0.8
volume_breakout,0.4,0.0,-0.03,1.0,0.5,1,80,0.0009017395316445671,0.4125,55,11,0.0021638684621060507,0.36363636363636365,1.1394200770656195,-0.0431120662484199,0.0011553614939198587,,0.0,1.1
volume_breakout,0.4,0.0,0.03,1.0,0.5,1,80,0.0009017395316445671,0.4125,55,11,0.0021638684621060507,0.36363636363636365,1.1394200770656195,-0.0431120662484199,0.0011553614939198587,,0.0,0.8
volume_breakout,0.4,0.0,0.0,1.0,0.65,1,80,0.0009017395316445671,0.4125,55,11,0.0021638684621060507,0.36363636363636365,1.1394200770656195,-0.0431120662484199,0.0011553614939198587,,0.0,0.8
volume_breakout,0.4,0.0,-0.03,1.0,0.35,1,80,0.0009017395316445671,0.4125,55,11,0.0021638684621060507,0.36363636363636365,1.1394200770656195,-0.0431120662484199,0.0011553614939198587,,0.0,1.1
volume_breakout,0.4,0.0,-0.03,1.0,0.5,1,80,0.0009017395316445671,0.4125,55,11,0.0021638684621060507,0.36363636363636365,1.1394200770656195,-0.0431120662484199,0.0011553614939198587,,0.0,0.8
volume_breakout,0.4,0.0,0.0,1.0,0.35,1,80,0.0009017395316445671,0.4125,55,11,0.0021638684621060507,0.36363636363636365,1.1394200770656195,-0.0431120662484199,0.0011553614939198587,,0.0,1.1
trend_pullback,0.5,0.0,-0.03,0.75,0.65,3,75,-0.005033885082512628,0.36,35,7,0.0013416445158531977,0.4,1.0781652910363382,-0.018090362731396636,0.0010684749566703833,0.7,,
trend_pullback,0.5,0.03,0.03,0.75,0.65,3,75,-0.003833885082512627,0.37333333333333335,35,7,0.0013416445158531977,0.4,1.0781652910363382,-0.018090362731396636,0.0010684749566703833,0.7,,
trend_pullback,0.5,-0.03,0.03,0.75,0.65,3,75,-0.005033885082512628,0.36,35,7,0.0013416445158531977,0.4,1.0781652910363382,-0.018090362731396636,0.0010684749566703833,0.7,,
trend_pullback,0.5,0.03,-0.03,0.75,0.65,3,75,-0.003833885082512627,0.37333333333333335,35,7,0.0013416445158531977,0.4,1.0781652910363382,-0.018090362731396636,0.0010684749566703833,0.7,,
trend_pullback,0.5,0.0,0.03,0.75,0.65,3,75,-0.005033885082512628,0.36,35,7,0.0013416445158531977,0.4,1.0781652910363382,-0.018090362731396636,0.0010684749566703833,0.7,,
trend_pullback,0.5,-0.03,-0.03,0.75,0.65,3,75,-0.005033885082512628,0.36,35,7,0.0013416445158531977,0.4,1.0781652910363382,-0.018090362731396636,0.0010684749566703833,0.7,,
trend_pullback,0.5,-0.03,0.0,0.75,0.65,3,75,-0.005033885082512628,0.36,35,7,0.0013416445158531977,0.4,1.0781652910363382,-0.018090362731396636,0.0010684749566703833,0.7,,
trend_pullback,0.5,0.0,0.0,0.75,0.65,3,75,-0.005033885082512628,0.36,35,7,0.0013416445158531977,0.4,1.0781652910363382,-0.018090362731396636,0.0010684749566703833,0.7,,
trend_pullback,0.5,0.03,0.0,0.75,0.65,3,75,-0.003833885082512627,0.37333333333333335,35,7,0.0013416445158531977,0.4,1.0781652910363382,-0.018090362731396636,0.0010684749566703833,0.7,,
volume_breakout,0.4,0.03,0.0,1.0,0.65,3,80,0.0011082242819581804,0.4,53,11,0.0013559748427673002,0.37735849056603776,1.0689170182841072,-0.01978144000000015,0.0010297608973383228,,-0.05,1.1
volume_breakout,0.4,0.03,0.0,1.0,0.5,3,80,0.0011082242819581804,0.4,53,11,0.0013559748427673002,0.37735849056603776,1.0689170182841072,-0.01978144000000015,0.0010297608973383228,,-0.05,1.1
volume_breakout,0.4,0.03,0.03,1.0,0.65,3,80,0.0011082242819581804,0.4,53,11,0.0013559748427673002,0.37735849056603776,1.0689170182841072,-0.01978144000000015,0.0010297608973383228,,-0.05,1.1
volume_breakout,0.4,0.03,0.03,1.0,0.35,3,80,0.0011082242819581804,0.4,53,11,0.0013559748427673002,0.37735849056603776,1.0689170182841072,-0.01978144000000015,0.0010297608973383228,,-0.05,1.1
volume_breakout,0.4,0.03,0.03,1.0,0.5,3,80,0.0011082242819581804,0.4,53,11,0.0013559748427673002,0.37735849056603776,1.0689170182841072,-0.01978144000000015,0.0010297608973383228,,-0.05,1.1
volume_breakout,0.4,0.03,-0.03,1.0,0.5,3,80,0.0011082242819581804,0.4,53,11,0.0013559748427673002,0.37735849056603776,1.0689170182841072,-0.01978144000000015,0.0010297608973383228,,-0.05,1.1
volume_breakout,0.4,0.03,0.0,1.0,0.35,3,80,0.0011082242819581804,0.4,53,11,0.0013559748427673002,0.37735849056603776,1.0689170182841072,-0.01978144000000015,0.0010297608973383228,,-0.05,1.1
volume_breakout,0.4,0.03,-0.03,1.0,0.35,3,80,0.0011082242819581804,0.4,53,11,0.0013559748427673002,0.37735849056603776,1.0689170182841072,-0.01978144000000015,0.0010297608973383228,,-0.05,1.1
volume_breakout,0.4,0.03,-0.03,1.0,0.65,3,80,0.0011082242819581804,0.4,53,11,0.0013559748427673002,0.37735849056603776,1.0689170182841072,-0.01978144000000015,0.0010297608973383228,,-0.05,1.1
volume_breakout,0.3,0.0,-0.03,0.75,0.5,1,90,0.0052114521039409245,0.5222222222222223,88,18,0.0021305061025154036,0.3977272727272727,1.1495354026633475,-0.04676475204195141,0.0010149473919226983,,0.0,1.1
volume_breakout,0.3,0.0,0.0,0.75,0.35,1,90,0.0052114521039409245,0.5222222222222223,88,18,0.0021305061025154036,0.3977272727272727,1.1495354026633475,-0.04676475204195141,0.0010149473919226983,,0.0,1.1
volume_breakout,0.3,0.0,-0.03,0.75,0.65,1,90,0.0052114521039409245,0.5222222222222223,88,18,0.0021305061025154036,0.3977272727272727,1.1495354026633475,-0.04676475204195141,0.0010149473919226983,,0.0,1.1
volume_breakout,0.3,0.0,-0.03,0.75,0.35,1,90,0.0052114521039409245,0.5222222222222223,88,18,0.0021305061025154036,0.3977272727272727,1.1495354026633475,-0.04676475204195141,0.0010149473919226983,,0.0,1.1
volume_breakout,0.3,0.0,0.0,0.75,0.65,1,90,0.0052114521039409245,0.5222222222222223,88,18,0.0021305061025154036,0.3977272727272727,1.1495354026633475,-0.04676475204195141,0.0010149473919226983,,0.0,1.1
volume_breakout,0.3,0.0,0.03,0.75,0.35,1,90,0.0052114521039409245,0.5222222222222223,88,18,0.0021305061025154036,0.3977272727272727,1.1495354026633475,-0.04676475204195141,0.0010149473919226983,,0.0,1.1
volume_breakout,0.3,0.0,0.0,0.75,0.5,1,90,0.0052114521039409245,0.5222222222222223,88,18,0.0021305061025154036,0.3977272727272727,1.1495354026633475,-0.04676475204195141,0.0010149473919226983,,0.0,1.1
volume_breakout,0.3,0.0,0.03,0.75,0.65,1,90,0.0052114521039409245,0.5222222222222223,88,18,0.0021305061025154036,0.3977272727272727,1.1495354026633475,-0.04676475204195141,0.0010149473919226983,,0.0,1.1
volume_breakout,0.3,0.0,0.03,0.75,0.5,1,90,0.0052114521039409245,0.5222222222222223,88,18,0.0021305061025154036,0.3977272727272727,1.1495354026633475,-0.04676475204195141,0.0010149473919226983,,0.0,1.1
trend_pullback,0.5,0.03,0.0,0.75,0.65,2,75,-0.0023203421801333323,0.37333333333333335,35,7,0.0013116564143630261,0.37142857142857144,1.0858157144550487,-0.02091737561527829,0.0009555890745184396,0.45,,
trend_pullback,0.5,0.03,-0.03,0.75,0.65,2,75,-0.0023203421801333323,0.37333333333333335,35,7,0.0013116564143630261,0.37142857142857144,1.0858157144550487,-0.02091737561527829,0.0009555890745184396,0.45,,
trend_pullback,0.5,0.0,0.03,0.75,0.65,2,75,-0.0032684238941343285,0.36,35,7,0.0013116564143630261,0.37142857142857144,1.0858157144550487,-0.02091737561527829,0.0009555890745184396,0.45,,
trend_pullback,0.5,0.03,0.03,0.75,0.65,2,75,-0.0023203421801333323,0.37333333333333335,35,7,0.0013116564143630261,0.37142857142857144,1.0858157144550487,-0.02091737561527829,0.0009555890745184396,0.45,,
trend_pullback,0.5,-0.03,0.0,0.75,0.65,2,75,-0.003862815226192966,0.3466666666666667,35,7,0.0013116564143630261,0.37142857142857144,1.0858157144550487,-0.02091737561527829,0.0009555890745184396,0.45,,
trend_pullback,0.5,-0.03,0.03,0.75,0.65,2,75,-0.003862815226192966,0.3466666666666667,35,7,0.0013116564143630261,0.37142857142857144,1.0858157144550487,-0.02091737561527829,0.0009555890745184396,0.45,,
trend_pullback,0.5,0.0,0.0,0.75,0.65,2,75,-0.0032684238941343285,0.36,35,7,0.0013116564143630261,0.37142857142857144,1.0858157144550487,-0.02091737561527829,0.0009555890745184396,0.45,,
trend_pullback,0.5,0.0,-0.03,0.75,0.65,2,75,-0.0032684238941343285,0.36,35,7,0.0013116564143630261,0.37142857142857144,1.0858157144550487,-0.02091737561527829,0.0009555890745184396,0.45,,
trend_pullback,0.5,-0.03,-0.03,0.75,0.65,2,75,-0.003862815226192966,0.3466666666666667,35,7,0.0013116564143630261,0.37142857142857144,1.0858157144550487,-0.02091737561527829,0.0009555890745184396,0.45,,
volume_breakout,0.3,0.0,0.03,0.75,0.35,1,90,0.0052114521039409245,0.5222222222222223,89,18,0.0020479784178655093,0.39325842696629215,1.144774299406632,-0.04676475204195141,0.0009312294314586253,,0.0,0.8
volume_breakout,0.3,0.0,0.0,0.75,0.65,1,90,0.0052114521039409245,0.5222222222222223,89,18,0.0020479784178655093,0.39325842696629215,1.144774299406632,-0.04676475204195141,0.0009312294314586253,,0.0,0.8
volume_breakout,0.3,0.0,0.0,0.75,0.5,1,90,0.0052114521039409245,0.5222222222222223,89,18,0.0020479784178655093,0.39325842696629215,1.144774299406632,-0.04676475204195141,0.0009312294314586253,,0.0,0.8
volume_breakout,0.3,0.0,0.0,0.75,0.35,1,90,0.0052114521039409245,0.5222222222222223,89,18,0.0020479784178655093,0.39325842696629215,1.144774299406632,-0.04676475204195141,0.0009312294314586253,,0.0,0.8
volume_breakout,0.3,0.0,-0.03,0.75,0.35,1,90,0.0052114521039409245,0.5222222222222223,89,18,0.0020479784178655093,0.39325842696629215,1.144774299406632,-0.04676475204195141,0.0009312294314586253,,0.0,0.8
volume_breakout,0.3,0.0,-0.03,0.75,0.65,1,90,0.0052114521039409245,0.5222222222222223,89,18,0.0020479784178655093,0.39325842696629215,1.144774299406632,-0.04676475204195141,0.0009312294314586253,,0.0,0.8
volume_breakout,0.3,0.0,0.03,0.75,0.65,1,90,0.0052114521039409245,0.5222222222222223,89,18,0.0020479784178655093,0.39325842696629215,1.144774299406632,-0.04676475204195141,0.0009312294314586253,,0.0,0.8
volume_breakout,0.3,0.0,0.03,0.75,0.5,1,90,0.0052114521039409245,0.5222222222222223,89,18,0.0020479784178655093,0.39325842696629215,1.144774299406632,-0.04676475204195141,0.0009312294314586253,,0.0,0.8
volume_breakout,0.3,0.0,-0.03,0.75,0.5,1,90,0.0052114521039409245,0.5222222222222223,89,18,0.0020479784178655093,0.39325842696629215,1.144774299406632,-0.04676475204195141,0.0009312294314586253,,0.0,0.8
trend_pullback,0.4,0.0,0.03,0.75,0.65,3,80,-0.002629027673016893,0.4,53,11,0.001921584601327647,0.39622641509433965,1.106680840150886,-0.05776136473600002,0.00046541386928536767,0.45,,
trend_pullback,0.4,0.0,0.0,0.75,0.65,3,80,-0.002629027673016893,0.4,53,11,0.001921584601327647,0.39622641509433965,1.106680840150886,-0.05776136473600002,0.00046541386928536767,0.45,,
trend_pullback,0.4,0.0,-0.03,0.75,0.65,3,80,-0.002629027673016893,0.4,53,11,0.001921584601327647,0.39622641509433965,1.106680840150886,-0.05776136473600002,0.00046541386928536767,0.45,,
volume_breakout,0.4,0.03,0.03,1.0,0.35,3,80,0.0011082242819581804,0.4,54,11,0.0007456790123456831,0.37037037037037035,1.0374782824522215,-0.01978144000000015,0.00041160538295873406,,-0.05,0.8
volume_breakout,0.4,0.03,0.0,1.0,0.65,3,80,0.0011082242819581804,0.4,54,11,0.0007456790123456831,0.37037037037037035,1.0374782824522215,-0.01978144000000015,0.00041160538295873406,,-0.05,0.8
volume_breakout,0.4,0.03,0.03,1.0,0.5,3,80,0.0011082242819581804,0.4,54,11,0.0007456790123456831,0.37037037037037035,1.0374782824522215,-0.01978144000000015,0.00041160538295873406,,-0.05,0.8
volume_breakout,0.4,0.03,0.0,1.0,0.35,3,80,0.0011082242819581804,0.4,54,11,0.0007456790123456831,0.37037037037037035,1.0374782824522215,-0.01978144000000015,0.00041160538295873406,,-0.05,0.8
volume_breakout,0.4,0.03,-0.03,1.0,0.65,3,80,0.0011082242819581804,0.4,54,11,0.0007456790123456831,0.37037037037037035,1.0374782824522215,-0.01978144000000015,0.00041160538295873406,,-0.05,0.8
volume_breakout,0.4,0.03,-0.03,1.0,0.35,3,80,0.0011082242819581804,0.4,54,11,0.0007456790123456831,0.37037037037037035,1.0374782824522215,-0.01978144000000015,0.00041160538295873406,,-0.05,0.8
volume_breakout,0.4,0.03,-0.03,1.0,0.5,3,80,0.0011082242819581804,0.4,54,11,0.0007456790123456831,0.37037037037037035,1.0374782824522215,-0.01978144000000015,0.00041160538295873406,,-0.05,0.8
volume_breakout,0.4,0.03,0.03,1.0,0.65,3,80,0.0011082242819581804,0.4,54,11,0.0007456790123456831,0.37037037037037035,1.0374782824522215,-0.01978144000000015,0.00041160538295873406,,-0.05,0.8
volume_breakout,0.4,0.03,0.0,1.0,0.5,3,80,0.0011082242819581804,0.4,54,11,0.0007456790123456831,0.37037037037037035,1.0374782824522215,-0.01978144000000015,0.00041160538295873406,,-0.05,0.8
volume_breakout,0.4,-0.03,-0.03,1.0,0.35,1,80,0.0009017395316445671,0.4125,55,11,0.0014164172049354914,0.36363636363636365,1.0870679847521898,-0.0431120662484199,0.000394822213670942,,0.0,0.8
volume_breakout,0.4,-0.03,0.0,1.0,0.35,1,80,0.0009017395316445671,0.4125,55,11,0.0014164172049354914,0.36363636363636365,1.0870679847521898,-0.0431120662484199,0.000394822213670942,,0.0,0.8
volume_breakout,0.4,-0.03,-0.03,1.0,0.35,1,80,0.0009017395316445671,0.4125,55,11,0.0014164172049354914,0.36363636363636365,1.0870679847521898,-0.0431120662484199,0.000394822213670942,,0.0,1.1
volume_breakout,0.4,-0.03,0.03,1.0,0.65,1,80,0.0009017395316445671,0.4125,55,11,0.0014164172049354914,0.36363636363636365,1.0870679847521898,-0.0431120662484199,0.000394822213670942,,0.0,0.8
volume_breakout,0.4,-0.03,0.0,1.0,0.5,1,80,0.0009017395316445671,0.4125,55,11,0.0014164172049354914,0.36363636363636365,1.0870679847521898,-0.0431120662484199,0.000394822213670942,,0.0,0.8
volume_breakout,0.4,-0.03,0.03,1.0,0.35,1,80,0.0009017395316445671,0.4125,55,11,0.0014164172049354914,0.36363636363636365,1.0870679847521898,-0.0431120662484199,0.000394822213670942,,0.0,0.8
volume_breakout,0.4,-0.03,0.03,1.0,0.65,1,80,0.0009017395316445671,0.4125,55,11,0.0014164172049354914,0.36363636363636365,1.0870679847521898,-0.0431120662484199,0.000394822213670942,,0.0,1.1
volume_breakout,0.4,-0.03,0.0,1.0,0.65,1,80,0.0009017395316445671,0.4125,55,11,0.0014164172049354914,0.36363636363636365,1.0870679847521898,-0.0431120662484199,0.000394822213670942,,0.0,1.1
volume_breakout,0.4,-0.03,0.03,1.0,0.35,1,80,0.0009017395316445671,0.4125,55,11,0.0014164172049354914,0.36363636363636365,1.0870679847521898,-0.0431120662484199,0.000394822213670942,,0.0,1.1
volume_breakout,0.4,-0.03,0.03,1.0,0.5,1,80,0.0009017395316445671,0.4125,55,11,0.0014164172049354914,0.36363636363636365,1.0870679847521898,-0.0431120662484199,0.000394822213670942,,0.0,0.8
volume_breakout,0.4,-0.03,0.03,1.0,0.5,1,80,0.0009017395316445671,0.4125,55,11,0.0014164172049354914,0.36363636363636365,1.0870679847521898,-0.0431120662484199,0.000394822213670942,,0.0,1.1
volume_breakout,0.4,-0.03,-0.03,1.0,0.65,1,80,0.0009017395316445671,0.4125,55,11,0.0014164172049354914,0.36363636363636365,1.0870679847521898,-0.0431120662484199,0.000394822213670942,,0.0,0.8
volume_breakout,0.4,-0.03,-0.03,1.0,0.65,1,80,0.0009017395316445671,0.4125,55,11,0.0014164172049354914,0.36363636363636365,1.0870679847521898,-0.0431120662484199,0.000394822213670942,,0.0,1.1
volume_breakout,0.4,-0.03,0.0,1.0,0.5,1,80,0.0009017395316445671,0.4125,55,11,0.0014164172049354914,0.36363636363636365,1.0870679847521898,-0.0431120662484199,0.000394822213670942,,0.0,1.1
volume_breakout,0.4,-0.03,0.0,1.0,0.65,1,80,0.0009017395316445671,0.4125,55,11,0.0014164172049354914,0.36363636363636365,1.0870679847521898,-0.0431120662484199,0.000394822213670942,,0.0,0.8
volume_breakout,0.4,-0.03,0.0,1.0,0.35,1,80,0.0009017395316445671,0.4125,55,11,0.0014164172049354914,0.36363636363636365,1.0870679847521898,-0.0431120662484199,0.000394822213670942,,0.0,1.1
volume_breakout,0.4,-0.03,-0.03,1.0,0.5,1,80,0.0009017395316445671,0.4125,55,11,0.0014164172049354914,0.36363636363636365,1.0870679847521898,-0.0431120662484199,0.000394822213670942,,0.0,0.8
volume_breakout,0.4,-0.03,-0.03,1.0,0.5,1,80,0.0009017395316445671,0.4125,55,11,0.0014164172049354914,0.36363636363636365,1.0870679847521898,-0.0431120662484199,0.000394822213670942,,0.0,1.1
volume_breakout,0.4,0.03,0.03,1.0,0.65,1,80,0.0009017395316445671,0.4125,52,11,0.0012332481933091056,0.36538461538461536,1.075435918438066,-0.0431120662484199,0.00020874518546602511,,0.0,0.8
volume_breakout,0.4,0.03,0.03,1.0,0.5,1,80,0.0009017395316445671,0.4125,52,11,0.0012332481933091056,0.36538461538461536,1.075435918438066,-0.0431120662484199,0.00020874518546602511,,0.0,0.8
volume_breakout,0.4,0.03,0.0,1.0,0.65,1,80,0.0009017395316445671,0.4125,52,11,0.0012332481933091056,0.36538461538461536,1.075435918438066,-0.0431120662484199,0.00020874518546602511,,0.0,0.8
volume_breakout,0.4,0.03,-0.03,1.0,0.35,1,80,0.0009017395316445671,0.4125,52,11,0.0012332481933091056,0.36538461538461536,1.075435918438066,-0.0431120662484199,0.00020874518546602511,,0.0,0.8
volume_breakout,0.4,0.03,-0.03,1.0,0.5,1,80,0.0009017395316445671,0.4125,52,11,0.0012332481933091056,0.36538461538461536,1.075435918438066,-0.0431120662484199,0.00020874518546602511,,0.0,0.8
volume_breakout,0.4,0.03,0.03,1.0,0.35,1,80,0.0009017395316445671,0.4125,52,11,0.0012332481933091056,0.36538461538461536,1.075435918438066,-0.0431120662484199,0.00020874518546602511,,0.0,0.8
volume_breakout,0.4,0.03,-0.03,1.0,0.65,1,80,0.0009017395316445671,0.4125,52,11,0.0012332481933091056,0.36538461538461536,1.075435918438066,-0.0431120662484199,0.00020874518546602511,,0.0,0.8
volume_breakout,0.4,0.03,0.0,1.0,0.35,1,80,0.0009017395316445671,0.4125,52,11,0.0012332481933091056,0.36538461538461536,1.075435918438066,-0.0431120662484199,0.00020874518546602511,,0.0,0.8
volume_breakout,0.4,0.03,0.0,1.0,0.5,1,80,0.0009017395316445671,0.4125,52,11,0.0012332481933091056,0.36538461538461536,1.075435918438066,-0.0431120662484199,0.00020874518546602511,,0.0,0.8
volume_breakout,0.4,0.03,-0.03,0.75,0.65,3,80,0.005809121802552082,0.4375,51,11,0.0013099814738646606,0.39215686274509803,1.069754480887584,-0.04640631280488006,0.00018523070994015504,,0.0,0.8
volume_breakout,0.4,0.03,-0.03,0.75,0.35,3,80,0.005809121802552082,0.4375,51,11,0.0013099814738646606,0.39215686274509803,1.069754480887584,-0.04640631280488006,0.00018523070994015504,,0.0,0.8
volume_breakout,0.4,0.03,0.0,0.75,0.65,3,80,0.005809121802552082,0.4375,51,11,0.0013099814738646606,0.39215686274509803,1.069754480887584,-0.04640631280488006,0.00018523070994015504,,0.0,0.8
volume_breakout,0.4,0.03,0.0,0.75,0.65,3,80,0.005809121802552082,0.4375,51,11,0.0013099814738646606,0.39215686274509803,1.069754480887584,-0.04640631280488006,0.00018523070994015504,,0.0,1.1
volume_breakout,0.4,0.03,-0.03,0.75,0.5,3,80,0.005809121802552082,0.4375,51,11,0.0013099814738646606,0.39215686274509803,1.069754480887584,-0.04640631280488006,0.00018523070994015504,,0.0,1.1
volume_breakout,0.4,0.03,-0.03,0.75,0.5,3,80,0.005809121802552082,0.4375,51,11,0.0013099814738646606,0.39215686274509803,1.069754480887584,-0.04640631280488006,0.00018523070994015504,,0.0,0.8
volume_breakout,0.4,0.03,0.0,0.75,0.35,3,80,0.005809121802552082,0.4375,51,11,0.0013099814738646606,0.39215686274509803,1.069754480887584,-0.04640631280488006,0.00018523070994015504,,0.0,1.1
volume_breakout,0.4,0.03,0.0,0.75,0.5,3,80,0.005809121802552082,0.4375,51,11,0.0013099814738646606,0.39215686274509803,1.069754480887584,-0.04640631280488006,0.00018523070994015504,,0.0,1.1
volume_breakout,0.4,0.03,0.03,0.75,0.5,3,80,0.005809121802552082,0.4375,51,11,0.0013099814738646606,0.39215686274509803,1.069754480887584,-0.04640631280488006,0.00018523070994015504,,0.0,1.1
volume_breakout,0.4,0.03,0.0,0.75,0.5,3,80,0.005809121802552082,0.4375,51,11,0.0013099814738646606,0.39215686274509803,1.069754480887584,-0.04640631280488006,0.00018523070994015504,,0.0,0.8
volume_breakout,0.4,0.03,0.03,0.75,0.35,3,80,0.005809121802552082,0.4375,51,11,0.0013099814738646606,0.39215686274509803,1.069754480887584,-0.04640631280488006,0.00018523070994015504,,0.0,0.8
volume_breakout,0.4,0.03,0.03,0.75,0.65,3,80,0.005809121802552082,0.4375,51,11,0.0013099814738646606,0.39215686274509803,1.069754480887584,-0.04640631280488006,0.00018523070994015504,,0.0,0.8
volume_breakout,0.4,0.03,0.03,0.75,0.65,3,80,0.005809121802552082,0.4375,51,11,0.0013099814738646606,0.39215686274509803,1.069754480887584,-0.04640631280488006,0.00018523070994015504,,0.0,1.1
volume_breakout,0.4,0.03,0.03,0.75,0.35,3,80,0.005809121802552082,0.4375,51,11,0.0013099814738646606,0.39215686274509803,1.069754480887584,-0.04640631280488006,0.00018523070994015504,,0.0,1.1
volume_breakout,0.4,0.03,-0.03,0.75,0.35,3,80,0.005809121802552082,0.4375,51,11,0.0013099814738646606,0.39215686274509803,1.069754480887584,-0.04640631280488006,0.00018523070994015504,,0.0,1.1
volume_breakout,0.4,0.03,0.03,0.75,0.5,3,80,0.005809121802552082,0.4375,51,11,0.0013099814738646606,0.39215686274509803,1.069754480887584,-0.04640631280488006,0.00018523070994015504,,0.0,0.8
volume_breakout,0.4,0.03,-0.03,0.75,0.65,3,80,0.005809121802552082,0.4375,51,11,0.0013099814738646606,0.39215686274509803,1.069754480887584,-0.04640631280488006,0.00018523070994015504,,0.0,1.1
volume_breakout,0.4,0.03,0.0,0.75,0.35,3,80,0.005809121802552082,0.4375,51,11,0.0013099814738646606,0.39215686274509803,1.069754480887584,-0.04640631280488006,0.00018523070994015504,,0.0,0.8
volume_breakout,0.3,0.0,-0.03,0.75,0.65,2,90,0.005757360435699937,0.4777777777777778,88,18,0.0019287674990933047,0.375,1.1068162286992174,-0.06782553532417512,0.00017070549654285517,,0.0,1.1
volume_breakout,0.3,0.0,0.03,0.75,0.5,2,90,0.005757360435699937,0.4777777777777778,88,18,0.0019287674990933047,0.375,1.1068162286992174,-0.06782553532417512,0.00017070549654285517,,0.0,1.1
volume_breakout,0.3,0.0,-0.03,0.75,0.35,2,90,0.005757360435699937,0.4777777777777778,88,18,0.0019287674990933047,0.375,1.1068162286992174,-0.06782553532417512,0.00017070549654285517,,0.0,1.1
volume_breakout,0.3,0.0,0.0,0.75,0.35,2,90,0.005757360435699937,0.4777777777777778,88,18,0.0019287674990933047,0.375,1.1068162286992174,-0.06782553532417512,0.00017070549654285517,,0.0,1.1
volume_breakout,0.3,0.0,0.03,0.75,0.65,2,90,0.005757360435699937,0.4777777777777778,88,18,0.0019287674990933047,0.375,1.1068162286992174,-0.06782553532417512,0.00017070549654285517,,0.0,1.1
volume_breakout,0.3,0.0,0.0,0.75,0.5,2,90,0.005757360435699937,0.4777777777777778,88,18,0.0019287674990933047,0.375,1.1068162286992174,-0.06782553532417512,0.00017070549654285517,,0.0,1.1
volume_breakout,0.3,0.0,0.03,0.75,0.35,2,90,0.005757360435699937,0.4777777777777778,88,18,0.0019287674990933047,0.375,1.1068162286992174,-0.06782553532417512,0.00017070549654285517,,0.0,1.1
volume_breakout,0.3,0.0,0.0,0.75,0.65,2,90,0.005757360435699937,0.4777777777777778,88,18,0.0019287674990933047,0.375,1.1068162286992174,-0.06782553532417512,0.00017070549654285517,,0.0,1.1
volume_breakout,0.3,0.0,-0.03,0.75,0.5,2,90,0.005757360435699937,0.4777777777777778,88,18,0.0019287674990933047,0.375,1.1068162286992174,-0.06782553532417512,0.00017070549654285517,,0.0,1.1
volume_breakout,0.3,0.0,-0.03,0.75,0.5,2,90,0.005757360435699937,0.4777777777777778,89,18,0.0018101508704540645,0.3707865168539326,1.1008388026078428,-0.06782553532417512,5.059451138077122e-05,,0.0,0.8
volume_breakout,0.3,0.0,-0.03,0.75,0.65,2,90,0.005757360435699937,0.4777777777777778,89,18,0.0018101508704540645,0.3707865168539326,1.1008388026078428,-0.06782553532417512,5.059451138077122e-05,,0.0,0.8
volume_breakout,0.3,0.0,0.0,0.75,0.5,2,90,0.005757360435699937,0.4777777777777778,89,18,0.0018101508704540645,0.3707865168539326,1.1008388026078428,-0.06782553532417512,5.059451138077122e-05,,0.0,0.8
volume_breakout,0.3,0.0,0.03,0.75,0.35,2,90,0.005757360435699937,0.4777777777777778,89,18,0.0018101508704540645,0.3707865168539326,1.1008388026078428,-0.06782553532417512,5.059451138077122e-05,,0.0,0.8
volume_breakout,0.3,0.0,-0.03,0.75,0.35,2,90,0.005757360435699937,0.4777777777777778,89,18,0.0018101508704540645,0.3707865168539326,1.1008388026078428,-0.06782553532417512,5.059451138077122e-05,,0.0,0.8
volume_breakout,0.3,0.0,0.03,0.75,0.5,2,90,0.005757360435699937,0.4777777777777778,89,18,0.0018101508704540645,0.3707865168539326,1.1008388026078428,-0.06782553532417512,5.059451138077122e-05,,0.0,0.8
volume_breakout,0.3,0.0,0.0,0.75,0.35,2,90,0.005757360435699937,0.4777777777777778,89,18,0.0018101508704540645,0.3707865168539326,1.1008388026078428,-0.06782553532417512,5.059451138077122e-05,,0.0,0.8
volume_breakout,0.3,0.0,0.03,0.75,0.65,2,90,0.005757360435699937,0.4777777777777778,89,18,0.0018101508704540645,0.3707865168539326,1.1008388026078428,-0.06782553532417512,5.059451138077122e-05,,0.0,0.8
volume_breakout,0.3,0.0,0.0,0.75,0.65,2,90,0.005757360435699937,0.4777777777777778,89,18,0.0018101508704540645,0.3707865168539326,1.1008388026078428,-0.06782553532417512,5.059451138077122e-05,,0.0,0.8
volume_breakout,0.5,0.03,0.0,1.0,0.35,3,75,0.0008887725674220581,0.4,35,7,0.00030476190476190094,0.37142857142857144,1.0153433064825461,-0.01978144000000015,-3.4845468617466916e-05,,-0.05,1.1
volume_breakout,0.5,0.03,0.03,1.0,0.35,3,75,0.0008887725674220581,0.4,35,7,0.00030476190476190094,0.37142857142857144,1.0153433064825461,-0.01978144000000015,-3.4845468617466916e-05,,-0.05,1.1
volume_breakout,0.5,0.03,0.0,1.0,0.65,3,75,0.0008887725674220581,0.4,35,7,0.00030476190476190094,0.37142857142857144,1.0153433064825461,-0.01978144000000015,-3.4845468617466916e-05,,-0.05,0.8
volume_breakout,0.5,0.03,0.0,1.0,0.35,3,75,0.0008887725674220581,0.4,35,7,0.00030476190476190094,0.37142857142857144,1.0153433064825461,-0.01978144000000015,-3.4845468617466916e-05,,-0.05,0.8
volume_breakout,0.5,0.03,0.03,1.0,0.65,3,75,0.0008887725674220581,0.4,35,7,0.00030476190476190094,0.37142857142857144,1.0153433064825461,-0.01978144000000015,-3.4845468617466916e-05,,-0.05,1.1
volume_breakout,0.5,-0.03,-0.03,1.0,0.35,3,75,0.0008887725674220581,0.4,35,7,0.00030476190476190094,0.37142857142857144,1.0153433064825461,-0.01978144000000015,-3.4845468617466916e-05,,-0.05,0.8
volume_breakout,0.5,0.0,0.03,1.0,0.35,3,75,0.0008887725674220581,0.4,35,7,0.00030476190476190094,0.37142857142857144,1.0153433064825461,-0.01978144000000015,-3.4845468617466916e-05,,-0.05,0.8
volume_breakout,0.5,0.0,0.03,1.0,0.35,3,75,0.0008887725674220581,0.4,35,7,0.00030476190476190094,0.37142857142857144,1.0153433064825461,-0.01978144000000015,-3.4845468617466916e-05,,-0.05,1.1
volume_breakout,0.5,0.0,0.03,1.0,0.5,3,75,0.0008887725674220581,0.4,35,7,0.00030476190476190094,0.37142857142857144,1.0153433064825461,-0.01978144000000015,-3.4845468617466916e-05,,-0.05,0.8
volume_breakout,0.5,-0.03,0.0,1.0,0.5,3,75,0.0008887725674220581,0.4,35,7,0.00030476190476190094,0.37142857142857144,1.0153433064825461,-0.01978144000000015,-3.4845468617466916e-05,,-0.05,1.1
volume_breakout,0.5,-0.03,0.0,1.0,0.65,3,75,0.0008887725674220581,0.4,35,7,0.00030476190476190094,0.37142857142857144,1.0153433064825461,-0.01978144000000015,-3.4845468617466916e-05,,-0.05,0.8
volume_breakout,0.5,-0.03,0.0,1.0,0.65,3,75,0.0008887725674220581,0.4,35,7,0.00030476190476190094,0.37142857142857144,1.0153433064825461,-0.01978144000000015,-3.4845468617466916e-05,,-0.05,1.1
volume_breakout,0.5,-0.03,-0.03,1.0,0.5,3,75,0.0008887725674220581,0.4,35,7,0.00030476190476190094,0.37142857142857144,1.0153433064825461,-0.01978144000000015,-3.4845468617466916e-05,,-0.05,0.8
volume_breakout,0.5,0.0,0.03,1.0,0.65,3,75,0.0008887725674220581,0.4,35,7,0.00030476190476190094,0.37142857142857144,1.0153433064825461,-0.01978144000000015,-3.4845468617466916e-05,,-0.05,0.8
volume_breakout,0.5,-0.03,-0.03,1.0,0.5,3,75,0.0008887725674220581,0.4,35,7,0.00030476190476190094,0.37142857142857144,1.0153433064825461,-0.01978144000000015,-3.4845468617466916e-05,,-0.05,1.1
volume_breakout,0.5,-0.03,-0.03,1.0,0.65,3,75,0.0008887725674220581,0.4,35,7,0.00030476190476190094,0.37142857142857144,1.0153433064825461,-0.01978144000000015,-3.4845468617466916e-05,,-0.05,0.8
volume_breakout,0.5,-0.03,-0.03,1.0,0.65,3,75,0.0008887725674220581,0.4,35,7,0.00030476190476190094,0.37142857142857144,1.0153433064825461,-0.01978144000000015,-3.4845468617466916e-05,,-0.05,1.1
volume_breakout,0.5,-0.03,0.0,1.0,0.5,3,75,0.0008887725674220581,0.4,35,7,0.00030476190476190094,0.37142857142857144,1.0153433064825461,-0.01978144000000015,-3.4845468617466916e-05,,-0.05,0.8
volume_breakout,0.5,-0.03,0.0,1.0,0.35,3,75,0.0008887725674220581,0.4,35,7,0.00030476190476190094,0.37142857142857144,1.0153433064825461,-0.01978144000000015,-3.4845468617466916e-05,,-0.05,0.8
volume_breakout,0.5,-0.03,0.0,1.0,0.35,3,75,0.0008887725674220581,0.4,35,7,0.00030476190476190094,0.37142857142857144,1.0153433064825461,-0.01978144000000015,-3.4845468617466916e-05,,-0.05,1.1
volume_breakout,0.5,0.0,0.03,1.0,0.5,3,75,0.0008887725674220581,0.4,35,7,0.00030476190476190094,0.37142857142857144,1.0153433064825461,-0.01978144000000015,-3.4845468617466916e-05,,-0.05,1.1
volume_breakout,0.5,0.03,-0.03,1.0,0.65,3,75,0.0008887725674220581,0.4,35,7,0.00030476190476190094,0.37142857142857144,1.0153433064825461,-0.01978144000000015,-3.4845468617466916e-05,,-0.05,0.8
volume_breakout,0.5,0.0,0.0,1.0,0.5,3,75,0.0008887725674220581,0.4,35,7,0.00030476190476190094,0.37142857142857144,1.0153433064825461,-0.01978144000000015,-3.4845468617466916e-05,,-0.05,0.8
volume_breakout,0.5,0.0,0.0,1.0,0.35,3,75,0.0008887725674220581,0.4,35,7,0.00030476190476190094,0.37142857142857144,1.0153433064825461,-0.01978144000000015,-3.4845468617466916e-05,,-0.05,1.1
volume_breakout,0.5,0.03,-0.03,1.0,0.5,3,75,0.0008887725674220581,0.4,35,7,0.00030476190476190094,0.37142857142857144,1.0153433064825461,-0.01978144000000015,-3.4845468617466916e-05,,-0.05,0.8
volume_breakout,0.5,0.0,0.0,1.0,0.65,3,75,0.0008887725674220581,0.4,35,7,0.00030476190476190094,0.37142857142857144,1.0153433064825461,-0.01978144000000015,-3.4845468617466916e-05,,-0.05,0.8
volume_breakout,0.5,0.0,0.03,1.0,0.65,3,75,0.0008887725674220581,0.4,35,7,0.00030476190476190094,0.37142857142857144,1.0153433064825461,-0.01978144000000015,-3.4845468617466916e-05,,-0.05,1.1
volume_breakout,0.5,0.0,0.0,1.0,0.65,3,75,0.0008887725674220581,0.4,35,7,0.00030476190476190094,0.37142857142857144,1.0153433064825461,-0.01978144000000015,-3.4845468617466916e-05,,-0.05,1.1
volume_breakout,0.5,0.0,0.0,1.0,0.5,3,75,0.0008887725674220581,0.4,35,7,0.00030476190476190094,0.37142857142857144,1.0153433064825461,-0.01978144000000015,-3.4845468617466916e-05,,-0.05,1.1
volume_breakout,0.5,-0.03,0.03,1.0,0.65,3,75,0.0008887725674220581,0.4,35,7,0.00030476190476190094,0.37142857142857144,1.0153433064825461,-0.01978144000000015,-3.4845468617466916e-05,,-0.05,0.8
volume_breakout,0.5,-0.03,0.03,1.0,0.5,3,75,0.0008887725674220581,0.4,35,7,0.00030476190476190094,0.37142857142857144,1.0153433064825461,-0.01978144000000015,-3.4845468617466916e-05,,-0.05,1.1
volume_breakout,0.5,-0.03,0.03,1.0,0.65,3,75,0.0008887725674220581,0.4,35,7,0.00030476190476190094,0.37142857142857144,1.0153433064825461,-0.01978144000000015,-3.4845468617466916e-05,,-0.05,1.1
volume_breakout,0.5,0.0,-0.03,1.0,0.65,3,75,0.0008887725674220581,0.4,35,7,0.00030476190476190094,0.37142857142857144,1.0153433064825461,-0.01978144000000015,-3.4845468617466916e-05,,-0.05,0.8
volume_breakout,0.5,0.0,-0.03,1.0,0.5,3,75,0.0008887725674220581,0.4,35,7,0.00030476190476190094,0.37142857142857144,1.0153433064825461,-0.01978144000000015,-3.4845468617466916e-05,,-0.05,1.1
volume_breakout,0.5,0.0,-0.03,1.0,0.65,3,75,0.0008887725674220581,0.4,35,7,0.00030476190476190094,0.37142857142857144,1.0153433064825461,-0.01978144000000015,-3.4845468617466916e-05,,-0.05,1.1
volume_breakout,0.5,0.03,-0.03,1.0,0.35,3,75,0.0008887725674220581,0.4,35,7,0.00030476190476190094,0.37142857142857144,1.0153433064825461,-0.01978144000000015,-3.4845468617466916e-05,,-0.05,0.8
volume_breakout,0.5,0.03,-0.03,1.0,0.35,3,75,0.0008887725674220581,0.4,35,7,0.00030476190476190094,0.37142857142857144,1.0153433064825461,-0.01978144000000015,-3.4845468617466916e-05,,-0.05,1.1
volume_breakout,0.5,0.03,-0.03,1.0,0.65,3,75,0.0008887725674220581,0.4,35,7,0.00030476190476190094,0.37142857142857144,1.0153433064825461,-0.01978144000000015,-3.4845468617466916e-05,,-0.05,1.1
volume_breakout,0.5,0.0,-0.03,1.0,0.35,3,75,0.0008887725674220581,0.4,35,7,0.00030476190476190094,0.37142857142857144,1.0153433064825461,-0.01978144000000015,-3.4845468617466916e-05,,-0.05,0.8
volume_breakout,0.5,0.0,0.0,1.0,0.35,3,75,0.0008887725674220581,0.4,35,7,0.00030476190476190094,0.37142857142857144,1.0153433064825461,-0.01978144000000015,-3.4845468617466916e-05,,-0.05,0.8
volume_breakout,0.5,0.0,-0.03,1.0,0.5,3,75,0.0008887725674220581,0.4,35,7,0.00030476190476190094,0.37142857142857144,1.0153433064825461,-0.01978144000000015,-3.4845468617466916e-05,,-0.05,0.8
volume_breakout,0.5,0.03,0.0,1.0,0.5,3,75,0.0008887725674220581,0.4,35,7,0.00030476190476190094,0.37142857142857144,1.0153433064825461,-0.01978144000000015,-3.4845468617466916e-05,,-0.05,0.8
volume_breakout,0.5,0.03,0.03,1.0,0.5,3,75,0.0008887725674220581,0.4,35,7,0.00030476190476190094,0.37142857142857144,1.0153433064825461,-0.01978144000000015,-3.4845468617466916e-05,,-0.05,0.8
volume_breakout,0.5,0.03,0.03,1.0,0.35,3,75,0.0008887725674220581,0.4,35,7,0.00030476190476190094,0.37142857142857144,1.0153433064825461,-0.01978144000000015,-3.4845468617466916e-05,,-0.05,0.8
volume_breakout,0.5,0.03,0.03,1.0,0.5,3,75,0.0008887725674220581,0.4,35,7,0.00030476190476190094,0.37142857142857144,1.0153433064825461,-0.01978144000000015,-3.4845468617466916e-05,,-0.05,1.1
volume_breakout,0.5,0.03,0.03,1.0,0.65,3,75,0.0008887725674220581,0.4,35,7,0.00030476190476190094,0.37142857142857144,1.0153433064825461,-0.01978144000000015,-3.4845468617466916e-05,,-0.05,0.8
volume_breakout,0.5,0.03,-0.03,1.0,0.5,3,75,0.0008887725674220581,0.4,35,7,0.00030476190476190094,0.37142857142857144,1.0153433064825461,-0.01978144000000015,-3.4845468617466916e-05,,-0.05,1.1
volume_breakout,0.5,0.0,-0.03,1.0,0.35,3,75,0.0008887725674220581,0.4,35,7,0.00030476190476190094,0.37142857142857144,1.0153433064825461,-0.01978144000000015,-3.4845468617466916e-05,,-0.05,1.1
volume_breakout,0.5,-0.03,0.03,1.0,0.5,3,75,0.0008887725674220581,0.4,35,7,0.00030476190476190094,0.37142857142857144,1.0153433064825461,-0.01978144000000015,-3.4845468617466916e-05,,-0.05,0.8
volume_breakout,0.5,-0.03,-0.03,1.0,0.35,3,75,0.0008887725674220581,0.4,35,7,0.00030476190476190094,0.37142857142857144,1.0153433064825461,-0.01978144000000015,-3.4845468617466916e-05,,-0.05,1.1
volume_breakout,0.5,-0.03,0.03,1.0,0.35,3,75,0.0008887725674220581,0.4,35,7,0.00030476190476190094,0.37142857142857144,1.0153433064825461,-0.01978144000000015,-3.4845468617466916e-05,,-0.05,0.8
volume_breakout,0.5,-0.03,0.03,1.0,0.35,3,75,0.0008887725674220581,0.4,35,7,0.00030476190476190094,0.37142857142857144,1.0153433064825461,-0.01978144000000015,-3.4845468617466916e-05,,-0.05,1.1
volume_breakout,0.5,0.03,0.0,1.0,0.5,3,75,0.0008887725674220581,0.4,35,7,0.00030476190476190094,0.37142857142857144,1.0153433064825461,-0.01978144000000015,-3.4845468617466916e-05,,-0.05,1.1
volume_breakout,0.5,0.03,0.0,1.0,0.65,3,75,0.0008887725674220581,0.4,35,7,0.00030476190476190094,0.37142857142857144,1.0153433064825461,-0.01978144000000015,-3.4845468617466916e-05,,-0.05,1.1
trend_pullback,0.4,0.0,0.0,0.75,0.65,2,80,-0.0034392107502608828,0.3625,53,11,0.0005549715954064636,0.37735849056603776,1.033327473028712,-0.040755501226858115,-0.00040936157314210193,0.45,,
trend_pullback,0.4,0.0,0.03,0.75,0.65,2,80,-0.0034392107502608828,0.3625,53,11,0.0005549715954064636,0.37735849056603776,1.033327473028712,-0.040755501226858115,-0.00040936157314210193,0.45,,
trend_pullback,0.4,0.0,-0.03,0.75,0.65,2,80,-0.0034392107502608828,0.3625,53,11,0.0005549715954064636,0.37735849056603776,1.033327473028712,-0.040755501226858115,-0.00040936157314210193,0.45,,
trend_pullback,0.3,-0.03,0.03,1.0,0.65,1,90,0.0009147842185644819,0.43333333333333335,88,18,0.0006315284153101372,0.4090909090909091,1.0399515005823614,-0.04477024000000007,-0.0004515909095442745,0.45,,
trend_pullback,0.4,-0.03,-0.03,1.0,0.65,3,80,-0.0021009736417134358,0.35,55,11,4.201732573698486e-05,0.36363636363636365,1.002183993375848,-0.03159999999999996,-0.0006554366759190519,0.7,,
trend_pullback,0.4,-0.03,0.0,1.0,0.65,3,80,-0.0021009736417134358,0.35,55,11,4.201732573698486e-05,0.36363636363636365,1.002183993375848,-0.03159999999999996,-0.0006554366759190519,0.7,,
trend_pullback,0.4,-0.03,0.03,1.0,0.65,3,80,-0.0021009736417134358,0.35,55,11,4.201732573698486e-05,0.36363636363636365,1.002183993375848,-0.03159999999999996,-0.0006554366759190519,0.7,,
trend_pullback,0.4,-0.03,0.03,1.0,0.65,3,80,-0.0010719959599279766,0.3625,55,11,4.201732573698486e-05,0.36363636363636365,1.002183993375848,-0.03159999999999996,-0.0006554366759190519,0.45,,
trend_pullback,0.4,-0.03,0.0,1.0,0.65,3,80,-0.0010719959599279766,0.3625,55,11,4.201732573698486e-05,0.36363636363636365,1.002183993375848,-0.03159999999999996,-0.0006554366759190519,0.45,,
trend_pullback,0.4,-0.03,-0.03,1.0,0.65,3,80,-0.0010719959599279766,0.3625,55,11,4.201732573698486e-05,0.36363636363636365,1.002183993375848,-0.03159999999999996,-0.0006554366759190519,0.45,,
volume_breakout,0.3,0.03,-0.03,1.0,0.65,1,90,-0.00015766801903635251,0.4111111111111111,87,18,4.710967569315022e-05,0.367816091954023,1.0027099778347504,-0.032748926112897925,-0.0006846806132350999,,-0.05,1.1
volume_breakout,0.3,0.03,0.0,1.0,0.65,1,90,-0.00015766801903635251,0.4111111111111111,87,18,4.710967569315022e-05,0.367816091954023,1.0027099778347504,-0.032748926112897925,-0.0006846806132350999,,-0.05,1.1
volume_breakout,0.3,0.03,0.03,1.0,0.5,1,90,-0.00015766801903635251,0.4111111111111111,87,18,4.710967569315022e-05,0.367816091954023,1.0027099778347504,-0.032748926112897925,-0.0006846806132350999,,-0.05,1.1
volume_breakout,0.3,0.03,-0.03,1.0,0.5,1,90,-0.00015766801903635251,0.4111111111111111,87,18,4.710967569315022e-05,0.367816091954023,1.0027099778347504,-0.032748926112897925,-0.0006846806132350999,,-0.05,1.1
volume_breakout,0.3,0.03,-0.03,1.0,0.35,1,90,-0.00015766801903635251,0.4111111111111111,87,18,4.710967569315022e-05,0.367816091954023,1.0027099778347504,-0.032748926112897925,-0.0006846806132350999,,-0.05,1.1
volume_breakout,0.3,0.03,0.0,1.0,0.5,1,90,-0.00015766801903635251,0.4111111111111111,87,18,4.710967569315022e-05,0.367816091954023,1.0027099778347504,-0.032748926112897925,-0.0006846806132350999,,-0.05,1.1
volume_breakout,0.3,0.03,0.0,1.0,0.35,1,90,-0.00015766801903635251,0.4111111111111111,87,18,4.710967569315022e-05,0.367816091954023,1.0027099778347504,-0.032748926112897925,-0.0006846806132350999,,-0.05,1.1
volume_breakout,0.3,0.03,0.03,1.0,0.65,1,90,-0.00015766801903635251,0.4111111111111111,87,18,4.710967569315022e-05,0.367816091954023,1.0027099778347504,-0.032748926112897925,-0.0006846806132350999,,-0.05,1.1
volume_breakout,0.3,0.03,0.03,1.0,0.35,1,90,-0.00015766801903635251,0.4111111111111111,87,18,4.710967569315022e-05,0.367816091954023,1.0027099778347504,-0.032748926112897925,-0.0006846806132350999,,-0.05,1.1
volume_breakout,0.4,0.03,0.0,1.0,0.35,3,80,0.003244997799571102,0.425,52,11,0.0002589743589743622,0.36538461538461536,1.0129139496228103,-0.042384624988033304,-0.0007593359032609342,,0.0,0.8
volume_breakout,0.4,0.03,0.0,1.0,0.65,3,80,0.003244997799571102,0.425,52,11,0.0002589743589743622,0.36538461538461536,1.0129139496228103,-0.042384624988033304,-0.0007593359032609342,,0.0,0.8
volume_breakout,0.4,0.03,0.03,1.0,0.35,3,80,0.003244997799571102,0.425,52,11,0.0002589743589743622,0.36538461538461536,1.0129139496228103,-0.042384624988033304,-0.0007593359032609342,,0.0,0.8
volume_breakout,0.4,0.03,0.03,1.0,0.65,3,80,0.003244997799571102,0.425,52,11,0.0002589743589743622,0.36538461538461536,1.0129139496228103,-0.042384624988033304,-0.0007593359032609342,,0.0,0.8
volume_breakout,0.4,0.03,-0.03,1.0,0.35,3,80,0.003244997799571102,0.425,52,11,0.0002589743589743622,0.36538461538461536,1.0129139496228103,-0.042384624988033304,-0.0007593359032609342,,0.0,0.8
volume_breakout,0.4,0.03,-0.03,1.0,0.5,3,80,0.003244997799571102,0.425,52,11,0.0002589743589743622,0.36538461538461536,1.0129139496228103,-0.042384624988033304,-0.0007593359032609342,,0.0,0.8
volume_breakout,0.4,0.03,0.0,1.0,0.5,3,80,0.003244997799571102,0.425,52,11,0.0002589743589743622,0.36538461538461536,1.0129139496228103,-0.042384624988033304,-0.0007593359032609342,,0.0,0.8
volume_breakout,0.4,0.03,0.03,1.0,0.5,3,80,0.003244997799571102,0.425,52,11,0.0002589743589743622,0.36538461538461536,1.0129139496228103,-0.042384624988033304,-0.0007593359032609342,,0.0,0.8
volume_breakout,0.4,0.03,-0.03,1.0,0.65,3,80,0.003244997799571102,0.425,52,11,0.0002589743589743622,0.36538461538461536,1.0129139496228103,-0.042384624988033304,-0.0007593359032609342,,0.0,0.8
trend_pullback,0.4,-0.03,-0.03,0.75,0.65,3,80,-0.0029831146711048464,0.4,55,11,0.0007026178885520954,0.38181818181818183,1.037965894135073,-0.05776136473600002,-0.000770731579994137,0.45,,
trend_pullback,0.4,-0.03,0.0,0.75,0.65,3,80,-0.0029831146711048464,0.4,55,11,0.0007026178885520954,0.38181818181818183,1.037965894135073,-0.05776136473600002,-0.000770731579994137,0.45,,
trend_pullback,0.4,-0.03,0.03,0.75,0.65,3,80,-0.0029831146711048464,0.4,55,11,0.0007026178885520954,0.38181818181818183,1.037965894135073,-0.05776136473600002,-0.000770731579994137,0.45,,
volume_breakout,0.5,0.03,-0.03,0.75,0.65,3,75,0.005903063256055554,0.44,35,7,0.0003023840596593949,0.4,1.015948526353343,-0.04640631280488006,-0.0008358181928986709,,0.0,0.8
volume_breakout,0.5,0.03,-0.03,0.75,0.35,3,75,0.005903063256055554,0.44,35,7,0.0003023840596593949,0.4,1.015948526353343,-0.04640631280488006,-0.0008358181928986709,,0.0,1.1
volume_breakout,0.5,0.03,0.03,0.75,0.5,3,75,0.005903063256055554,0.44,35,7,0.0003023840596593949,0.4,1.015948526353343,-0.04640631280488006,-0.0008358181928986709,,0.0,1.1
volume_breakout,0.5,0.03,-0.03,0.75,0.5,3,75,0.005903063256055554,0.44,35,7,0.0003023840596593949,0.4,1.015948526353343,-0.04640631280488006,-0.0008358181928986709,,0.0,1.1
volume_breakout,0.5,0.03,0.0,0.75,0.35,3,75,0.005903063256055554,0.44,35,7,0.0003023840596593949,0.4,1.015948526353343,-0.04640631280488006,-0.0008358181928986709,,0.0,1.1
volume_breakout,0.5,0.03,0.0,0.75,0.65,3,75,0.005903063256055554,0.44,35,7,0.0003023840596593949,0.4,1.015948526353343,-0.04640631280488006,-0.0008358181928986709,,0.0,0.8
volume_breakout,0.5,0.03,0.03,0.75,0.35,3,75,0.005903063256055554,0.44,35,7,0.0003023840596593949,0.4,1.015948526353343,-0.04640631280488006,-0.0008358181928986709,,0.0,0.8
volume_breakout,0.5,0.03,0.03,0.75,0.5,3,75,0.005903063256055554,0.44,35,7,0.0003023840596593949,0.4,1.015948526353343,-0.04640631280488006,-0.0008358181928986709,,0.0,0.8
volume_breakout,0.5,0.03,0.0,0.75,0.35,3,75,0.005903063256055554,0.44,35,7,0.0003023840596593949,0.4,1.015948526353343,-0.04640631280488006,-0.0008358181928986709,,0.0,0.8
volume_breakout,0.5,0.03,0.0,0.75,0.5,3,75,0.005903063256055554,0.44,35,7,0.0003023840596593949,0.4,1.015948526353343,-0.04640631280488006,-0.0008358181928986709,,0.0,0.8
volume_breakout,0.5,0.03,0.0,0.75,0.5,3,75,0.005903063256055554,0.44,35,7,0.0003023840596593949,0.4,1.015948526353343,-0.04640631280488006,-0.0008358181928986709,,0.0,1.1
volume_breakout,0.5,0.03,0.03,0.75,0.35,3,75,0.005903063256055554,0.44,35,7,0.0003023840596593949,0.4,1.015948526353343,-0.04640631280488006,-0.0008358181928986709,,0.0,1.1
volume_breakout,0.5,0.03,0.0,0.75,0.65,3,75,0.005903063256055554,0.44,35,7,0.0003023840596593949,0.4,1.015948526353343,-0.04640631280488006,-0.0008358181928986709,,0.0,1.1
volume_breakout,0.5,0.03,0.03,0.75,0.65,3,75,0.005903063256055554,0.44,35,7,0.0003023840596593949,0.4,1.015948526353343,-0.04640631280488006,-0.0008358181928986709,,0.0,0.8
volume_breakout,0.5,0.03,-0.03,0.75,0.5,3,75,0.005903063256055554,0.44,35,7,0.0003023840596593949,0.4,1.015948526353343,-0.04640631280488006,-0.0008358181928986709,,0.0,0.8
volume_breakout,0.5,0.03,-0.03,0.75,0.35,3,75,0.005903063256055554,0.44,35,7,0.0003023840596593949,0.4,1.015948526353343,-0.04640631280488006,-0.0008358181928986709,,0.0,0.8
volume_breakout,0.5,0.03,0.03,0.75,0.65,3,75,0.005903063256055554,0.44,35,7,0.0003023840596593949,0.4,1.015948526353343,-0.04640631280488006,-0.0008358181928986709,,0.0,1.1
volume_breakout,0.5,0.03,-0.03,0.75,0.65,3,75,0.005903063256055554,0.44,35,7,0.0003023840596593949,0.4,1.015948526353343,-0.04640631280488006,-0.0008358181928986709,,0.0,1.1
trend_pullback,0.3,0.0,0.0,1.0,0.65,1,90,0.00035318716051351993,0.43333333333333335,86,18,0.00016283700175599117,0.4069767441860465,1.010070178743242,-0.041716850676156714,-0.0008361509738428997,0.45,,
trend_pullback,0.3,0.0,-0.03,1.0,0.65,1,90,0.00035318716051351993,0.43333333333333335,86,18,0.00016283700175599117,0.4069767441860465,1.010070178743242,-0.041716850676156714,-0.0008361509738428997,0.45,,
volume_breakout,0.4,0.03,-0.03,0.75,0.5,1,80,0.003956129544809098,0.5125,51,11,0.00029265978636262624,0.35294117647058826,1.0207193509608188,-0.046286965182920525,-0.0008407693313847847,,0.0,0.8
volume_breakout,0.4,0.03,0.03,0.75,0.5,1,80,0.003956129544809098,0.5125,51,11,0.00029265978636262624,0.35294117647058826,1.0207193509608188,-0.046286965182920525,-0.0008407693313847847,,0.0,0.8
volume_breakout,0.4,0.03,0.03,0.75,0.65,1,80,0.003956129544809098,0.5125,51,11,0.00029265978636262624,0.35294117647058826,1.0207193509608188,-0.046286965182920525,-0.0008407693313847847,,0.0,0.8
volume_breakout,0.4,0.03,0.03,0.75,0.65,1,80,0.003956129544809098,0.5125,51,11,0.00029265978636262624,0.35294117647058826,1.0207193509608188,-0.046286965182920525,-0.0008407693313847847,,0.0,1.1
volume_breakout,0.4,0.03,0.0,0.75,0.65,1,80,0.003956129544809098,0.5125,51,11,0.00029265978636262624,0.35294117647058826,1.0207193509608188,-0.046286965182920525,-0.0008407693313847847,,0.0,1.1
volume_breakout,0.4,0.03,0.03,0.75,0.35,1,80,0.003956129544809098,0.5125,51,11,0.00029265978636262624,0.35294117647058826,1.0207193509608188,-0.046286965182920525,-0.0008407693313847847,,0.0,1.1
volume_breakout,0.4,0.03,0.03,0.75,0.5,1,80,0.003956129544809098,0.5125,51,11,0.00029265978636262624,0.35294117647058826,1.0207193509608188,-0.046286965182920525,-0.0008407693313847847,,0.0,1.1
volume_breakout,0.4,0.03,0.03,0.75,0.35,1,80,0.003956129544809098,0.5125,51,11,0.00029265978636262624,0.35294117647058826,1.0207193509608188,-0.046286965182920525,-0.0008407693313847847,,0.0,0.8
volume_breakout,0.4,0.03,-0.03,0.75,0.35,1,80,0.003956129544809098,0.5125,51,11,0.00029265978636262624,0.35294117647058826,1.0207193509608188,-0.046286965182920525,-0.0008407693313847847,,0.0,0.8
volume_breakout,0.4,0.03,0.0,0.75,0.35,1,80,0.003956129544809098,0.5125,51,11,0.00029265978636262624,0.35294117647058826,1.0207193509608188,-0.046286965182920525,-0.0008407693313847847,,0.0,0.8
volume_breakout,0.4,0.03,0.0,0.75,0.5,1,80,0.003956129544809098,0.5125,51,11,0.00029265978636262624,0.35294117647058826,1.0207193509608188,-0.046286965182920525,-0.0008407693313847847,,0.0,1.1
volume_breakout,0.4,0.03,0.0,0.75,0.5,1,80,0.003956129544809098,0.5125,51,11,0.00029265978636262624,0.35294117647058826,1.0207193509608188,-0.046286965182920525,-0.0008407693313847847,,0.0,0.8
volume_breakout,0.4,0.03,0.0,0.75,0.35,1,80,0.003956129544809098,0.5125,51,11,0.00029265978636262624,0.35294117647058826,1.0207193509608188,-0.046286965182920525,-0.0008407693313847847,,0.0,1.1
volume_breakout,0.4,0.03,0.0,0.75,0.65,1,80,0.003956129544809098,0.5125,51,11,0.00029265978636262624,0.35294117647058826,1.0207193509608188,-0.046286965182920525,-0.0008407693313847847,,0.0,0.8
volume_breakout,0.4,0.03,-0.03,0.75,0.65,1,80,0.003956129544809098,0.5125,51,11,0.00029265978636262624,0.35294117647058826,1.0207193509608188,-0.046286965182920525,-0.0008407693313847847,,0.0,1.1
volume_breakout,0.4,0.03,-0.03,0.75,0.65,1,80,0.003956129544809098,0.5125,51,11,0.00029265978636262624,0.35294117647058826,1.0207193509608188,-0.046286965182920525,-0.0008407693313847847,,0.0,0.8
volume_breakout,0.4,0.03,-0.03,0.75,0.35,1,80,0.003956129544809098,0.5125,51,11,0.00029265978636262624,0.35294117647058826,1.0207193509608188,-0.046286965182920525,-0.0008407693313847847,,0.0,1.1
volume_breakout,0.4,0.03,-0.03,0.75,0.5,1,80,0.003956129544809098,0.5125,51,11,0.00029265978636262624,0.35294117647058826,1.0207193509608188,-0.046286965182920525,-0.0008407693313847847,,0.0,1.1
volume_breakout,0.4,0.0,0.03,1.0,0.65,3,80,0.003244997799571102,0.425,55,11,0.0001575757575757652,0.36363636363636365,1.0078360458107296,-0.042384624988033304,-0.0008620039806125514,,0.0,1.1
volume_breakout,0.4,0.0,0.03,1.0,0.65,3,80,0.003244997799571102,0.425,55,11,0.0001575757575757652,0.36363636363636365,1.0078360458107296,-0.042384624988033304,-0.0008620039806125514,,0.0,0.8
volume_breakout,0.4,0.0,-0.03,1.0,0.65,3,80,0.003244997799571102,0.425,55,11,0.0001575757575757652,0.36363636363636365,1.0078360458107296,-0.042384624988033304,-0.0008620039806125514,,0.0,0.8
volume_breakout,0.4,0.0,0.03,1.0,0.5,3,80,0.003244997799571102,0.425,55,11,0.0001575757575757652,0.36363636363636365,1.0078360458107296,-0.042384624988033304,-0.0008620039806125514,,0.0,0.8
volume_breakout,0.4,0.0,0.03,1.0,0.35,3,80,0.003244997799571102,0.425,55,11,0.0001575757575757652,0.36363636363636365,1.0078360458107296,-0.042384624988033304,-0.0008620039806125514,,0.0,1.1
volume_breakout,0.4,0.0,0.03,1.0,0.5,3,80,0.003244997799571102,0.425,55,11,0.0001575757575757652,0.36363636363636365,1.0078360458107296,-0.042384624988033304,-0.0008620039806125514,,0.0,1.1
volume_breakout,0.4,0.0,0.0,1.0,0.35,3,80,0.003244997799571102,0.425,55,11,0.0001575757575757652,0.36363636363636365,1.0078360458107296,-0.042384624988033304,-0.0008620039806125514,,0.0,1.1
volume_breakout,0.4,0.0,0.0,1.0,0.65,3,80,0.003244997799571102,0.425,55,11,0.0001575757575757652,0.36363636363636365,1.0078360458107296,-0.042384624988033304,-0.0008620039806125514,,0.0,1.1
volume_breakout,0.4,0.0,0.0,1.0,0.65,3,80,0.003244997799571102,0.425,55,11,0.0001575757575757652,0.36363636363636365,1.0078360458107296,-0.042384624988033304,-0.0008620039806125514,,0.0,0.8
volume_breakout,0.4,0.0,0.0,1.0,0.5,3,80,0.003244997799571102,0.425,55,11,0.0001575757575757652,0.36363636363636365,1.0078360458107296,-0.042384624988033304,-0.0008620039806125514,,0.0,0.8
volume_breakout,0.4,0.0,-0.03,1.0,0.5,3,80,0.003244997799571102,0.425,55,11,0.0001575757575757652,0.36363636363636365,1.0078360458107296,-0.042384624988033304,-0.0008620039806125514,,0.0,1.1
volume_breakout,0.4,0.0,0.0,1.0,0.35,3,80,0.003244997799571102,0.425,55,11,0.0001575757575757652,0.36363636363636365,1.0078360458107296,-0.042384624988033304,-0.0008620039806125514,,0.0,0.8
volume_breakout,0.4,0.0,0.03,1.0,0.35,3,80,0.003244997799571102,0.425,55,11,0.0001575757575757652,0.36363636363636365,1.0078360458107296,-0.042384624988033304,-0.0008620039806125514,,0.0,0.8
volume_breakout,0.4,0.0,0.0,1.0,0.5,3,80,0.003244997799571102,0.425,55,11,0.0001575757575757652,0.36363636363636365,1.0078360458107296,-0.042384624988033304,-0.0008620039806125514,,0.0,1.1
volume_breakout,0.4,0.0,-0.03,1.0,0.65,3,80,0.003244997799571102,0.425,55,11,0.0001575757575757652,0.36363636363636365,1.0078360458107296,-0.042384624988033304,-0.0008620039806125514,,0.0,1.1
volume_breakout,0.4,0.0,-0.03,1.0,0.5,3,80,0.003244997799571102,0.425,55,11,0.0001575757575757652,0.36363636363636365,1.0078360458107296,-0.042384624988033304,-0.0008620039806125514,,0.0,0.8
volume_breakout,0.4,0.0,-0.03,1.0,0.35,3,80,0.003244997799571102,0.425,55,11,0.0001575757575757652,0.36363636363636365,1.0078360458107296,-0.042384624988033304,-0.0008620039806125514,,0.0,0.8
volume_breakout,0.4,0.0,-0.03,1.0,0.35,3,80,0.003244997799571102,0.425,55,11,0.0001575757575757652,0.36363636363636365,1.0078360458107296,-0.042384624988033304,-0.0008620039806125514,,0.0,1.1
volume_breakout,0.4,-0.03,0.03,1.0,0.5,3,80,0.003244997799571102,0.425,55,11,0.00015757575757576167,0.36363636363636365,1.0078360458107294,-0.042384624988033304,-0.000862003980612555,,0.0,0.8
volume_breakout,0.4,-0.03,0.03,1.0,0.5,3,80,0.003244997799571102,0.425,55,11,0.00015757575757576167,0.36363636363636365,1.0078360458107294,-0.042384624988033304,-0.000862003980612555,,0.0,1.1
volume_breakout,0.4,-0.03,0.03,1.0,0.65,3,80,0.003244997799571102,0.425,55,11,0.00015757575757576167,0.36363636363636365,1.0078360458107294,-0.042384624988033304,-0.000862003980612555,,0.0,0.8
volume_breakout,0.4,-0.03,0.03,1.0,0.65,3,80,0.003244997799571102,0.425,55,11,0.00015757575757576167,0.36363636363636365,1.0078360458107294,-0.042384624988033304,-0.000862003980612555,,0.0,1.1
volume_breakout,0.4,-0.03,-0.03,1.0,0.5,3,80,0.003244997799571102,0.425,55,11,0.00015757575757576167,0.36363636363636365,1.0078360458107294,-0.042384624988033304,-0.000862003980612555,,0.0,0.8
volume_breakout,0.4,-0.03,-0.03,1.0,0.5,3,80,0.003244997799571102,0.425,55,11,0.00015757575757576167,0.36363636363636365,1.0078360458107294,-0.042384624988033304,-0.000862003980612555,,0.0,1.1
volume_breakout,0.4,-0.03,-0.03,1.0,0.35,3,80,0.003244997799571102,0.425,55,11,0.00015757575757576167,0.36363636363636365,1.0078360458107294,-0.042384624988033304,-0.000862003980612555,,0.0,0.8
volume_breakout,0.4,-0.03,-0.03,1.0,0.35,3,80,0.003244997799571102,0.425,55,11,0.00015757575757576167,0.36363636363636365,1.0078360458107294,-0.042384624988033304,-0.000862003980612555,,0.0,1.1
volume_breakout,0.4,-0.03,0.0,1.0,0.35,3,80,0.003244997799571102,0.425,55,11,0.00015757575757576167,0.36363636363636365,1.0078360458107294,-0.042384624988033304,-0.000862003980612555,,0.0,1.1
volume_breakout,0.4,-0.03,-0.03,1.0,0.65,3,80,0.003244997799571102,0.425,55,11,0.00015757575757576167,0.36363636363636365,1.0078360458107294,-0.042384624988033304,-0.000862003980612555,,0.0,0.8
volume_breakout,0.4,-0.03,0.0,1.0,0.5,3,80,0.003244997799571102,0.425,55,11,0.00015757575757576167,0.36363636363636365,1.0078360458107294,-0.042384624988033304,-0.000862003980612555,,0.0,0.8
volume_breakout,0.4,-0.03,0.03,1.0,0.35,3,80,0.003244997799571102,0.425,55,11,0.00015757575757576167,0.36363636363636365,1.0078360458107294,-0.042384624988033304,-0.000862003980612555,,0.0,1.1
volume_breakout,0.4,-0.03,0.0,1.0,0.65,3,80,0.003244997799571102,0.425,55,11,0.00015757575757576167,0.36363636363636365,1.0078360458107294,-0.042384624988033304,-0.000862003980612555,,0.0,0.8
volume_breakout,0.4,-0.03,0.0,1.0,0.65,3,80,0.003244997799571102,0.425,55,11,0.00015757575757576167,0.36363636363636365,1.0078360458107294,-0.042384624988033304,-0.000862003980612555,,0.0,1.1
volume_breakout,0.4,-0.03,0.03,1.0,0.35,3,80,0.003244997799571102,0.425,55,11,0.00015757575757576167,0.36363636363636365,1.0078360458107294,-0.042384624988033304,-0.000862003980612555,,0.0,0.8
volume_breakout,0.4,-0.03,0.0,1.0,0.5,3,80,0.003244997799571102,0.425,55,11,0.00015757575757576167,0.36363636363636365,1.0078360458107294,-0.042384624988033304,-0.000862003980612555,,0.0,1.1
volume_breakout,0.4,-0.03,-0.03,1.0,0.65,3,80,0.003244997799571102,0.425,55,11,0.00015757575757576167,0.36363636363636365,1.0078360458107294,-0.042384624988033304,-0.000862003980612555,,0.0,1.1
volume_breakout,0.4,-0.03,0.0,1.0,0.35,3,80,0.003244997799571102,0.425,55,11,0.00015757575757576167,0.36363636363636365,1.0078360458107294,-0.042384624988033304,-0.000862003980612555,,0.0,0.8
volume_breakout,0.4,-0.03,0.0,1.0,0.65,1,80,-0.002259712072044132,0.3875,55,11,-0.00016773761781930328,0.38181818181818183,0.989993696325825,-0.032748926112897925,-0.0009027069771247847,,-0.05,0.8
volume_breakout,0.4,-0.03,0.03,1.0,0.35,1,80,-0.002259712072044132,0.3875,55,11,-0.00016773761781930328,0.38181818181818183,0.989993696325825,-0.032748926112897925,-0.0009027069771247847,,-0.05,1.1
volume_breakout,0.4,-0.03,0.03,1.0,0.35,1,80,-0.002259712072044132,0.3875,55,11,-0.00016773761781930328,0.38181818181818183,0.989993696325825,-0.032748926112897925,-0.0009027069771247847,,-0.05,0.8
volume_breakout,0.4,-0.03,0.03,1.0,0.5,1,80,-0.002259712072044132,0.3875,55,11,-0.00016773761781930328,0.38181818181818183,0.989993696325825,-0.032748926112897925,-0.0009027069771247847,,-0.05,1.1
volume_breakout,0.4,-0.03,0.03,1.0,0.65,1,80,-0.002259712072044132,0.3875,55,11,-0.00016773761781930328,0.38181818181818183,0.989993696325825,-0.032748926112897925,-0.0009027069771247847,,-0.05,0.8
volume_breakout,0.4,-0.03,0.03,1.0,0.5,1,80,-0.002259712072044132,0.3875,55,11,-0.00016773761781930328,0.38181818181818183,0.989993696325825,-0.032748926112897925,-0.0009027069771247847,,-0.05,0.8
volume_breakout,0.4,-0.03,0.03,1.0,0.65,1,80,-0.002259712072044132,0.3875,55,11,-0.00016773761781930328,0.38181818181818183,0.989993696325825,-0.032748926112897925,-0.0009027069771247847,,-0.05,1.1
volume_breakout,0.4,-0.03,0.0,1.0,0.35,1,80,-0.002259712072044132,0.3875,55,11,-0.00016773761781930328,0.38181818181818183,0.989993696325825,-0.032748926112897925,-0.0009027069771247847,,-0.05,1.1
volume_breakout,0.4,-0.03,0.0,1.0,0.5,1,80,-0.002259712072044132,0.3875,55,11,-0.00016773761781930328,0.38181818181818183,0.989993696325825,-0.032748926112897925,-0.0009027069771247847,,-0.05,0.8
volume_breakout,0.4,-0.03,0.0,1.0,0.35,1,80,-0.002259712072044132,0.3875,55,11,-0.00016773761781930328,0.38181818181818183,0.989993696325825,-0.032748926112897925,-0.0009027069771247847,,-0.05,0.8
volume_breakout,0.4,-0.03,0.0,1.0,0.65,1,80,-0.002259712072044132,0.3875,55,11,-0.00016773761781930328,0.38181818181818183,0.989993696325825,-0.032748926112897925,-0.0009027069771247847,,-0.05,1.1
volume_breakout,0.4,-0.03,0.0,1.0,0.5,1,80,-0.002259712072044132,0.3875,55,11,-0.00016773761781930328,0.38181818181818183,0.989993696325825,-0.032748926112897925,-0.0009027069771247847,,-0.05,1.1
volume_breakout,0.4,-0.03,-0.03,1.0,0.65,1,80,-0.002259712072044132,0.3875,55,11,-0.00016773761781930328,0.38181818181818183,0.989993696325825,-0.032748926112897925,-0.0009027069771247847,,-0.05,0.8
volume_breakout,0.4,-0.03,-0.03,1.0,0.65,1,80,-0.002259712072044132,0.3875,55,11,-0.00016773761781930328,0.38181818181818183,0.989993696325825,-0.032748926112897925,-0.0009027069771247847,,-0.05,1.1
volume_breakout,0.4,-0.03,-0.03,1.0,0.35,1,80,-0.002259712072044132,0.3875,55,11,-0.00016773761781930328,0.38181818181818183,0.989993696325825,-0.032748926112897925,-0.0009027069771247847,,-0.05,1.1
volume_breakout,0.4,-0.03,-0.03,1.0,0.35,1,80,-0.002259712072044132,0.3875,55,11,-0.00016773761781930328,0.38181818181818183,0.989993696325825,-0.032748926112897925,-0.0009027069771247847,,-0.05,0.8
volume_breakout,0.4,-0.03,-0.03,1.0,0.5,1,80,-0.002259712072044132,0.3875,55,11,-0.00016773761781930328,0.38181818181818183,0.989993696325825,-0.032748926112897925,-0.0009027069771247847,,-0.05,1.1
volume_breakout,0.4,-0.03,-0.03,1.0,0.5,1,80,-0.002259712072044132,0.3875,55,11,-0.00016773761781930328,0.38181818181818183,0.989993696325825,-0.032748926112897925,-0.0009027069771247847,,-0.05,0.8
trend_pullback,0.3,-0.03,0.0,1.0,0.65,1,90,0.00035318716051351993,0.43333333333333335,89,18,0.0002896899533833188,0.4044943820224719,1.0181458738754317,-0.04867115956737811,-0.0009159083651691664,0.45,,
trend_pullback,0.3,-0.03,-0.03,1.0,0.65,1,90,0.00035318716051351993,0.43333333333333335,89,18,0.0002896899533833188,0.4044943820224719,1.0181458738754317,-0.04867115956737811,-0.0009159083651691664,0.45,,
volume_breakout,0.3,0.03,-0.03,1.0,0.35,3,90,0.0024739771395183826,0.4111111111111111,87,18,2.9507491576464695e-05,0.3563218390804598,1.0014631818050397,-0.04056722905600019,-0.0009371435846522809,,-0.05,1.1
volume_breakout,0.3,0.03,0.0,1.0,0.65,3,90,0.0024739771395183826,0.4111111111111111,87,18,2.9507491576464695e-05,0.3563218390804598,1.0014631818050397,-0.04056722905600019,-0.0009371435846522809,,-0.05,1.1
volume_breakout,0.3,0.03,0.03,1.0,0.35,3,90,0.0024739771395183826,0.4111111111111111,87,18,2.9507491576464695e-05,0.3563218390804598,1.0014631818050397,-0.04056722905600019,-0.0009371435846522809,,-0.05,1.1
volume_breakout,0.3,0.03,-0.03,1.0,0.65,3,90,0.0024739771395183826,0.4111111111111111,87,18,2.9507491576464695e-05,0.3563218390804598,1.0014631818050397,-0.04056722905600019,-0.0009371435846522809,,-0.05,1.1
volume_breakout,0.3,0.03,0.0,1.0,0.5,3,90,0.0024739771395183826,0.4111111111111111,87,18,2.9507491576464695e-05,0.3563218390804598,1.0014631818050397,-0.04056722905600019,-0.0009371435846522809,,-0.05,1.1
volume_breakout,0.3,0.03,-0.03,1.0,0.5,3,90,0.0024739771395183826,0.4111111111111111,87,18,2.9507491576464695e-05,0.3563218390804598,1.0014631818050397,-0.04056722905600019,-0.0009371435846522809,,-0.05,1.1
volume_breakout,0.3,0.03,0.03,1.0,0.5,3,90,0.0024739771395183826,0.4111111111111111,87,18,2.9507491576464695e-05,0.3563218390804598,1.0014631818050397,-0.04056722905600019,-0.0009371435846522809,,-0.05,1.1
volume_breakout,0.3,0.03,0.0,1.0,0.35,3,90,0.0024739771395183826,0.4111111111111111,87,18,2.9507491576464695e-05,0.3563218390804598,1.0014631818050397,-0.04056722905600019,-0.0009371435846522809,,-0.05,1.1
volume_breakout,0.3,0.03,0.03,1.0,0.65,3,90,0.0024739771395183826,0.4111111111111111,87,18,2.9507491576464695e-05,0.3563218390804598,1.0014631818050397,-0.04056722905600019,-0.0009371435846522809,,-0.05,1.1
trend_pullback,0.3,0.0,0.03,1.0,0.65,1,90,0.0009147842185644819,0.43333333333333335,86,18,0.00014181484706037077,0.4069767441860465,1.0087587381592515,-0.04477024000000018,-0.0009491026683998217,0.45,,
volume_breakout,0.3,-0.03,0.03,1.0,0.5,3,90,0.0024739771395183826,0.4111111111111111,90,18,-2.480942480941467e-05,0.35555555555555557,0.9987716076202118,-0.040567229056000076,-0.000992133394584364,,-0.05,1.1
volume_breakout,0.3,-0.03,-0.03,1.0,0.35,3,90,0.0024739771395183826,0.4111111111111111,90,18,-2.480942480941467e-05,0.35555555555555557,0.9987716076202118,-0.040567229056000076,-0.000992133394584364,,-0.05,0.8
volume_breakout,0.3,-0.03,0.03,1.0,0.5,3,90,0.0024739771395183826,0.4111111111111111,90,18,-2.480942480941467e-05,0.35555555555555557,0.9987716076202118,-0.040567229056000076,-0.000992133394584364,,-0.05,0.8
volume_breakout,0.3,-0.03,0.0,1.0,0.65,3,90,0.0024739771395183826,0.4111111111111111,90,18,-2.480942480941467e-05,0.35555555555555557,0.9987716076202118,-0.040567229056000076,-0.000992133394584364,,-0.05,1.1
volume_breakout,0.3,-0.03,-0.03,1.0,0.5,3,90,0.0024739771395183826,0.4111111111111111,90,18,-2.480942480941467e-05,0.35555555555555557,0.9987716076202118,-0.040567229056000076,-0.000992133394584364,,-0.05,0.8
volume_breakout,0.3,-0.03,0.03,1.0,0.65,3,90,0.0024739771395183826,0.4111111111111111,90,18,-2.480942480941467e-05,0.35555555555555557,0.9987716076202118,-0.040567229056000076,-0.000992133394584364,,-0.05,1.1
volume_breakout,0.3,-0.03,0.03,1.0,0.35,3,90,0.0024739771395183826,0.4111111111111111,90,18,-2.480942480941467e-05,0.35555555555555557,0.9987716076202118,-0.040567229056000076,-0.000992133394584364,,-0.05,0.8
volume_breakout,0.3,-0.03,-0.03,1.0,0.65,3,90,0.0024739771395183826,0.4111111111111111,90,18,-2.480942480941467e-05,0.35555555555555557,0.9987716076202118,-0.040567229056000076,-0.000992133394584364,,-0.05,0.8
volume_breakout,0.3,-0.03,0.03,1.0,0.35,3,90,0.0024739771395183826,0.4111111111111111,90,18,-2.480942480941467e-05,0.35555555555555557,0.9987716076202118,-0.040567229056000076,-0.000992133394584364,,-0.05,1.1
volume_breakout,0.3,-0.03,0.0,1.0,0.5,3,90,0.0024739771395183826,0.4111111111111111,90,18,-2.480942480941467e-05,0.35555555555555557,0.9987716076202118,-0.040567229056000076,-0.000992133394584364,,-0.05,0.8
volume_breakout,0.3,-0.03,0.0,1.0,0.5,3,90,0.0024739771395183826,0.4111111111111111,90,18,-2.480942480941467e-05,0.35555555555555557,0.9987716076202118,-0.040567229056000076,-0.000992133394584364,,-0.05,1.1
volume_breakout,0.3,-0.03,-0.03,1.0,0.35,3,90,0.0024739771395183826,0.4111111111111111,90,18,-2.480942480941467e-05,0.35555555555555557,0.9987716076202118,-0.040567229056000076,-0.000992133394584364,,-0.05,1.1
volume_breakout,0.3,-0.03,0.0,1.0,0.65,3,90,0.0024739771395183826,0.4111111111111111,90,18,-2.480942480941467e-05,0.35555555555555557,0.9987716076202118,-0.040567229056000076,-0.000992133394584364,,-0.05,0.8
volume_breakout,0.3,-0.03,0.03,1.0,0.65,3,90,0.0024739771395183826,0.4111111111111111,90,18,-2.480942480941467e-05,0.35555555555555557,0.9987716076202118,-0.040567229056000076,-0.000992133394584364,,-0.05,0.8
volume_breakout,0.3,-0.03,0.0,1.0,0.35,3,90,0.0024739771395183826,0.4111111111111111,90,18,-2.480942480941467e-05,0.35555555555555557,0.9987716076202118,-0.040567229056000076,-0.000992133394584364,,-0.05,1.1
volume_breakout,0.3,-0.03,-0.03,1.0,0.65,3,90,0.0024739771395183826,0.4111111111111111,90,18,-2.480942480941467e-05,0.35555555555555557,0.9987716076202118,-0.040567229056000076,-0.000992133394584364,,-0.05,1.1
volume_breakout,0.3,-0.03,0.0,1.0,0.35,3,90,0.0024739771395183826,0.4111111111111111,90,18,-2.480942480941467e-05,0.35555555555555557,0.9987716076202118,-0.040567229056000076,-0.000992133394584364,,-0.05,0.8
volume_breakout,0.3,-0.03,-0.03,1.0,0.5,3,90,0.0024739771395183826,0.4111111111111111,90,18,-2.480942480941467e-05,0.35555555555555557,0.9987716076202118,-0.040567229056000076,-0.000992133394584364,,-0.05,1.1
volume_breakout,0.3,0.03,0.0,1.0,0.35,1,90,-0.00015766801903635251,0.4111111111111111,88,18,-0.0003125165706215444,0.36363636363636365,0.9821880525911723,-0.032748926112897925,-0.001049437340860689,,-0.05,0.8
volume_breakout,0.3,0.03,0.0,1.0,0.5,1,90,-0.00015766801903635251,0.4111111111111111,88,18,-0.0003125165706215444,0.36363636363636365,0.9821880525911723,-0.032748926112897925,-0.001049437340860689,,-0.05,0.8
volume_breakout,0.3,0.03,-0.03,1.0,0.35,1,90,-0.00015766801903635251,0.4111111111111111,88,18,-0.0003125165706215444,0.36363636363636365,0.9821880525911723,-0.032748926112897925,-0.001049437340860689,,-0.05,0.8
volume_breakout,0.3,0.03,0.03,1.0,0.5,1,90,-0.00015766801903635251,0.4111111111111111,88,18,-0.0003125165706215444,0.36363636363636365,0.9821880525911723,-0.032748926112897925,-0.001049437340860689,,-0.05,0.8
volume_breakout,0.3,0.03,-0.03,1.0,0.5,1,90,-0.00015766801903635251,0.4111111111111111,88,18,-0.0003125165706215444,0.36363636363636365,0.9821880525911723,-0.032748926112897925,-0.001049437340860689,,-0.05,0.8
volume_breakout,0.3,0.03,0.0,1.0,0.65,1,90,-0.00015766801903635251,0.4111111111111111,88,18,-0.0003125165706215444,0.36363636363636365,0.9821880525911723,-0.032748926112897925,-0.001049437340860689,,-0.05,0.8
volume_breakout,0.3,0.03,-0.03,1.0,0.65,1,90,-0.00015766801903635251,0.4111111111111111,88,18,-0.0003125165706215444,0.36363636363636365,0.9821880525911723,-0.032748926112897925,-0.001049437340860689,,-0.05,0.8
volume_breakout,0.3,0.03,0.03,1.0,0.35,1,90,-0.00015766801903635251,0.4111111111111111,88,18,-0.0003125165706215444,0.36363636363636365,0.9821880525911723,-0.032748926112897925,-0.001049437340860689,,-0.05,0.8
volume_breakout,0.3,0.03,0.03,1.0,0.65,1,90,-0.00015766801903635251,0.4111111111111111,88,18,-0.0003125165706215444,0.36363636363636365,0.9821880525911723,-0.032748926112897925,-0.001049437340860689,,-0.05,0.8
volume_breakout,0.4,-0.03,0.03,1.0,0.35,2,80,-0.0012292662507988237,0.4125,55,11,-0.0005010786562036588,0.36363636363636365,0.9746327378104281,-0.027874944404657098,-0.0010936688038907646,,-0.05,0.8
volume_breakout,0.4,-0.03,0.03,1.0,0.5,2,80,-0.0012292662507988237,0.4125,55,11,-0.0005010786562036588,0.36363636363636365,0.9746327378104281,-0.027874944404657098,-0.0010936688038907646,,-0.05,0.8
volume_breakout,0.4,-0.03,0.0,1.0,0.35,2,80,-0.0012292662507988237,0.4125,55,11,-0.0005010786562036588,0.36363636363636365,0.9746327378104281,-0.027874944404657098,-0.0010936688038907646,,-0.05,0.8
volume_breakout,0.4,-0.03,0.0,1.0,0.5,2,80,-0.0012292662507988237,0.4125,55,11,-0.0005010786562036588,0.36363636363636365,0.9746327378104281,-0.027874944404657098,-0.0010936688038907646,,-0.05,0.8
volume_breakout,0.4,-0.03,0.0,1.0,0.5,2,80,-0.0012292662507988237,0.4125,55,11,-0.0005010786562036588,0.36363636363636365,0.9746327378104281,-0.027874944404657098,-0.0010936688038907646,,-0.05,1.1
volume_breakout,0.4,-0.03,0.03,1.0,0.35,2,80,-0.0012292662507988237,0.4125,55,11,-0.0005010786562036588,0.36363636363636365,0.9746327378104281,-0.027874944404657098,-0.0010936688038907646,,-0.05,1.1
volume_breakout,0.4,-0.03,-0.03,1.0,0.65,2,80,-0.0012292662507988237,0.4125,55,11,-0.0005010786562036588,0.36363636363636365,0.9746327378104281,-0.027874944404657098,-0.0010936688038907646,,-0.05,1.1
volume_breakout,0.4,-0.03,0.0,1.0,0.65,2,80,-0.0012292662507988237,0.4125,55,11,-0.0005010786562036588,0.36363636363636365,0.9746327378104281,-0.027874944404657098,-0.0010936688038907646,,-0.05,1.1
volume_breakout,0.4,-0.03,0.0,1.0,0.65,2,80,-0.0012292662507988237,0.4125,55,11,-0.0005010786562036588,0.36363636363636365,0.9746327378104281,-0.027874944404657098,-0.0010936688038907646,,-0.05,0.8
volume_breakout,0.4,-0.03,0.0,1.0,0.35,2,80,-0.0012292662507988237,0.4125,55,11,-0.0005010786562036588,0.36363636363636365,0.9746327378104281,-0.027874944404657098,-0.0010936688038907646,,-0.05,1.1
volume_breakout,0.4,-0.03,-0.03,1.0,0.35,2,80,-0.0012292662507988237,0.4125,55,11,-0.0005010786562036588,0.36363636363636365,0.9746327378104281,-0.027874944404657098,-0.0010936688038907646,,-0.05,0.8
volume_breakout,0.4,-0.03,-0.03,1.0,0.35,2,80,-0.0012292662507988237,0.4125,55,11,-0.0005010786562036588,0.36363636363636365,0.9746327378104281,-0.027874944404657098,-0.0010936688038907646,,-0.05,1.1
volume_breakout,0.4,-0.03,-0.03,1.0,0.65,2,80,-0.0012292662507988237,0.4125,55,11,-0.0005010786562036588,0.36363636363636365,0.9746327378104281,-0.027874944404657098,-0.0010936688038907646,,-0.05,0.8
volume_breakout,0.4,-0.03,-0.03,1.0,0.5,2,80,-0.0012292662507988237,0.4125,55,11,-0.0005010786562036588,0.36363636363636365,0.9746327378104281,-0.027874944404657098,-0.0010936688038907646,,-0.05,0.8
volume_breakout,0.4,-0.03,0.03,1.0,0.5,2,80,-0.0012292662507988237,0.4125,55,11,-0.0005010786562036588,0.36363636363636365,0.9746327378104281,-0.027874944404657098,-0.0010936688038907646,,-0.05,1.1
volume_breakout,0.4,-0.03,0.03,1.0,0.65,2,80,-0.0012292662507988237,0.4125,55,11,-0.0005010786562036588,0.36363636363636365,0.9746327378104281,-0.027874944404657098,-0.0010936688038907646,,-0.05,0.8
volume_breakout,0.4,-0.03,0.03,1.0,0.65,2,80,-0.0012292662507988237,0.4125,55,11,-0.0005010786562036588,0.36363636363636365,0.9746327378104281,-0.027874944404657098,-0.0010936688038907646,,-0.05,1.1
volume_breakout,0.4,-0.03,-0.03,1.0,0.5,2,80,-0.0012292662507988237,0.4125,55,11,-0.0005010786562036588,0.36363636363636365,0.9746327378104281,-0.027874944404657098,-0.0010936688038907646,,-0.05,1.1
volume_breakout,0.3,0.0,-0.03,0.75,0.35,3,90,0.005776647004839487,0.4444444444444444,88,18,0.0009398811394043565,0.375,1.048621955918004,-0.07729523691625972,-0.0011168204791039344,,0.0,1.1
volume_breakout,0.3,0.0,-0.03,0.75,0.5,3,90,0.005776647004839487,0.4444444444444444,88,18,0.0009398811394043565,0.375,1.048621955918004,-0.07729523691625972,-0.0011168204791039344,,0.0,1.1
volume_breakout,0.3,0.0,-0.03,0.75,0.65,3,90,0.005776647004839487,0.4444444444444444,88,18,0.0009398811394043565,0.375,1.048621955918004,-0.07729523691625972,-0.0011168204791039344,,0.0,1.1
volume_breakout,0.3,0.0,0.0,0.75,0.35,3,90,0.005776647004839487,0.4444444444444444,88,18,0.0009398811394043565,0.375,1.048621955918004,-0.07729523691625972,-0.0011168204791039344,,0.0,1.1
volume_breakout,0.3,0.0,0.03,0.75,0.65,3,90,0.005776647004839487,0.4444444444444444,88,18,0.0009398811394043565,0.375,1.048621955918004,-0.07729523691625972,-0.0011168204791039344,,0.0,1.1
volume_breakout,0.3,0.0,0.0,0.75,0.5,3,90,0.005776647004839487,0.4444444444444444,88,18,0.0009398811394043565,0.375,1.048621955918004,-0.07729523691625972,-0.0011168204791039344,,0.0,1.1
volume_breakout,0.3,0.0,0.03,0.75,0.5,3,90,0.005776647004839487,0.4444444444444444,88,18,0.0009398811394043565,0.375,1.048621955918004,-0.07729523691625972,-0.0011168204791039344,,0.0,1.1
volume_breakout,0.3,0.0,0.03,0.75,0.35,3,90,0.005776647004839487,0.4444444444444444,88,18,0.0009398811394043565,0.375,1.048621955918004,-0.07729523691625972,-0.0011168204791039344,,0.0,1.1
volume_breakout,0.3,0.0,0.0,0.75,0.65,3,90,0.005776647004839487,0.4444444444444444,88,18,0.0009398811394043565,0.375,1.048621955918004,-0.07729523691625972,-0.0011168204791039344,,0.0,1.1
trend_pullback,0.4,0.0,0.03,0.75,0.65,3,80,-0.0044805832296430596,0.3625,53,11,0.0003425954349973965,0.37735849056603776,1.0185291240102696,-0.05776136473600002,-0.0011356132260800368,0.7,,
trend_pullback,0.4,0.0,0.0,0.75,0.65,3,80,-0.0044805832296430596,0.3625,53,11,0.0003425954349973965,0.37735849056603776,1.0185291240102696,-0.05776136473600002,-0.0011356132260800368,0.7,,
trend_pullback,0.4,0.0,-0.03,0.75,0.65,3,80,-0.0044805832296430596,0.3625,53,11,0.0003425954349973965,0.37735849056603776,1.0185291240102696,-0.05776136473600002,-0.0011356132260800368,0.7,,
volume_breakout,0.3,0.0,0.03,0.75,0.35,3,90,0.005776647004839487,0.4444444444444444,89,18,0.0008910372062013584,0.3707865168539326,1.0465257783861006,-0.07729523691625972,-0.0011661884566899082,,0.0,0.8
volume_breakout,0.3,0.0,0.0,0.75,0.65,3,90,0.005776647004839487,0.4444444444444444,89,18,0.0008910372062013584,0.3707865168539326,1.0465257783861006,-0.07729523691625972,-0.0011661884566899082,,0.0,0.8
volume_breakout,0.3,0.0,-0.03,0.75,0.35,3,90,0.005776647004839487,0.4444444444444444,89,18,0.0008910372062013584,0.3707865168539326,1.0465257783861006,-0.07729523691625972,-0.0011661884566899082,,0.0,0.8
volume_breakout,0.3,0.0,-0.03,0.75,0.5,3,90,0.005776647004839487,0.4444444444444444,89,18,0.0008910372062013584,0.3707865168539326,1.0465257783861006,-0.07729523691625972,-0.0011661884566899082,,0.0,0.8
volume_breakout,0.3,0.0,-0.03,0.75,0.65,3,90,0.005776647004839487,0.4444444444444444,89,18,0.0008910372062013584,0.3707865168539326,1.0465257783861006,-0.07729523691625972,-0.0011661884566899082,,0.0,0.8
volume_breakout,0.3,0.0,0.0,0.75,0.35,3,90,0.005776647004839487,0.4444444444444444,89,18,0.0008910372062013584,0.3707865168539326,1.0465257783861006,-0.07729523691625972,-0.0011661884566899082,,0.0,0.8
volume_breakout,0.3,0.0,0.03,0.75,0.65,3,90,0.005776647004839487,0.4444444444444444,89,18,0.0008910372062013584,0.3707865168539326,1.0465257783861006,-0.07729523691625972,-0.0011661884566899082,,0.0,0.8
volume_breakout,0.3,0.0,0.03,0.75,0.5,3,90,0.005776647004839487,0.4444444444444444,89,18,0.0008910372062013584,0.3707865168539326,1.0465257783861006,-0.07729523691625972,-0.0011661884566899082,,0.0,0.8
volume_breakout,0.3,0.0,0.0,0.75,0.5,3,90,0.005776647004839487,0.4444444444444444,89,18,0.0008910372062013584,0.3707865168539326,1.0465257783861006,-0.07729523691625972,-0.0011661884566899082,,0.0,0.8
trend_pullback,0.3,-0.03,0.03,1.0,0.35,1,90,0.0015577960017347074,0.4444444444444444,89,18,-9.457854456607237e-05,0.39325842696629215,0.9940224673982899,-0.04477024000000018,-0.001189180127716505,0.45,,
trend_pullback,0.3,-0.03,0.03,1.0,0.5,1,90,0.0015577960017347074,0.4444444444444444,89,18,-9.457854456607237e-05,0.39325842696629215,0.9940224673982899,-0.04477024000000018,-0.001189180127716505,0.45,,
volume_breakout,0.4,0.03,0.0,1.0,0.5,1,80,-0.002259712072044132,0.3875,53,11,-0.00045377087902105087,0.37735849056603776,0.9726208372849894,-0.032748926112897925,-0.0011930834530867412,,-0.05,1.1
volume_breakout,0.4,0.03,-0.03,1.0,0.65,1,80,-0.002259712072044132,0.3875,53,11,-0.00045377087902105087,0.37735849056603776,0.9726208372849894,-0.032748926112897925,-0.0011930834530867412,,-0.05,1.1
volume_breakout,0.4,0.03,-0.03,1.0,0.5,1,80,-0.002259712072044132,0.3875,53,11,-0.00045377087902105087,0.37735849056603776,0.9726208372849894,-0.032748926112897925,-0.0011930834530867412,,-0.05,1.1
volume_breakout,0.4,0.03,0.03,1.0,0.65,1,80,-0.002259712072044132,0.3875,53,11,-0.00045377087902105087,0.37735849056603776,0.9726208372849894,-0.032748926112897925,-0.0011930834530867412,,-0.05,1.1
volume_breakout,0.4,0.03,0.0,1.0,0.65,1,80,-0.002259712072044132,0.3875,53,11,-0.00045377087902105087,0.37735849056603776,0.9726208372849894,-0.032748926112897925,-0.0011930834530867412,,-0.05,1.1
volume_breakout,0.4,0.03,0.03,1.0,0.5,1,80,-0.002259712072044132,0.3875,53,11,-0.00045377087902105087,0.37735849056603776,0.9726208372849894,-0.032748926112897925,-0.0011930834530867412,,-0.05,1.1
volume_breakout,0.4,0.03,-0.03,1.0,0.35,1,80,-0.002259712072044132,0.3875,53,11,-0.00045377087902105087,0.37735849056603776,0.9726208372849894,-0.032748926112897925,-0.0011930834530867412,,-0.05,1.1
volume_breakout,0.4,0.03,0.0,1.0,0.35,1,80,-0.002259712072044132,0.3875,53,11,-0.00045377087902105087,0.37735849056603776,0.9726208372849894,-0.032748926112897925,-0.0011930834530867412,,-0.05,1.1
volume_breakout,0.4,0.03,0.03,1.0,0.35,1,80,-0.002259712072044132,0.3875,53,11,-0.00045377087902105087,0.37735849056603776,0.9726208372849894,-0.032748926112897925,-0.0011930834530867412,,-0.05,1.1
volume_breakout,0.3,0.03,-0.03,1.0,0.5,3,90,0.0024739771395183826,0.4111111111111111,88,18,-0.0003299187299187237,0.3522727272727273,0.9837451116297506,-0.04056722905600019,-0.0013009993236912916,,-0.05,0.8
volume_breakout,0.3,0.03,0.0,1.0,0.65,3,90,0.0024739771395183826,0.4111111111111111,88,18,-0.0003299187299187237,0.3522727272727273,0.9837451116297506,-0.04056722905600019,-0.0013009993236912916,,-0.05,0.8
volume_breakout,0.3,0.03,-0.03,1.0,0.35,3,90,0.0024739771395183826,0.4111111111111111,88,18,-0.0003299187299187237,0.3522727272727273,0.9837451116297506,-0.04056722905600019,-0.0013009993236912916,,-0.05,0.8
volume_breakout,0.3,0.03,0.03,1.0,0.5,3,90,0.0024739771395183826,0.4111111111111111,88,18,-0.0003299187299187237,0.3522727272727273,0.9837451116297506,-0.04056722905600019,-0.0013009993236912916,,-0.05,0.8
volume_breakout,0.3,0.03,-0.03,1.0,0.65,3,90,0.0024739771395183826,0.4111111111111111,88,18,-0.0003299187299187237,0.3522727272727273,0.9837451116297506,-0.04056722905600019,-0.0013009993236912916,,-0.05,0.8
volume_breakout,0.3,0.03,0.0,1.0,0.5,3,90,0.0024739771395183826,0.4111111111111111,88,18,-0.0003299187299187237,0.3522727272727273,0.9837451116297506,-0.04056722905600019,-0.0013009993236912916,,-0.05,0.8
volume_breakout,0.3,0.03,0.03,1.0,0.35,3,90,0.0024739771395183826,0.4111111111111111,88,18,-0.0003299187299187237,0.3522727272727273,0.9837451116297506,-0.04056722905600019,-0.0013009993236912916,,-0.05,0.8
volume_breakout,0.3,0.03,0.0,1.0,0.35,3,90,0.0024739771395183826,0.4111111111111111,88,18,-0.0003299187299187237,0.3522727272727273,0.9837451116297506,-0.04056722905600019,-0.0013009993236912916,,-0.05,0.8
volume_breakout,0.3,0.03,0.03,1.0,0.65,3,90,0.0024739771395183826,0.4111111111111111,88,18,-0.0003299187299187237,0.3522727272727273,0.9837451116297506,-0.04056722905600019,-0.0013009993236912916,,-0.05,0.8
volume_breakout,0.3,0.03,-0.03,1.0,0.65,2,90,0.00039620777706771344,0.4222222222222222,87,18,-0.0005100302494770884,0.3563218390804598,0.9742941251052066,-0.03584216060061529,-0.0013417215362192454,,-0.05,1.1
volume_breakout,0.3,0.03,0.03,1.0,0.65,2,90,0.00039620777706771344,0.4222222222222222,87,18,-0.0005100302494770884,0.3563218390804598,0.9742941251052066,-0.03584216060061529,-0.0013417215362192454,,-0.05,1.1
volume_breakout,0.3,0.03,-0.03,1.0,0.35,2,90,0.00039620777706771344,0.4222222222222222,87,18,-0.0005100302494770884,0.3563218390804598,0.9742941251052066,-0.03584216060061529,-0.0013417215362192454,,-0.05,1.1
volume_breakout,0.3,0.03,0.03,1.0,0.35,2,90,0.00039620777706771344,0.4222222222222222,87,18,-0.0005100302494770884,0.3563218390804598,0.9742941251052066,-0.03584216060061529,-0.0013417215362192454,,-0.05,1.1
volume_breakout,0.3,0.03,0.0,1.0,0.65,2,90,0.00039620777706771344,0.4222222222222222,87,18,-0.0005100302494770884,0.3563218390804598,0.9742941251052066,-0.03584216060061529,-0.0013417215362192454,,-0.05,1.1
volume_breakout,0.3,0.03,-0.03,1.0,0.5,2,90,0.00039620777706771344,0.4222222222222222,87,18,-0.0005100302494770884,0.3563218390804598,0.9742941251052066,-0.03584216060061529,-0.0013417215362192454,,-0.05,1.1
volume_breakout,0.3,0.03,0.03,1.0,0.5,2,90,0.00039620777706771344,0.4222222222222222,87,18,-0.0005100302494770884,0.3563218390804598,0.9742941251052066,-0.03584216060061529,-0.0013417215362192454,,-0.05,1.1
volume_breakout,0.3,0.03,0.0,1.0,0.5,2,90,0.00039620777706771344,0.4222222222222222,87,18,-0.0005100302494770884,0.3563218390804598,0.9742941251052066,-0.03584216060061529,-0.0013417215362192454,,-0.05,1.1
volume_breakout,0.3,0.03,0.0,1.0,0.35,2,90,0.00039620777706771344,0.4222222222222222,87,18,-0.0005100302494770884,0.3563218390804598,0.9742941251052066,-0.03584216060061529,-0.0013417215362192454,,-0.05,1.1
volume_breakout,0.3,-0.03,0.03,1.0,0.35,1,90,-0.00015766801903635251,0.4111111111111111,90,18,-0.0006194982463129927,0.36666666666666664,0.9650667556081136,-0.032748926112897925,-0.001360699340797902,,-0.05,1.1
volume_breakout,0.3,-0.03,0.03,1.0,0.65,1,90,-0.00015766801903635251,0.4111111111111111,90,18,-0.0006194982463129927,0.36666666666666664,0.9650667556081136,-0.032748926112897925,-0.001360699340797902,,-0.05,0.8
volume_breakout,0.3,-0.03,-0.03,1.0,0.65,1,90,-0.00015766801903635251,0.4111111111111111,90,18,-0.0006194982463129927,0.36666666666666664,0.9650667556081136,-0.032748926112897925,-0.001360699340797902,,-0.05,1.1
volume_breakout,0.3,-0.03,-0.03,1.0,0.35,1,90,-0.00015766801903635251,0.4111111111111111,90,18,-0.0006194982463129927,0.36666666666666664,0.9650667556081136,-0.032748926112897925,-0.001360699340797902,,-0.05,0.8
volume_breakout,0.3,-0.03,0.03,1.0,0.65,1,90,-0.00015766801903635251,0.4111111111111111,90,18,-0.0006194982463129927,0.36666666666666664,0.9650667556081136,-0.032748926112897925,-0.001360699340797902,,-0.05,1.1
volume_breakout,0.3,-0.03,-0.03,1.0,0.5,1,90,-0.00015766801903635251,0.4111111111111111,90,18,-0.0006194982463129927,0.36666666666666664,0.9650667556081136,-0.032748926112897925,-0.001360699340797902,,-0.05,0.8
volume_breakout,0.3,-0.03,0.03,1.0,0.35,1,90,-0.00015766801903635251,0.4111111111111111,90,18,-0.0006194982463129927,0.36666666666666664,0.9650667556081136,-0.032748926112897925,-0.001360699340797902,,-0.05,0.8
volume_breakout,0.3,-0.03,0.03,1.0,0.5,1,90,-0.00015766801903635251,0.4111111111111111,90,18,-0.0006194982463129927,0.36666666666666664,0.9650667556081136,-0.032748926112897925,-0.001360699340797902,,-0.05,0.8
volume_breakout,0.3,-0.03,0.03,1.0,0.5,1,90,-0.00015766801903635251,0.4111111111111111,90,18,-0.0006194982463129927,0.36666666666666664,0.9650667556081136,-0.032748926112897925,-0.001360699340797902,,-0.05,1.1
volume_breakout,0.3,-0.03,-0.03,1.0,0.5,1,90,-0.00015766801903635251,0.4111111111111111,90,18,-0.0006194982463129927,0.36666666666666664,0.9650667556081136,-0.032748926112897925,-0.001360699340797902,,-0.05,1.1
volume_breakout,0.3,-0.03,0.0,1.0,0.35,1,90,-0.00015766801903635251,0.4111111111111111,90,18,-0.0006194982463129927,0.36666666666666664,0.9650667556081136,-0.032748926112897925,-0.001360699340797902,,-0.05,1.1
volume_breakout,0.3,-0.03,0.0,1.0,0.65,1,90,-0.00015766801903635251,0.4111111111111111,90,18,-0.0006194982463129927,0.36666666666666664,0.9650667556081136,-0.032748926112897925,-0.001360699340797902,,-0.05,0.8
volume_breakout,0.3,-0.03,0.0,1.0,0.65,1,90,-0.00015766801903635251,0.4111111111111111,90,18,-0.0006194982463129927,0.36666666666666664,0.9650667556081136,-0.032748926112897925,-0.001360699340797902,,-0.05,1.1
volume_breakout,0.3,-0.03,0.0,1.0,0.5,1,90,-0.00015766801903635251,0.4111111111111111,90,18,-0.0006194982463129927,0.36666666666666664,0.9650667556081136,-0.032748926112897925,-0.001360699340797902,,-0.05,1.1
volume_breakout,0.3,-0.03,0.0,1.0,0.35,1,90,-0.00015766801903635251,0.4111111111111111,90,18,-0.0006194982463129927,0.36666666666666664,0.9650667556081136,-0.032748926112897925,-0.001360699340797902,,-0.05,0.8
volume_breakout,0.3,-0.03,-0.03,1.0,0.65,1,90,-0.00015766801903635251,0.4111111111111111,90,18,-0.0006194982463129927,0.36666666666666664,0.9650667556081136,-0.032748926112897925,-0.001360699340797902,,-0.05,0.8
volume_breakout,0.3,-0.03,-0.03,1.0,0.35,1,90,-0.00015766801903635251,0.4111111111111111,90,18,-0.0006194982463129927,0.36666666666666664,0.9650667556081136,-0.032748926112897925,-0.001360699340797902,,-0.05,1.1
volume_breakout,0.3,-0.03,0.0,1.0,0.5,1,90,-0.00015766801903635251,0.4111111111111111,90,18,-0.0006194982463129927,0.36666666666666664,0.9650667556081136,-0.032748926112897925,-0.001360699340797902,,-0.05,0.8
trend_pullback,0.5,0.0,0.03,0.75,0.65,2,75,-0.00656056294840066,0.30666666666666664,35,7,-0.0009970354354051408,0.37142857142857144,0.9382706943778046,-0.02029748470428283,-0.0013713923029391745,0.7,,
trend_pullback,0.5,0.03,0.0,0.75,0.65,2,75,-0.0053605629484006585,0.32,35,7,-0.0009970354354051408,0.37142857142857144,0.9382706943778046,-0.02029748470428283,-0.0013713923029391745,0.7,,
trend_pullback,0.5,0.0,0.0,0.75,0.65,2,75,-0.00656056294840066,0.30666666666666664,35,7,-0.0009970354354051408,0.37142857142857144,0.9382706943778046,-0.02029748470428283,-0.0013713923029391745,0.7,,
trend_pullback,0.5,0.0,-0.03,0.75,0.65,2,75,-0.00656056294840066,0.30666666666666664,35,7,-0.0009970354354051408,0.37142857142857144,0.9382706943778046,-0.02029748470428283,-0.0013713923029391745,0.7,,
trend_pullback,0.5,-0.03,0.03,0.75,0.65,2,75,-0.00656056294840066,0.30666666666666664,35,7,-0.0009970354354051408,0.37142857142857144,0.9382706943778046,-0.02029748470428283,-0.0013713923029391745,0.7,,
trend_pullback,0.5,-0.03,-0.03,0.75,0.65,2,75,-0.00656056294840066,0.30666666666666664,35,7,-0.0009970354354051408,0.37142857142857144,0.9382706943778046,-0.02029748470428283,-0.0013713923029391745,0.7,,
trend_pullback,0.5,-0.03,0.0,0.75,0.65,2,75,-0.00656056294840066,0.30666666666666664,35,7,-0.0009970354354051408,0.37142857142857144,0.9382706943778046,-0.02029748470428283,-0.0013713923029391745,0.7,,
trend_pullback,0.5,0.03,0.03,0.75,0.65,2,75,-0.0053605629484006585,0.32,35,7,-0.0009970354354051408,0.37142857142857144,0.9382706943778046,-0.02029748470428283,-0.0013713923029391745,0.7,,
trend_pullback,0.5,0.03,-0.03,0.75,0.65,2,75,-0.0053605629484006585,0.32,35,7,-0.0009970354354051408,0.37142857142857144,0.9382706943778046,-0.02029748470428283,-0.0013713923029391745,0.7,,
volume_breakout,0.3,-0.03,-0.03,1.0,0.65,2,90,0.00039620777706771344,0.4222222222222222,90,18,-0.0005463625744945153,0.35555555555555557,0.9725195373361255,-0.0358421606006154,-0.001378497508178946,,-0.05,1.1
volume_breakout,0.3,-0.03,0.03,1.0,0.65,2,90,0.00039620777706771344,0.4222222222222222,90,18,-0.0005463625744945153,0.35555555555555557,0.9725195373361255,-0.0358421606006154,-0.001378497508178946,,-0.05,0.8
volume_breakout,0.3,-0.03,-0.03,1.0,0.35,2,90,0.00039620777706771344,0.4222222222222222,90,18,-0.0005463625744945153,0.35555555555555557,0.9725195373361255,-0.0358421606006154,-0.001378497508178946,,-0.05,0.8
volume_breakout,0.3,-0.03,0.03,1.0,0.65,2,90,0.00039620777706771344,0.4222222222222222,90,18,-0.0005463625744945153,0.35555555555555557,0.9725195373361255,-0.0358421606006154,-0.001378497508178946,,-0.05,1.1
volume_breakout,0.3,-0.03,0.03,1.0,0.35,2,90,0.00039620777706771344,0.4222222222222222,90,18,-0.0005463625744945153,0.35555555555555557,0.9725195373361255,-0.0358421606006154,-0.001378497508178946,,-0.05,0.8
volume_breakout,0.3,-0.03,-0.03,1.0,0.5,2,90,0.00039620777706771344,0.4222222222222222,90,18,-0.0005463625744945153,0.35555555555555557,0.9725195373361255,-0.0358421606006154,-0.001378497508178946,,-0.05,0.8
volume_breakout,0.3,-0.03,-0.03,1.0,0.65,2,90,0.00039620777706771344,0.4222222222222222,90,18,-0.0005463625744945153,0.35555555555555557,0.9725195373361255,-0.0358421606006154,-0.001378497508178946,,-0.05,0.8
volume_breakout,0.3,-0.03,0.03,1.0,0.5,2,90,0.00039620777706771344,0.4222222222222222,90,18,-0.0005463625744945153,0.35555555555555557,0.9725195373361255,-0.0358421606006154,-0.001378497508178946,,-0.05,0.8
volume_breakout,0.3,-0.03,0.03,1.0,0.35,2,90,0.00039620777706771344,0.4222222222222222,90,18,-0.0005463625744945153,0.35555555555555557,0.9725195373361255,-0.0358421606006154,-0.001378497508178946,,-0.05,1.1
volume_breakout,0.3,-0.03,0.03,1.0,0.5,2,90,0.00039620777706771344,0.4222222222222222,90,18,-0.0005463625744945153,0.35555555555555557,0.9725195373361255,-0.0358421606006154,-0.001378497508178946,,-0.05,1.1
volume_breakout,0.3,-0.03,0.0,1.0,0.35,2,90,0.00039620777706771344,0.4222222222222222,90,18,-0.0005463625744945153,0.35555555555555557,0.9725195373361255,-0.0358421606006154,-0.001378497508178946,,-0.05,0.8
volume_breakout,0.3,-0.03,-0.03,1.0,0.5,2,90,0.00039620777706771344,0.4222222222222222,90,18,-0.0005463625744945153,0.35555555555555557,0.9725195373361255,-0.0358421606006154,-0.001378497508178946,,-0.05,1.1
volume_breakout,0.3,-0.03,-0.03,1.0,0.35,2,90,0.00039620777706771344,0.4222222222222222,90,18,-0.0005463625744945153,0.35555555555555557,0.9725195373361255,-0.0358421606006154,-0.001378497508178946,,-0.05,1.1
volume_breakout,0.3,-0.03,0.0,1.0,0.35,2,90,0.00039620777706771344,0.4222222222222222,90,18,-0.0005463625744945153,0.35555555555555557,0.9725195373361255,-0.0358421606006154,-0.001378497508178946,,-0.05,1.1
volume_breakout,0.3,-0.03,0.0,1.0,0.5,2,90,0.00039620777706771344,0.4222222222222222,90,18,-0.0005463625744945153,0.35555555555555557,0.9725195373361255,-0.0358421606006154,-0.001378497508178946,,-0.05,1.1
volume_breakout,0.3,-0.03,0.0,1.0,0.65,2,90,0.00039620777706771344,0.4222222222222222,90,18,-0.0005463625744945153,0.35555555555555557,0.9725195373361255,-0.0358421606006154,-0.001378497508178946,,-0.05,1.1
volume_breakout,0.3,-0.03,0.0,1.0,0.5,2,90,0.00039620777706771344,0.4222222222222222,90,18,-0.0005463625744945153,0.35555555555555557,0.9725195373361255,-0.0358421606006154,-0.001378497508178946,,-0.05,0.8
volume_breakout,0.3,-0.03,0.0,1.0,0.65,2,90,0.00039620777706771344,0.4222222222222222,90,18,-0.0005463625744945153,0.35555555555555557,0.9725195373361255,-0.0358421606006154,-0.001378497508178946,,-0.05,0.8
volume_breakout,0.4,0.03,-0.03,1.0,0.5,2,80,0.0013684240427805847,0.425,52,11,-0.00040282373482489236,0.34615384615384615,0.980047354402115,-0.04466006224783703,-0.0014976137636594743,,0.0,0.8
volume_breakout,0.4,0.03,-0.03,1.0,0.65,2,80,0.0013684240427805847,0.425,52,11,-0.00040282373482489236,0.34615384615384615,0.980047354402115,-0.04466006224783703,-0.0014976137636594743,,0.0,0.8
volume_breakout,0.4,0.03,0.0,1.0,0.65,2,80,0.0013684240427805847,0.425,52,11,-0.00040282373482489236,0.34615384615384615,0.980047354402115,-0.04466006224783703,-0.0014976137636594743,,0.0,0.8
volume_breakout,0.4,0.03,0.03,1.0,0.5,2,80,0.0013684240427805847,0.425,52,11,-0.00040282373482489236,0.34615384615384615,0.980047354402115,-0.04466006224783703,-0.0014976137636594743,,0.0,0.8
volume_breakout,0.4,0.03,0.03,1.0,0.35,2,80,0.0013684240427805847,0.425,52,11,-0.00040282373482489236,0.34615384615384615,0.980047354402115,-0.04466006224783703,-0.0014976137636594743,,0.0,0.8
volume_breakout,0.4,0.03,0.0,1.0,0.35,2,80,0.0013684240427805847,0.425,52,11,-0.00040282373482489236,0.34615384615384615,0.980047354402115,-0.04466006224783703,-0.0014976137636594743,,0.0,0.8
volume_breakout,0.4,0.03,0.0,1.0,0.5,2,80,0.0013684240427805847,0.425,52,11,-0.00040282373482489236,0.34615384615384615,0.980047354402115,-0.04466006224783703,-0.0014976137636594743,,0.0,0.8
volume_breakout,0.4,0.03,0.03,1.0,0.65,2,80,0.0013684240427805847,0.425,52,11,-0.00040282373482489236,0.34615384615384615,0.980047354402115,-0.04466006224783703,-0.0014976137636594743,,0.0,0.8
volume_breakout,0.4,0.03,-0.03,1.0,0.35,2,80,0.0013684240427805847,0.425,52,11,-0.00040282373482489236,0.34615384615384615,0.980047354402115,-0.04466006224783703,-0.0014976137636594743,,0.0,0.8
trend_pullback,0.3,-0.03,0.03,1.0,0.65,3,90,-0.00020242233475079315,0.36666666666666664,88,18,-0.00028471883102418295,0.3522727272727273,0.9854995743405744,-0.0486842366278144,-0.0014988710362734714,0.45,,
trend_pullback,0.3,-0.03,0.03,1.0,0.65,1,90,0.0008556446639391177,0.43333333333333335,90,18,-0.0002506694632565308,0.4,0.9840652527719755,-0.050313991637409905,-0.001514072899185834,0.7,,
volume_breakout,0.4,0.03,-0.03,1.0,0.65,1,80,0.0009017395316445671,0.4125,52,11,-0.000497521037460127,0.34615384615384615,0.9706580805129923,-0.0431120662484199,-0.001548218504784476,,0.0,1.1
volume_breakout,0.4,0.03,0.0,1.0,0.35,1,80,0.0009017395316445671,0.4125,52,11,-0.000497521037460127,0.34615384615384615,0.9706580805129923,-0.0431120662484199,-0.001548218504784476,,0.0,1.1
volume_breakout,0.4,0.03,0.0,1.0,0.65,1,80,0.0009017395316445671,0.4125,52,11,-0.000497521037460127,0.34615384615384615,0.9706580805129923,-0.0431120662484199,-0.001548218504784476,,0.0,1.1
volume_breakout,0.4,0.03,0.03,1.0,0.5,1,80,0.0009017395316445671,0.4125,52,11,-0.000497521037460127,0.34615384615384615,0.9706580805129923,-0.0431120662484199,-0.001548218504784476,,0.0,1.1
volume_breakout,0.4,0.03,0.03,1.0,0.35,1,80,0.0009017395316445671,0.4125,52,11,-0.000497521037460127,0.34615384615384615,0.9706580805129923,-0.0431120662484199,-0.001548218504784476,,0.0,1.1
volume_breakout,0.4,0.03,-0.03,1.0,0.5,1,80,0.0009017395316445671,0.4125,52,11,-0.000497521037460127,0.34615384615384615,0.9706580805129923,-0.0431120662484199,-0.001548218504784476,,0.0,1.1
volume_breakout,0.4,0.03,-0.03,1.0,0.35,1,80,0.0009017395316445671,0.4125,52,11,-0.000497521037460127,0.34615384615384615,0.9706580805129923,-0.0431120662484199,-0.001548218504784476,,0.0,1.1
volume_breakout,0.4,0.03,0.0,1.0,0.5,1,80,0.0009017395316445671,0.4125,52,11,-0.000497521037460127,0.34615384615384615,0.9706580805129923,-0.0431120662484199,-0.001548218504784476,,0.0,1.1
volume_breakout,0.4,0.03,0.03,1.0,0.65,1,80,0.0009017395316445671,0.4125,52,11,-0.000497521037460127,0.34615384615384615,0.9706580805129923,-0.0431120662484199,-0.001548218504784476,,0.0,1.1
volume_breakout,0.4,0.0,0.03,1.0,0.65,2,80,0.0013684240427805847,0.425,55,11,-0.0004681242583798942,0.34545454545454546,0.9768677446523849,-0.04466006224783703,-0.0015637091896519087,,0.0,0.8
volume_breakout,0.4,0.0,0.03,1.0,0.5,2,80,0.0013684240427805847,0.425,55,11,-0.0004681242583798942,0.34545454545454546,0.9768677446523849,-0.04466006224783703,-0.0015637091896519087,,0.0,0.8
volume_breakout,0.4,0.0,0.03,1.0,0.35,2,80,0.0013684240427805847,0.425,55,11,-0.0004681242583798942,0.34545454545454546,0.9768677446523849,-0.04466006224783703,-0.0015637091896519087,,0.0,0.8
volume_breakout,0.4,0.0,0.03,1.0,0.5,2,80,0.0013684240427805847,0.425,55,11,-0.0004681242583798942,0.34545454545454546,0.9768677446523849,-0.04466006224783703,-0.0015637091896519087,,0.0,1.1
volume_breakout,0.4,0.0,0.0,1.0,0.35,2,80,0.0013684240427805847,0.425,55,11,-0.0004681242583798942,0.34545454545454546,0.9768677446523849,-0.04466006224783703,-0.0015637091896519087,,0.0,1.1
volume_breakout,0.4,0.0,0.0,1.0,0.5,2,80,0.0013684240427805847,0.425,55,11,-0.0004681242583798942,0.34545454545454546,0.9768677446523849,-0.04466006224783703,-0.0015637091896519087,,0.0,0.8
volume_breakout,0.4,0.0,-0.03,1.0,0.35,2,80,0.0013684240427805847,0.425,55,11,-0.0004681242583798942,0.34545454545454546,0.9768677446523849,-0.04466006224783703,-0.0015637091896519087,,0.0,0.8
volume_breakout,0.4,0.0,-0.03,1.0,0.5,2,80,0.0013684240427805847,0.425,55,11,-0.0004681242583798942,0.34545454545454546,0.9768677446523849,-0.04466006224783703,-0.0015637091896519087,,0.0,0.8
volume_breakout,0.4,0.0,-0.03,1.0,0.5,2,80,0.0013684240427805847,0.425,55,11,-0.0004681242583798942,0.34545454545454546,0.9768677446523849,-0.04466006224783703,-0.0015637091896519087,,0.0,1.1
volume_breakout,0.4,0.0,-0.03,1.0,0.65,2,80,0.0013684240427805847,0.425,55,11,-0.0004681242583798942,0.34545454545454546,0.9768677446523849,-0.04466006224783703,-0.0015637091896519087,,0.0,1.1
volume_breakout,0.4,0.0,-0.03,1.0,0.65,2,80,0.0013684240427805847,0.425,55,11,-0.0004681242583798942,0.34545454545454546,0.9768677446523849,-0.04466006224783703,-0.0015637091896519087,,0.0,0.8
volume_breakout,0.4,0.0,-0.03,1.0,0.35,2,80,0.0013684240427805847,0.425,55,11,-0.0004681242583798942,0.34545454545454546,0.9768677446523849,-0.04466006224783703,-0.0015637091896519087,,0.0,1.1
volume_breakout,0.4,0.0,0.0,1.0,0.65,2,80,0.0013684240427805847,0.425,55,11,-0.0004681242583798942,0.34545454545454546,0.9768677446523849,-0.04466006224783703,-0.0015637091896519087,,0.0,1.1
volume_breakout,0.4,0.0,0.03,1.0,0.35,2,80,0.0013684240427805847,0.425,55,11,-0.0004681242583798942,0.34545454545454546,0.9768677446523849,-0.04466006224783703,-0.0015637091896519087,,0.0,1.1
volume_breakout,0.4,0.0,0.0,1.0,0.65,2,80,0.0013684240427805847,0.425,55,11,-0.0004681242583798942,0.34545454545454546,0.9768677446523849,-0.04466006224783703,-0.0015637091896519087,,0.0,0.8
volume_breakout,0.4,0.0,0.0,1.0,0.35,2,80,0.0013684240427805847,0.425,55,11,-0.0004681242583798942,0.34545454545454546,0.9768677446523849,-0.04466006224783703,-0.0015637091896519087,,0.0,0.8
volume_breakout,0.4,0.0,0.0,1.0,0.5,2,80,0.0013684240427805847,0.425,55,11,-0.0004681242583798942,0.34545454545454546,0.9768677446523849,-0.04466006224783703,-0.0015637091896519087,,0.0,1.1
volume_breakout,0.4,0.0,0.03,1.0,0.65,2,80,0.0013684240427805847,0.425,55,11,-0.0004681242583798942,0.34545454545454546,0.9768677446523849,-0.04466006224783703,-0.0015637091896519087,,0.0,1.1
volume_breakout,0.4,-0.03,0.03,1.0,0.65,2,80,0.0013684240427805847,0.425,55,11,-0.0004681242583798977,0.34545454545454546,0.9768677446523848,-0.04466006224783703,-0.0015637091896519122,,0.0,0.8
volume_breakout,0.4,-0.03,0.03,1.0,0.65,2,80,0.0013684240427805847,0.425,55,11,-0.0004681242583798977,0.34545454545454546,0.9768677446523848,-0.04466006224783703,-0.0015637091896519122,,0.0,1.1
volume_breakout,0.4,-0.03,0.0,1.0,0.5,2,80,0.0013684240427805847,0.425,55,11,-0.0004681242583798977,0.34545454545454546,0.9768677446523848,-0.04466006224783703,-0.0015637091896519122,,0.0,0.8
volume_breakout,0.4,-0.03,0.03,1.0,0.5,2,80,0.0013684240427805847,0.425,55,11,-0.0004681242583798977,0.34545454545454546,0.9768677446523848,-0.04466006224783703,-0.0015637091896519122,,0.0,1.1
volume_breakout,0.4,-0.03,0.03,1.0,0.35,2,80,0.0013684240427805847,0.425,55,11,-0.0004681242583798977,0.34545454545454546,0.9768677446523848,-0.04466006224783703,-0.0015637091896519122,,0.0,0.8
volume_breakout,0.4,-0.03,0.03,1.0,0.5,2,80,0.0013684240427805847,0.425,55,11,-0.0004681242583798977,0.34545454545454546,0.9768677446523848,-0.04466006224783703,-0.0015637091896519122,,0.0,0.8
volume_breakout,0.4,-0.03,0.03,1.0,0.35,2,80,0.0013684240427805847,0.425,55,11,-0.0004681242583798977,0.34545454545454546,0.9768677446523848,-0.04466006224783703,-0.0015637091896519122,,0.0,1.1
volume_breakout,0.4,-0.03,0.0,1.0,0.65,2,80,0.0013684240427805847,0.425,55,11,-0.0004681242583798977,0.34545454545454546,0.9768677446523848,-0.04466006224783703,-0.0015637091896519122,,0.0,1.1
volume_breakout,0.4,-0.03,0.0,1.0,0.65,2,80,0.0013684240427805847,0.425,55,11,-0.0004681242583798977,0.34545454545454546,0.9768677446523848,-0.04466006224783703,-0.0015637091896519122,,0.0,0.8
volume_breakout,0.4,-0.03,-0.03,1.0,0.35,2,80,0.0013684240427805847,0.425,55,11,-0.0004681242583798977,0.34545454545454546,0.9768677446523848,-0.04466006224783703,-0.0015637091896519122,,0.0,1.1
volume_breakout,0.4,-0.03,0.0,1.0,0.35,2,80,0.0013684240427805847,0.425,55,11,-0.0004681242583798977,0.34545454545454546,0.9768677446523848,-0.04466006224783703,-0.0015637091896519122,,0.0,1.1
volume_breakout,0.4,-0.03,0.0,1.0,0.35,2,80,0.0013684240427805847,0.425,55,11,-0.0004681242583798977,0.34545454545454546,0.9768677446523848,-0.04466006224783703,-0.0015637091896519122,,0.0,0.8
volume_breakout,0.4,-0.03,0.0,1.0,0.5,2,80,0.0013684240427805847,0.425,55,11,-0.0004681242583798977,0.34545454545454546,0.9768677446523848,-0.04466006224783703,-0.0015637091896519122,,0.0,1.1
volume_breakout,0.4,-0.03,-0.03,1.0,0.65,2,80,0.0013684240427805847,0.425,55,11,-0.0004681242583798977,0.34545454545454546,0.9768677446523848,-0.04466006224783703,-0.0015637091896519122,,0.0,0.8
volume_breakout,0.4,-0.03,-0.03,1.0,0.65,2,80,0.0013684240427805847,0.425,55,11,-0.0004681242583798977,0.34545454545454546,0.9768677446523848,-0.04466006224783703,-0.0015637091896519122,,0.0,1.1
volume_breakout,0.4,-0.03,-0.03,1.0,0.5,2,80,0.0013684240427805847,0.425,55,11,-0.0004681242583798977,0.34545454545454546,0.9768677446523848,-0.04466006224783703,-0.0015637091896519122,,0.0,0.8
volume_breakout,0.4,-0.03,-0.03,1.0,0.5,2,80,0.0013684240427805847,0.425,55,11,-0.0004681242583798977,0.34545454545454546,0.9768677446523848,-0.04466006224783703,-0.0015637091896519122,,0.0,1.1
volume_breakout,0.4,-0.03,-0.03,1.0,0.35,2,80,0.0013684240427805847,0.425,55,11,-0.0004681242583798977,0.34545454545454546,0.9768677446523848,-0.04466006224783703,-0.0015637091896519122,,0.0,0.8
volume_breakout,0.4,0.03,0.03,1.0,0.5,2,80,-0.0012292662507988237,0.4125,53,11,-0.0010256476620981395,0.3584905660377358,0.9484654430133268,-0.027874944404657098,-0.0016247796334845207,,-0.05,1.1
volume_breakout,0.4,0.03,0.03,1.0,0.65,2,80,-0.0012292662507988237,0.4125,53,11,-0.0010256476620981395,0.3584905660377358,0.9484654430133268,-0.027874944404657098,-0.0016247796334845207,,-0.05,1.1
volume_breakout,0.4,0.03,-0.03,1.0,0.65,2,80,-0.0012292662507988237,0.4125,53,11,-0.0010256476620981395,0.3584905660377358,0.9484654430133268,-0.027874944404657098,-0.0016247796334845207,,-0.05,1.1
volume_breakout,0.4,0.03,-0.03,1.0,0.5,2,80,-0.0012292662507988237,0.4125,53,11,-0.0010256476620981395,0.3584905660377358,0.9484654430133268,-0.027874944404657098,-0.0016247796334845207,,-0.05,1.1
volume_breakout,0.4,0.03,-0.03,1.0,0.35,2,80,-0.0012292662507988237,0.4125,53,11,-0.0010256476620981395,0.3584905660377358,0.9484654430133268,-0.027874944404657098,-0.0016247796334845207,,-0.05,1.1
volume_breakout,0.4,0.03,0.03,1.0,0.35,2,80,-0.0012292662507988237,0.4125,53,11,-0.0010256476620981395,0.3584905660377358,0.9484654430133268,-0.027874944404657098,-0.0016247796334845207,,-0.05,1.1
volume_breakout,0.4,0.03,0.0,1.0,0.65,2,80,-0.0012292662507988237,0.4125,53,11,-0.0010256476620981395,0.3584905660377358,0.9484654430133268,-0.027874944404657098,-0.0016247796334845207,,-0.05,1.1
volume_breakout,0.4,0.03,0.0,1.0,0.5,2,80,-0.0012292662507988237,0.4125,53,11,-0.0010256476620981395,0.3584905660377358,0.9484654430133268,-0.027874944404657098,-0.0016247796334845207,,-0.05,1.1
volume_breakout,0.4,0.03,0.0,1.0,0.35,2,80,-0.0012292662507988237,0.4125,53,11,-0.0010256476620981395,0.3584905660377358,0.9484654430133268,-0.027874944404657098,-0.0016247796334845207,,-0.05,1.1
trend_pullback,0.4,-0.03,-0.03,1.0,0.5,3,80,-0.0021009736417134358,0.35,55,11,-0.0009263148577850741,0.34545454545454546,0.9516165280228795,-0.032230765116346705,-0.0016553336792697552,0.7,,
trend_pullback,0.4,-0.03,0.03,1.0,0.35,3,80,-0.00021940646634214001,0.375,55,11,-0.0009263148577850741,0.34545454545454546,0.9516165280228795,-0.032230765116346705,-0.0016553336792697552,0.45,,
trend_pullback,0.4,-0.03,0.03,1.0,0.35,3,80,-0.0021009736417134358,0.35,55,11,-0.0009263148577850741,0.34545454545454546,0.9516165280228795,-0.032230765116346705,-0.0016553336792697552,0.7,,
trend_pullback,0.4,-0.03,0.0,1.0,0.35,3,80,-0.00021940646634214001,0.375,55,11,-0.0009263148577850741,0.34545454545454546,0.9516165280228795,-0.032230765116346705,-0.0016553336792697552,0.45,,
trend_pullback,0.4,-0.03,0.0,1.0,0.35,3,80,-0.0021009736417134358,0.35,55,11,-0.0009263148577850741,0.34545454545454546,0.9516165280228795,-0.032230765116346705,-0.0016553336792697552,0.7,,
trend_pullback,0.4,-0.03,0.03,1.0,0.5,3,80,-0.00021940646634214001,0.375,55,11,-0.0009263148577850741,0.34545454545454546,0.9516165280228795,-0.032230765116346705,-0.0016553336792697552,0.45,,
trend_pullback,0.4,-0.03,0.03,1.0,0.5,3,80,-0.0021009736417134358,0.35,55,11,-0.0009263148577850741,0.34545454545454546,0.9516165280228795,-0.032230765116346705,-0.0016553336792697552,0.7,,
trend_pullback,0.4,-0.03,-0.03,1.0,0.35,3,80,-0.0021009736417134358,0.35,55,11,-0.0009263148577850741,0.34545454545454546,0.9516165280228795,-0.032230765116346705,-0.0016553336792697552,0.7,,
trend_pullback,0.4,-0.03,0.0,1.0,0.5,3,80,-0.0021009736417134358,0.35,55,11,-0.0009263148577850741,0.34545454545454546,0.9516165280228795,-0.032230765116346705,-0.0016553336792697552,0.7,,
trend_pullback,0.4,-0.03,-0.03,1.0,0.35,3,80,-0.00021940646634214001,0.375,55,11,-0.0009263148577850741,0.34545454545454546,0.9516165280228795,-0.032230765116346705,-0.0016553336792697552,0.45,,
trend_pullback,0.4,-0.03,0.0,1.0,0.5,3,80,-0.00021940646634214001,0.375,55,11,-0.0009263148577850741,0.34545454545454546,0.9516165280228795,-0.032230765116346705,-0.0016553336792697552,0.45,,
trend_pullback,0.4,-0.03,-0.03,1.0,0.5,3,80,-0.00021940646634214001,0.375,55,11,-0.0009263148577850741,0.34545454545454546,0.9516165280228795,-0.032230765116346705,-0.0016553336792697552,0.45,,
volume_breakout,0.3,0.03,-0.03,1.0,0.5,2,90,0.00039620777706771344,0.4222222222222222,88,18,-0.0008633253602784847,0.3522727272727273,0.9567788940184695,-0.0358421606006154,-0.0016993954547923295,,-0.05,0.8
volume_breakout,0.3,0.03,-0.03,1.0,0.35,2,90,0.00039620777706771344,0.4222222222222222,88,18,-0.0008633253602784847,0.3522727272727273,0.9567788940184695,-0.0358421606006154,-0.0016993954547923295,,-0.05,0.8
volume_breakout,0.3,0.03,-0.03,1.0,0.65,2,90,0.00039620777706771344,0.4222222222222222,88,18,-0.0008633253602784847,0.3522727272727273,0.9567788940184695,-0.0358421606006154,-0.0016993954547923295,,-0.05,0.8
volume_breakout,0.3,0.03,0.0,1.0,0.65,2,90,0.00039620777706771344,0.4222222222222222,88,18,-0.0008633253602784847,0.3522727272727273,0.9567788940184695,-0.0358421606006154,-0.0016993954547923295,,-0.05,0.8
volume_breakout,0.3,0.03,0.03,1.0,0.65,2,90,0.00039620777706771344,0.4222222222222222,88,18,-0.0008633253602784847,0.3522727272727273,0.9567788940184695,-0.0358421606006154,-0.0016993954547923295,,-0.05,0.8
volume_breakout,0.3,0.03,0.0,1.0,0.35,2,90,0.00039620777706771344,0.4222222222222222,88,18,-0.0008633253602784847,0.3522727272727273,0.9567788940184695,-0.0358421606006154,-0.0016993954547923295,,-0.05,0.8
volume_breakout,0.3,0.03,0.0,1.0,0.5,2,90,0.00039620777706771344,0.4222222222222222,88,18,-0.0008633253602784847,0.3522727272727273,0.9567788940184695,-0.0358421606006154,-0.0016993954547923295,,-0.05,0.8
volume_breakout,0.3,0.03,0.03,1.0,0.5,2,90,0.00039620777706771344,0.4222222222222222,88,18,-0.0008633253602784847,0.3522727272727273,0.9567788940184695,-0.0358421606006154,-0.0016993954547923295,,-0.05,0.8
volume_breakout,0.3,0.03,0.03,1.0,0.35,2,90,0.00039620777706771344,0.4222222222222222,88,18,-0.0008633253602784847,0.3522727272727273,0.9567788940184695,-0.0358421606006154,-0.0016993954547923295,,-0.05,0.8
volume_breakout,0.3,0.0,0.0,1.0,0.35,1,90,-0.00015766801903635251,0.4111111111111111,90,18,-0.0009561598283573043,0.35555555555555557,0.9446944165199255,-0.032748926112897925,-0.0017024540076142607,,-0.05,1.1
volume_breakout,0.3,0.0,0.0,1.0,0.65,1,90,-0.00015766801903635251,0.4111111111111111,90,18,-0.0009561598283573043,0.35555555555555557,0.9446944165199255,-0.032748926112897925,-0.0017024540076142607,,-0.05,1.1
volume_breakout,0.3,0.0,0.03,1.0,0.65,1,90,-0.00015766801903635251,0.4111111111111111,90,18,-0.0009561598283573043,0.35555555555555557,0.9446944165199255,-0.032748926112897925,-0.0017024540076142607,,-0.05,0.8
volume_breakout,0.3,0.0,0.03,1.0,0.65,1,90,-0.00015766801903635251,0.4111111111111111,90,18,-0.0009561598283573043,0.35555555555555557,0.9446944165199255,-0.032748926112897925,-0.0017024540076142607,,-0.05,1.1
volume_breakout,0.3,0.0,0.03,1.0,0.5,1,90,-0.00015766801903635251,0.4111111111111111,90,18,-0.0009561598283573043,0.35555555555555557,0.9446944165199255,-0.032748926112897925,-0.0017024540076142607,,-0.05,0.8
volume_breakout,0.3,0.0,-0.03,1.0,0.65,1,90,-0.00015766801903635251,0.4111111111111111,90,18,-0.0009561598283573043,0.35555555555555557,0.9446944165199255,-0.032748926112897925,-0.0017024540076142607,,-0.05,0.8
volume_breakout,0.3,0.0,-0.03,1.0,0.5,1,90,-0.00015766801903635251,0.4111111111111111,90,18,-0.0009561598283573043,0.35555555555555557,0.9446944165199255,-0.032748926112897925,-0.0017024540076142607,,-0.05,0.8
volume_breakout,0.3,0.0,-0.03,1.0,0.35,1,90,-0.00015766801903635251,0.4111111111111111,90,18,-0.0009561598283573043,0.35555555555555557,0.9446944165199255,-0.032748926112897925,-0.0017024540076142607,,-0.05,0.8
volume_breakout,0.3,0.0,-0.03,1.0,0.35,1,90,-0.00015766801903635251,0.4111111111111111,90,18,-0.0009561598283573043,0.35555555555555557,0.9446944165199255,-0.032748926112897925,-0.0017024540076142607,,-0.05,1.1
volume_breakout,0.3,0.0,-0.03,1.0,0.5,1,90,-0.00015766801903635251,0.4111111111111111,90,18,-0.0009561598283573043,0.35555555555555557,0.9446944165199255,-0.032748926112897925,-0.0017024540076142607,,-0.05,1.1
volume_breakout,0.3,0.0,0.0,1.0,0.5,1,90,-0.00015766801903635251,0.4111111111111111,90,18,-0.0009561598283573043,0.35555555555555557,0.9446944165199255,-0.032748926112897925,-0.0017024540076142607,,-0.05,1.1
volume_breakout,0.3,0.0,0.0,1.0,0.65,1,90,-0.00015766801903635251,0.4111111111111111,90,18,-0.0009561598283573043,0.35555555555555557,0.9446944165199255,-0.032748926112897925,-0.0017024540076142607,,-0.05,0.8
volume_breakout,0.3,0.0,0.03,1.0,0.35,1,90,-0.00015766801903635251,0.4111111111111111,90,18,-0.0009561598283573043,0.35555555555555557,0.9446944165199255,-0.032748926112897925,-0.0017024540076142607,,-0.05,1.1
volume_breakout,0.3,0.0,0.03,1.0,0.35,1,90,-0.00015766801903635251,0.4111111111111111,90,18,-0.0009561598283573043,0.35555555555555557,0.9446944165199255,-0.032748926112897925,-0.0017024540076142607,,-0.05,0.8
volume_breakout,0.3,0.0,-0.03,1.0,0.65,1,90,-0.00015766801903635251,0.4111111111111111,90,18,-0.0009561598283573043,0.35555555555555557,0.9446944165199255,-0.032748926112897925,-0.0017024540076142607,,-0.05,1.1
volume_breakout,0.3,0.0,0.03,1.0,0.5,1,90,-0.00015766801903635251,0.4111111111111111,90,18,-0.0009561598283573043,0.35555555555555557,0.9446944165199255,-0.032748926112897925,-0.0017024540076142607,,-0.05,1.1
volume_breakout,0.3,0.0,0.0,1.0,0.35,1,90,-0.00015766801903635251,0.4111111111111111,90,18,-0.0009561598283573043,0.35555555555555557,0.9446944165199255,-0.032748926112897925,-0.0017024540076142607,,-0.05,0.8
volume_breakout,0.3,0.0,0.0,1.0,0.5,1,90,-0.00015766801903635251,0.4111111111111111,90,18,-0.0009561598283573043,0.35555555555555557,0.9446944165199255,-0.032748926112897925,-0.0017024540076142607,,-0.05,0.8
volume_breakout,0.4,0.03,-0.03,1.0,0.35,1,80,-0.002259712072044132,0.3875,54,11,-0.001030552899779921,0.37037037037037035,0.9388463115870607,-0.032748926112897925,-0.0017783091052700935,,-0.05,0.8
volume_breakout,0.4,0.03,-0.03,1.0,0.5,1,80,-0.002259712072044132,0.3875,54,11,-0.001030552899779921,0.37037037037037035,0.9388463115870607,-0.032748926112897925,-0.0017783091052700935,,-0.05,0.8
volume_breakout,0.4,0.03,0.0,1.0,0.35,1,80,-0.002259712072044132,0.3875,54,11,-0.001030552899779921,0.37037037037037035,0.9388463115870607,-0.032748926112897925,-0.0017783091052700935,,-0.05,0.8
volume_breakout,0.4,0.03,0.0,1.0,0.5,1,80,-0.002259712072044132,0.3875,54,11,-0.001030552899779921,0.37037037037037035,0.9388463115870607,-0.032748926112897925,-0.0017783091052700935,,-0.05,0.8
volume_breakout,0.4,0.03,0.03,1.0,0.5,1,80,-0.002259712072044132,0.3875,54,11,-0.001030552899779921,0.37037037037037035,0.9388463115870607,-0.032748926112897925,-0.0017783091052700935,,-0.05,0.8
volume_breakout,0.4,0.03,0.03,1.0,0.35,1,80,-0.002259712072044132,0.3875,54,11,-0.001030552899779921,0.37037037037037035,0.9388463115870607,-0.032748926112897925,-0.0017783091052700935,,-0.05,0.8
volume_breakout,0.4,0.03,0.03,1.0,0.65,1,80,-0.002259712072044132,0.3875,54,11,-0.001030552899779921,0.37037037037037035,0.9388463115870607,-0.032748926112897925,-0.0017783091052700935,,-0.05,0.8
volume_breakout,0.4,0.03,0.0,1.0,0.65,1,80,-0.002259712072044132,0.3875,54,11,-0.001030552899779921,0.37037037037037035,0.9388463115870607,-0.032748926112897925,-0.0017783091052700935,,-0.05,0.8
volume_breakout,0.4,0.03,-0.03,1.0,0.65,1,80,-0.002259712072044132,0.3875,54,11,-0.001030552899779921,0.37037037037037035,0.9388463115870607,-0.032748926112897925,-0.0017783091052700935,,-0.05,0.8
trend_pullback,0.5,0.0,0.03,0.75,0.35,2,75,-0.005175343510582393,0.3466666666666667,35,7,-0.0014172993582507742,0.37142857142857144,0.9060286171731287,-0.02029748470428283,-0.0017997167450859769,0.45,,
trend_pullback,0.5,0.0,0.0,0.75,0.35,2,75,-0.005175343510582393,0.3466666666666667,35,7,-0.0014172993582507742,0.37142857142857144,0.9060286171731287,-0.02029748470428283,-0.0017997167450859769,0.45,,
trend_pullback,0.5,0.0,-0.03,0.75,0.35,2,75,-0.005175343510582393,0.3466666666666667,35,7,-0.0014172993582507742,0.37142857142857144,0.9060286171731287,-0.02029748470428283,-0.0017997167450859769,0.45,,
trend_pullback,0.5,-0.03,0.03,0.75,0.35,2,75,-0.005769734842641031,0.3333333333333333,35,7,-0.0014172993582507742,0.37142857142857144,0.9060286171731287,-0.02029748470428283,-0.0017997167450859769,0.45,,
trend_pullback,0.5,-0.03,-0.03,0.75,0.5,2,75,-0.005769734842641031,0.3333333333333333,35,7,-0.0014172993582507742,0.37142857142857144,0.9060286171731287,-0.02029748470428283,-0.0017997167450859769,0.45,,
trend_pullback,0.5,0.03,0.0,0.75,0.35,2,75,-0.004227261796581397,0.36,35,7,-0.0014172993582507742,0.37142857142857144,0.9060286171731287,-0.02029748470428283,-0.0017997167450859769,0.45,,
trend_pullback,0.5,0.0,0.0,0.75,0.5,2,75,-0.005175343510582393,0.3466666666666667,35,7,-0.0014172993582507742,0.37142857142857144,0.9060286171731287,-0.02029748470428283,-0.0017997167450859769,0.45,,
trend_pullback,0.5,0.03,0.0,0.75,0.5,2,75,-0.004227261796581397,0.36,35,7,-0.0014172993582507742,0.37142857142857144,0.9060286171731287,-0.02029748470428283,-0.0017997167450859769,0.45,,
trend_pullback,0.5,-0.03,0.0,0.75,0.5,2,75,-0.005769734842641031,0.3333333333333333,35,7,-0.0014172993582507742,0.37142857142857144,0.9060286171731287,-0.02029748470428283,-0.0017997167450859769,0.45,,
trend_pullback,0.5,0.03,0.03,0.75,0.35,2,75,-0.004227261796581397,0.36,35,7,-0.0014172993582507742,0.37142857142857144,0.9060286171731287,-0.02029748470428283,-0.0017997167450859769,0.45,,
trend_pullback,0.5,0.03,0.03,0.75,0.5,2,75,-0.004227261796581397,0.36,35,7,-0.0014172993582507742,0.37142857142857144,0.9060286171731287,-0.02029748470428283,-0.0017997167450859769,0.45,,
trend_pullback,0.5,0.03,-0.03,0.75,0.5,2,75,-0.004227261796581397,0.36,35,7,-0.0014172993582507742,0.37142857142857144,0.9060286171731287,-0.02029748470428283,-0.0017997167450859769,0.45,,
trend_pullback,0.5,0.0,0.03,0.75,0.5,2,75,-0.005175343510582393,0.3466666666666667,35,7,-0.0014172993582507742,0.37142857142857144,0.9060286171731287,-0.02029748470428283,-0.0017997167450859769,0.45,,
trend_pullback,0.5,0.03,-0.03,0.75,0.35,2,75,-0.004227261796581397,0.36,35,7,-0.0014172993582507742,0.37142857142857144,0.9060286171731287,-0.02029748470428283,-0.0017997167450859769,0.45,,
trend_pullback,0.5,-0.03,-0.03,0.75,0.35,2,75,-0.005769734842641031,0.3333333333333333,35,7,-0.0014172993582507742,0.37142857142857144,0.9060286171731287,-0.02029748470428283,-0.0017997167450859769,0.45,,
trend_pullback,0.5,-0.03,0.03,0.75,0.5,2,75,-0.005769734842641031,0.3333333333333333,35,7,-0.0014172993582507742,0.37142857142857144,0.9060286171731287,-0.02029748470428283,-0.0017997167450859769,0.45,,
trend_pullback,0.5,-0.03,0.0,0.75,0.35,2,75,-0.005769734842641031,0.3333333333333333,35,7,-0.0014172993582507742,0.37142857142857144,0.9060286171731287,-0.02029748470428283,-0.0017997167450859769,0.45,,
trend_pullback,0.5,0.0,-0.03,0.75,0.5,2,75,-0.005175343510582393,0.3466666666666667,35,7,-0.0014172993582507742,0.37142857142857144,0.9060286171731287,-0.02029748470428283,-0.0017997167450859769,0.45,,
trend_pullback,0.3,-0.03,0.03,1.0,0.65,2,90,-0.0012191939255241102,0.36666666666666664,88,18,-0.000703153369858597,0.3522727272727273,0.9631254757565041,-0.04477024000000007,-0.001805479200919473,0.45,,
trend_pullback,0.3,0.0,0.03,1.0,0.5,1,90,0.0015577960017347074,0.4444444444444444,87,18,-0.0005953553352469042,0.39080459770114945,0.9632545143368382,-0.04875937046436973,-0.0018173228205937866,0.45,,
trend_pullback,0.3,0.0,0.03,1.0,0.35,1,90,0.0015577960017347074,0.4444444444444444,87,18,-0.0005953553352469042,0.39080459770114945,0.9632545143368382,-0.04875937046436973,-0.0018173228205937866,0.45,,
trend_pullback,0.3,-0.03,-0.03,1.0,0.65,1,90,0.0002940476058881559,0.43333333333333335,90,18,-0.0005376475577267878,0.4,0.9664347366339852,-0.05240755996302293,-0.0018682656724589794,0.7,,
trend_pullback,0.3,-0.03,0.0,1.0,0.65,1,90,0.0002940476058881559,0.43333333333333335,90,18,-0.0005376475577267878,0.4,0.9664347366339852,-0.05240755996302293,-0.0018682656724589794,0.7,,
trend_pullback,0.4,-0.03,0.03,1.0,0.65,1,80,0.0012489744418696792,0.45,55,11,-0.0011590519313225765,0.4,0.9236276746381628,-0.03159999999999996,-0.0018761450126630345,0.7,,
trend_pullback,0.4,-0.03,0.0,1.0,0.65,1,80,0.0012489744418696792,0.45,55,11,-0.0011590519313225765,0.4,0.9236276746381628,-0.03159999999999996,-0.0018761450126630345,0.7,,
trend_pullback,0.4,-0.03,-0.03,1.0,0.65,1,80,0.0012489744418696792,0.45,55,11,-0.0011590519313225765,0.4,0.9236276746381628,-0.03159999999999996,-0.0018761450126630345,0.7,,
trend_pullback,0.4,0.0,0.0,0.75,0.65,2,80,-0.00617223118659157,0.325,53,11,-0.0009696362299121368,0.37735849056603776,0.9437067423947435,-0.040755501226858115,-0.0019563745811191943,0.7,,
trend_pullback,0.4,0.0,0.03,0.75,0.65,2,80,-0.00617223118659157,0.325,53,11,-0.0009696362299121368,0.37735849056603776,0.9437067423947435,-0.040755501226858115,-0.0019563745811191943,0.7,,
trend_pullback,0.4,0.0,-0.03,0.75,0.65,2,80,-0.00617223118659157,0.325,53,11,-0.0009696362299121368,0.37735849056603776,0.9437067423947435,-0.040755501226858115,-0.0019563745811191943,0.7,,
trend_pullback,0.4,-0.03,0.03,1.0,0.65,2,80,-0.0019975418064204285,0.3625,55,11,-0.0012704481540142295,0.34545454545454546,0.9324199099262609,-0.03159999999999996,-0.001985343176532663,0.45,,
trend_pullback,0.4,-0.03,0.0,1.0,0.65,2,80,-0.0019975418064204285,0.3625,55,11,-0.0012704481540142295,0.34545454545454546,0.9324199099262609,-0.03159999999999996,-0.001985343176532663,0.45,,
trend_pullback,0.4,-0.03,-0.03,1.0,0.65,2,80,-0.0019975418064204285,0.3625,55,11,-0.0012704481540142295,0.34545454545454546,0.9324199099262609,-0.03159999999999996,-0.001985343176532663,0.45,,
trend_pullback,0.4,-0.03,0.03,1.0,0.65,2,80,-0.002672414019605172,0.3625,55,11,-0.0012704481540142295,0.34545454545454546,0.9324199099262609,-0.03159999999999996,-0.001985343176532663,0.7,,
trend_pullback,0.4,-0.03,0.0,1.0,0.65,2,80,-0.002672414019605172,0.3625,55,11,-0.0012704481540142295,0.34545454545454546,0.9324199099262609,-0.03159999999999996,-0.001985343176532663,0.7,,
trend_pullback,0.4,-0.03,-0.03,1.0,0.65,2,80,-0.002672414019605172,0.3625,55,11,-0.0012704481540142295,0.34545454545454546,0.9324199099262609,-0.03159999999999996,-0.001985343176532663,0.7,,
volume_breakout,0.4,0.03,0.03,0.75,0.35,3,80,0.004599992860125295,0.45,52,11,-0.0009624323756022687,0.36538461538461536,0.9515672172877577,-0.042350983523499974,-0.0019950700769853285,,-0.05,1.1
volume_breakout,0.4,0.03,0.03,0.75,0.5,3,80,0.004599992860125295,0.45,52,11,-0.0009624323756022687,0.36538461538461536,0.9515672172877577,-0.042350983523499974,-0.0019950700769853285,,-0.05,1.1
volume_breakout,0.4,0.03,-0.03,0.75,0.65,3,80,0.004599992860125295,0.45,52,11,-0.0009624323756022687,0.36538461538461536,0.9515672172877577,-0.042350983523499974,-0.0019950700769853285,,-0.05,0.8
volume_breakout,0.4,0.03,0.03,0.75,0.35,3,80,0.004599992860125295,0.45,52,11,-0.0009624323756022687,0.36538461538461536,0.9515672172877577,-0.042350983523499974,-0.0019950700769853285,,-0.05,0.8
volume_breakout,0.4,0.03,-0.03,0.75,0.35,3,80,0.004599992860125295,0.45,52,11,-0.0009624323756022687,0.36538461538461536,0.9515672172877577,-0.042350983523499974,-0.0019950700769853285,,-0.05,1.1
volume_breakout,0.4,0.03,-0.03,0.75,0.5,3,80,0.004599992860125295,0.45,52,11,-0.0009624323756022687,0.36538461538461536,0.9515672172877577,-0.042350983523499974,-0.0019950700769853285,,-0.05,1.1
volume_breakout,0.4,0.03,0.0,0.75,0.35,3,80,0.004599992860125295,0.45,52,11,-0.0009624323756022687,0.36538461538461536,0.9515672172877577,-0.042350983523499974,-0.0019950700769853285,,-0.05,0.8
volume_breakout,0.4,0.03,0.0,0.75,0.5,3,80,0.004599992860125295,0.45,52,11,-0.0009624323756022687,0.36538461538461536,0.9515672172877577,-0.042350983523499974,-0.0019950700769853285,,-0.05,0.8
volume_breakout,0.4,0.03,0.0,0.75,0.65,3,80,0.004599992860125295,0.45,52,11,-0.0009624323756022687,0.36538461538461536,0.9515672172877577,-0.042350983523499974,-0.0019950700769853285,,-0.05,0.8
volume_breakout,0.4,0.03,0.0,0.75,0.5,3,80,0.004599992860125295,0.45,52,11,-0.0009624323756022687,0.36538461538461536,0.9515672172877577,-0.042350983523499974,-0.0019950700769853285,,-0.05,1.1
volume_breakout,0.4,0.03,0.0,0.75,0.65,3,80,0.004599992860125295,0.45,52,11,-0.0009624323756022687,0.36538461538461536,0.9515672172877577,-0.042350983523499974,-0.0019950700769853285,,-0.05,1.1
volume_breakout,0.4,0.03,0.0,0.75,0.35,3,80,0.004599992860125295,0.45,52,11,-0.0009624323756022687,0.36538461538461536,0.9515672172877577,-0.042350983523499974,-0.0019950700769853285,,-0.05,1.1
volume_breakout,0.4,0.03,-0.03,0.75,0.5,3,80,0.004599992860125295,0.45,52,11,-0.0009624323756022687,0.36538461538461536,0.9515672172877577,-0.042350983523499974,-0.0019950700769853285,,-0.05,0.8
volume_breakout,0.4,0.03,-0.03,0.75,0.35,3,80,0.004599992860125295,0.45,52,11,-0.0009624323756022687,0.36538461538461536,0.9515672172877577,-0.042350983523499974,-0.0019950700769853285,,-0.05,0.8
volume_breakout,0.4,0.03,-0.03,0.75,0.65,3,80,0.004599992860125295,0.45,52,11,-0.0009624323756022687,0.36538461538461536,0.9515672172877577,-0.042350983523499974,-0.0019950700769853285,,-0.05,1.1
volume_breakout,0.4,0.03,0.03,0.75,0.65,3,80,0.004599992860125295,0.45,52,11,-0.0009624323756022687,0.36538461538461536,0.9515672172877577,-0.042350983523499974,-0.0019950700769853285,,-0.05,1.1
volume_breakout,0.4,0.03,0.03,0.75,0.5,3,80,0.004599992860125295,0.45,52,11,-0.0009624323756022687,0.36538461538461536,0.9515672172877577,-0.042350983523499974,-0.0019950700769853285,,-0.05,0.8
volume_breakout,0.4,0.03,0.03,0.75,0.65,3,80,0.004599992860125295,0.45,52,11,-0.0009624323756022687,0.36538461538461536,0.9515672172877577,-0.042350983523499974,-0.0019950700769853285,,-0.05,0.8
volume_breakout,0.4,0.0,0.0,1.0,0.5,3,80,0.0011082242819581804,0.4,55,11,-0.0014787878787878709,0.34545454545454546,0.92850445382091,-0.025094391564855933,-0.0019994935122783215,,-0.05,0.8
volume_breakout,0.4,0.0,0.03,1.0,0.65,3,80,0.0011082242819581804,0.4,55,11,-0.0014787878787878709,0.34545454545454546,0.92850445382091,-0.025094391564855933,-0.0019994935122783215,,-0.05,1.1
volume_breakout,0.4,0.0,0.03,1.0,0.5,3,80,0.0011082242819581804,0.4,55,11,-0.0014787878787878709,0.34545454545454546,0.92850445382091,-0.025094391564855933,-0.0019994935122783215,,-0.05,1.1
volume_breakout,0.4,0.0,0.03,1.0,0.35,3,80,0.0011082242819581804,0.4,55,11,-0.0014787878787878709,0.34545454545454546,0.92850445382091,-0.025094391564855933,-0.0019994935122783215,,-0.05,1.1
volume_breakout,0.4,0.0,0.03,1.0,0.35,3,80,0.0011082242819581804,0.4,55,11,-0.0014787878787878709,0.34545454545454546,0.92850445382091,-0.025094391564855933,-0.0019994935122783215,,-0.05,0.8
volume_breakout,0.4,0.0,0.0,1.0,0.35,3,80,0.0011082242819581804,0.4,55,11,-0.0014787878787878709,0.34545454545454546,0.92850445382091,-0.025094391564855933,-0.0019994935122783215,,-0.05,0.8
volume_breakout,0.4,0.0,0.0,1.0,0.35,3,80,0.0011082242819581804,0.4,55,11,-0.0014787878787878709,0.34545454545454546,0.92850445382091,-0.025094391564855933,-0.0019994935122783215,,-0.05,1.1
volume_breakout,0.4,0.0,0.03,1.0,0.5,3,80,0.0011082242819581804,0.4,55,11,-0.0014787878787878709,0.34545454545454546,0.92850445382091,-0.025094391564855933,-0.0019994935122783215,,-0.05,0.8
volume_breakout,0.4,0.0,0.03,1.0,0.65,3,80,0.0011082242819581804,0.4,55,11,-0.0014787878787878709,0.34545454545454546,0.92850445382091,-0.025094391564855933,-0.0019994935122783215,,-0.05,0.8
volume_breakout,0.4,0.0,0.0,1.0,0.65,3,80,0.0011082242819581804,0.4,55,11,-0.0014787878787878709,0.34545454545454546,0.92850445382091,-0.025094391564855933,-0.0019994935122783215,,-0.05,0.8
volume_breakout,0.4,0.0,0.0,1.0,0.5,3,80,0.0011082242819581804,0.4,55,11,-0.0014787878787878709,0.34545454545454546,0.92850445382091,-0.025094391564855933,-0.0019994935122783215,,-0.05,1.1
volume_breakout,0.4,0.0,0.0,1.0,0.65,3,80,0.0011082242819581804,0.4,55,11,-0.0014787878787878709,0.34545454545454546,0.92850445382091,-0.025094391564855933,-0.0019994935122783215,,-0.05,1.1
volume_breakout,0.4,0.0,-0.03,1.0,0.65,3,80,0.0011082242819581804,0.4,55,11,-0.0014787878787878709,0.34545454545454546,0.92850445382091,-0.025094391564855933,-0.0019994935122783215,,-0.05,0.8
volume_breakout,0.4,0.0,-0.03,1.0,0.65,3,80,0.0011082242819581804,0.4,55,11,-0.0014787878787878709,0.34545454545454546,0.92850445382091,-0.025094391564855933,-0.0019994935122783215,,-0.05,1.1
volume_breakout,0.4,0.0,-0.03,1.0,0.5,3,80,0.0011082242819581804,0.4,55,11,-0.0014787878787878709,0.34545454545454546,0.92850445382091,-0.025094391564855933,-0.0019994935122783215,,-0.05,0.8
volume_breakout,0.4,0.0,-0.03,1.0,0.5,3,80,0.0011082242819581804,0.4,55,11,-0.0014787878787878709,0.34545454545454546,0.92850445382091,-0.025094391564855933,-0.0019994935122783215,,-0.05,1.1
volume_breakout,0.4,0.0,-0.03,1.0,0.35,3,80,0.0011082242819581804,0.4,55,11,-0.0014787878787878709,0.34545454545454546,0.92850445382091,-0.025094391564855933,-0.0019994935122783215,,-0.05,1.1
volume_breakout,0.4,0.0,-0.03,1.0,0.35,3,80,0.0011082242819581804,0.4,55,11,-0.0014787878787878709,0.34545454545454546,0.92850445382091,-0.025094391564855933,-0.0019994935122783215,,-0.05,0.8
volume_breakout,0.3,0.0,0.03,1.0,0.5,3,90,0.0024739771395183826,0.4111111111111111,90,18,-0.0010248094248094131,0.34444444444444444,0.9501255218585511,-0.040567229055999965,-0.002004294916024774,,-0.05,1.1
volume_breakout,0.3,0.0,0.03,1.0,0.65,3,90,0.0024739771395183826,0.4111111111111111,90,18,-0.0010248094248094131,0.34444444444444444,0.9501255218585511,-0.040567229055999965,-0.002004294916024774,,-0.05,1.1
volume_breakout,0.3,0.0,0.03,1.0,0.35,3,90,0.0024739771395183826,0.4111111111111111,90,18,-0.0010248094248094131,0.34444444444444444,0.9501255218585511,-0.040567229055999965,-0.002004294916024774,,-0.05,0.8
volume_breakout,0.3,0.0,0.03,1.0,0.35,3,90,0.0024739771395183826,0.4111111111111111,90,18,-0.0010248094248094131,0.34444444444444444,0.9501255218585511,-0.040567229055999965,-0.002004294916024774,,-0.05,1.1
volume_breakout,0.3,0.0,0.0,1.0,0.65,3,90,0.0024739771395183826,0.4111111111111111,90,18,-0.0010248094248094131,0.34444444444444444,0.9501255218585511,-0.040567229055999965,-0.002004294916024774,,-0.05,0.8
volume_breakout,0.3,0.0,0.03,1.0,0.65,3,90,0.0024739771395183826,0.4111111111111111,90,18,-0.0010248094248094131,0.34444444444444444,0.9501255218585511,-0.040567229055999965,-0.002004294916024774,,-0.05,0.8
volume_breakout,0.3,0.0,0.0,1.0,0.5,3,90,0.0024739771395183826,0.4111111111111111,90,18,-0.0010248094248094131,0.34444444444444444,0.9501255218585511,-0.040567229055999965,-0.002004294916024774,,-0.05,1.1
volume_breakout,0.3,0.0,0.0,1.0,0.65,3,90,0.0024739771395183826,0.4111111111111111,90,18,-0.0010248094248094131,0.34444444444444444,0.9501255218585511,-0.040567229055999965,-0.002004294916024774,,-0.05,1.1
volume_breakout,0.3,0.0,0.03,1.0,0.5,3,90,0.0024739771395183826,0.4111111111111111,90,18,-0.0010248094248094131,0.34444444444444444,0.9501255218585511,-0.040567229055999965,-0.002004294916024774,,-0.05,0.8
volume_breakout,0.3,0.0,-0.03,1.0,0.35,3,90,0.0024739771395183826,0.4111111111111111,90,18,-0.0010248094248094131,0.34444444444444444,0.9501255218585511,-0.040567229055999965,-0.002004294916024774,,-0.05,1.1
volume_breakout,0.3,0.0,-0.03,1.0,0.35,3,90,0.0024739771395183826,0.4111111111111111,90,18,-0.0010248094248094131,0.34444444444444444,0.9501255218585511,-0.040567229055999965,-0.002004294916024774,,-0.05,0.8
volume_breakout,0.3,0.0,-0.03,1.0,0.5,3,90,0.0024739771395183826,0.4111111111111111,90,18,-0.0010248094248094131,0.34444444444444444,0.9501255218585511,-0.040567229055999965,-0.002004294916024774,,-0.05,0.8
volume_breakout,0.3,0.0,-0.03,1.0,0.5,3,90,0.0024739771395183826,0.4111111111111111,90,18,-0.0010248094248094131,0.34444444444444444,0.9501255218585511,-0.040567229055999965,-0.002004294916024774,,-0.05,1.1
volume_breakout,0.3,0.0,0.0,1.0,0.35,3,90,0.0024739771395183826,0.4111111111111111,90,18,-0.0010248094248094131,0.34444444444444444,0.9501255218585511,-0.040567229055999965,-0.002004294916024774,,-0.05,0.8
volume_breakout,0.3,0.0,0.0,1.0,0.5,3,90,0.0024739771395183826,0.4111111111111111,90,18,-0.0010248094248094131,0.34444444444444444,0.9501255218585511,-0.040567229055999965,-0.002004294916024774,,-0.05,0.8
volume_breakout,0.3,0.0,0.0,1.0,0.35,3,90,0.0024739771395183826,0.4111111111111111,90,18,-0.0010248094248094131,0.34444444444444444,0.9501255218585511,-0.040567229055999965,-0.002004294916024774,,-0.05,1.1
volume_breakout,0.3,0.0,-0.03,1.0,0.65,3,90,0.0024739771395183826,0.4111111111111111,90,18,-0.0010248094248094131,0.34444444444444444,0.9501255218585511,-0.040567229055999965,-0.002004294916024774,,-0.05,0.8
volume_breakout,0.3,0.0,-0.03,1.0,0.65,3,90,0.0024739771395183826,0.4111111111111111,90,18,-0.0010248094248094131,0.34444444444444444,0.9501255218585511,-0.040567229055999965,-0.002004294916024774,,-0.05,1.1
trend_pullback,0.5,-0.03,0.0,0.75,0.5,3,75,-0.0037440287291522216,0.4,35,7,-0.0017177495055516125,0.34285714285714286,0.8982764517303994,-0.017578246091094485,-0.0020205277753518472,0.45,,
trend_pullback,0.5,0.0,0.03,0.75,0.35,3,75,-0.003366335931191737,0.4,35,7,-0.0017177495055516125,0.34285714285714286,0.8982764517303994,-0.017578246091094485,-0.0020205277753518472,0.45,,
trend_pullback,0.5,0.0,-0.03,0.75,0.35,3,75,-0.003366335931191737,0.4,35,7,-0.0017177495055516125,0.34285714285714286,0.8982764517303994,-0.017578246091094485,-0.0020205277753518472,0.45,,
trend_pullback,0.5,0.0,-0.03,0.75,0.5,3,75,-0.003366335931191737,0.4,35,7,-0.0017177495055516125,0.34285714285714286,0.8982764517303994,-0.017578246091094485,-0.0020205277753518472,0.45,,
trend_pullback,0.5,0.0,0.0,0.75,0.35,3,75,-0.003366335931191737,0.4,35,7,-0.0017177495055516125,0.34285714285714286,0.8982764517303994,-0.017578246091094485,-0.0020205277753518472,0.45,,
trend_pullback,0.5,-0.03,0.0,0.75,0.35,3,75,-0.0037440287291522216,0.4,35,7,-0.0017177495055516125,0.34285714285714286,0.8982764517303994,-0.017578246091094485,-0.0020205277753518472,0.45,,
trend_pullback,0.5,0.0,0.0,0.75,0.5,3,75,-0.003366335931191737,0.4,35,7,-0.0017177495055516125,0.34285714285714286,0.8982764517303994,-0.017578246091094485,-0.0020205277753518472,0.45,,
trend_pullback,0.5,0.03,0.0,0.75,0.35,3,75,-0.0024680798275544674,0.41333333333333333,35,7,-0.0017177495055516125,0.34285714285714286,0.8982764517303994,-0.017578246091094485,-0.0020205277753518472,0.45,,
trend_pullback,0.5,0.03,0.0,0.75,0.5,3,75,-0.0024680798275544674,0.41333333333333333,35,7,-0.0017177495055516125,0.34285714285714286,0.8982764517303994,-0.017578246091094485,-0.0020205277753518472,0.45,,
trend_pullback,0.5,0.0,0.03,0.75,0.5,3,75,-0.003366335931191737,0.4,35,7,-0.0017177495055516125,0.34285714285714286,0.8982764517303994,-0.017578246091094485,-0.0020205277753518472,0.45,,
trend_pullback,0.5,0.03,-0.03,0.75,0.35,3,75,-0.0024680798275544674,0.41333333333333333,35,7,-0.0017177495055516125,0.34285714285714286,0.8982764517303994,-0.017578246091094485,-0.0020205277753518472,0.45,,
trend_pullback,0.5,0.03,-0.03,0.75,0.5,3,75,-0.0024680798275544674,0.41333333333333333,35,7,-0.0017177495055516125,0.34285714285714286,0.8982764517303994,-0.017578246091094485,-0.0020205277753518472,0.45,,
trend_pullback,0.5,-0.03,-0.03,0.75,0.35,3,75,-0.0037440287291522216,0.4,35,7,-0.0017177495055516125,0.34285714285714286,0.8982764517303994,-0.017578246091094485,-0.0020205277753518472,0.45,,
trend_pullback,0.5,-0.03,-0.03,0.75,0.5,3,75,-0.0037440287291522216,0.4,35,7,-0.0017177495055516125,0.34285714285714286,0.8982764517303994,-0.017578246091094485,-0.0020205277753518472,0.45,,
trend_pullback,0.5,-0.03,0.03,0.75,0.5,3,75,-0.0037440287291522216,0.4,35,7,-0.0017177495055516125,0.34285714285714286,0.8982764517303994,-0.017578246091094485,-0.0020205277753518472,0.45,,
trend_pullback,0.5,-0.03,0.03,0.75,0.35,3,75,-0.0037440287291522216,0.4,35,7,-0.0017177495055516125,0.34285714285714286,0.8982764517303994,-0.017578246091094485,-0.0020205277753518472,0.45,,
trend_pullback,0.5,0.03,0.03,0.75,0.5,3,75,-0.0024680798275544674,0.41333333333333333,35,7,-0.0017177495055516125,0.34285714285714286,0.8982764517303994,-0.017578246091094485,-0.0020205277753518472,0.45,,
trend_pullback,0.5,0.03,0.03,0.75,0.35,3,75,-0.0024680798275544674,0.41333333333333333,35,7,-0.0017177495055516125,0.34285714285714286,0.8982764517303994,-0.017578246091094485,-0.0020205277753518472,0.45,,
trend_pullback,0.4,-0.03,0.0,1.0,0.65,1,80,0.0013155064408232134,0.45,55,11,-0.0013558421687219506,0.4,0.91180438455745,-0.03159999999999996,-0.002075891072582587,0.45,,
trend_pullback,0.4,-0.03,0.03,1.0,0.65,1,80,0.0013155064408232134,0.45,55,11,-0.0013558421687219506,0.4,0.91180438455745,-0.03159999999999996,-0.002075891072582587,0.45,,
trend_pullback,0.4,-0.03,-0.03,1.0,0.65,1,80,0.0013155064408232134,0.45,55,11,-0.0013558421687219506,0.4,0.91180438455745,-0.03159999999999996,-0.002075891072582587,0.45,,
volume_breakout,0.3,-0.03,-0.03,0.75,0.5,1,90,0.0052114521039409245,0.5222222222222223,89,18,-0.0001954851168463801,0.3707865168539326,0.987352326193504,-0.07185457024693465,-0.0021042841427060433,,0.0,1.1
volume_breakout,0.3,-0.03,0.0,0.75,0.5,1,90,0.0052114521039409245,0.5222222222222223,89,18,-0.0001954851168463801,0.3707865168539326,0.987352326193504,-0.07185457024693465,-0.0021042841427060433,,0.0,1.1
volume_breakout,0.3,-0.03,0.0,0.75,0.65,1,90,0.0052114521039409245,0.5222222222222223,89,18,-0.0001954851168463801,0.3707865168539326,0.987352326193504,-0.07185457024693465,-0.0021042841427060433,,0.0,1.1
volume_breakout,0.3,-0.03,0.03,0.75,0.65,1,90,0.0052114521039409245,0.5222222222222223,89,18,-0.0001954851168463801,0.3707865168539326,0.987352326193504,-0.07185457024693465,-0.0021042841427060433,,0.0,1.1
volume_breakout,0.3,-0.03,0.03,0.75,0.35,1,90,0.0052114521039409245,0.5222222222222223,89,18,-0.0001954851168463801,0.3707865168539326,0.987352326193504,-0.07185457024693465,-0.0021042841427060433,,0.0,1.1
volume_breakout,0.3,-0.03,-0.03,0.75,0.65,1,90,0.0052114521039409245,0.5222222222222223,89,18,-0.0001954851168463801,0.3707865168539326,0.987352326193504,-0.07185457024693465,-0.0021042841427060433,,0.0,1.1
volume_breakout,0.3,-0.03,0.0,0.75,0.35,1,90,0.0052114521039409245,0.5222222222222223,89,18,-0.0001954851168463801,0.3707865168539326,0.987352326193504,-0.07185457024693465,-0.0021042841427060433,,0.0,1.1
volume_breakout,0.3,-0.03,-0.03,0.75,0.35,1,90,0.0052114521039409245,0.5222222222222223,89,18,-0.0001954851168463801,0.3707865168539326,0.987352326193504,-0.07185457024693465,-0.0021042841427060433,,0.0,1.1
volume_breakout,0.3,-0.03,0.03,0.75,0.5,1,90,0.0052114521039409245,0.5222222222222223,89,18,-0.0001954851168463801,0.3707865168539326,0.987352326193504,-0.07185457024693465,-0.0021042841427060433,,0.0,1.1
volume_breakout,0.4,0.0,-0.03,0.75,0.65,1,80,0.004949917090333479,0.525,55,11,-0.0009890157982308022,0.34545454545454546,0.9329102591440854,-0.04676475204195141,-0.002158730794703323,,0.0,1.1
volume_breakout,0.4,0.0,-0.03,0.75,0.35,1,80,0.004949917090333479,0.525,55,11,-0.0009890157982308022,0.34545454545454546,0.9329102591440854,-0.04676475204195141,-0.002158730794703323,,0.0,0.8
volume_breakout,0.4,0.0,-0.03,0.75,0.65,1,80,0.004949917090333479,0.525,55,11,-0.0009890157982308022,0.34545454545454546,0.9329102591440854,-0.04676475204195141,-0.002158730794703323,,0.0,0.8
volume_breakout,0.4,0.0,-0.03,0.75,0.5,1,80,0.004949917090333479,0.525,55,11,-0.0009890157982308022,0.34545454545454546,0.9329102591440854,-0.04676475204195141,-0.002158730794703323,,0.0,0.8
volume_breakout,0.4,0.0,0.0,0.75,0.35,1,80,0.004949917090333479,0.525,55,11,-0.0009890157982308022,0.34545454545454546,0.9329102591440854,-0.04676475204195141,-0.002158730794703323,,0.0,0.8
volume_breakout,0.4,0.0,-0.03,0.75,0.35,1,80,0.004949917090333479,0.525,55,11,-0.0009890157982308022,0.34545454545454546,0.9329102591440854,-0.04676475204195141,-0.002158730794703323,,0.0,1.1
volume_breakout,0.4,0.0,-0.03,0.75,0.5,1,80,0.004949917090333479,0.525,55,11,-0.0009890157982308022,0.34545454545454546,0.9329102591440854,-0.04676475204195141,-0.002158730794703323,,0.0,1.1
volume_breakout,0.4,0.0,0.03,0.75,0.65,1,80,0.004949917090333479,0.525,55,11,-0.0009890157982308022,0.34545454545454546,0.9329102591440854,-0.04676475204195141,-0.002158730794703323,,0.0,0.8
volume_breakout,0.4,0.0,0.03,0.75,0.35,1,80,0.004949917090333479,0.525,55,11,-0.0009890157982308022,0.34545454545454546,0.9329102591440854,-0.04676475204195141,-0.002158730794703323,,0.0,0.8
volume_breakout,0.4,0.0,0.03,0.75,0.35,1,80,0.004949917090333479,0.525,55,11,-0.0009890157982308022,0.34545454545454546,0.9329102591440854,-0.04676475204195141,-0.002158730794703323,,0.0,1.1
volume_breakout,0.4,0.0,0.03,0.75,0.5,1,80,0.004949917090333479,0.525,55,11,-0.0009890157982308022,0.34545454545454546,0.9329102591440854,-0.04676475204195141,-0.002158730794703323,,0.0,0.8
volume_breakout,0.4,0.0,0.03,0.75,0.5,1,80,0.004949917090333479,0.525,55,11,-0.0009890157982308022,0.34545454545454546,0.9329102591440854,-0.04676475204195141,-0.002158730794703323,,0.0,1.1
volume_breakout,0.4,0.0,0.0,0.75,0.35,1,80,0.004949917090333479,0.525,55,11,-0.0009890157982308022,0.34545454545454546,0.9329102591440854,-0.04676475204195141,-0.002158730794703323,,0.0,1.1
volume_breakout,0.4,0.0,0.0,0.75,0.5,1,80,0.004949917090333479,0.525,55,11,-0.0009890157982308022,0.34545454545454546,0.9329102591440854,-0.04676475204195141,-0.002158730794703323,,0.0,1.1
volume_breakout,0.4,0.0,0.0,0.75,0.65,1,80,0.004949917090333479,0.525,55,11,-0.0009890157982308022,0.34545454545454546,0.9329102591440854,-0.04676475204195141,-0.002158730794703323,,0.0,1.1
volume_breakout,0.4,0.0,0.0,0.75,0.65,1,80,0.004949917090333479,0.525,55,11,-0.0009890157982308022,0.34545454545454546,0.9329102591440854,-0.04676475204195141,-0.002158730794703323,,0.0,0.8
volume_breakout,0.4,0.0,0.03,0.75,0.65,1,80,0.004949917090333479,0.525,55,11,-0.0009890157982308022,0.34545454545454546,0.9329102591440854,-0.04676475204195141,-0.002158730794703323,,0.0,1.1
volume_breakout,0.4,0.0,0.0,0.75,0.5,1,80,0.004949917090333479,0.525,55,11,-0.0009890157982308022,0.34545454545454546,0.9329102591440854,-0.04676475204195141,-0.002158730794703323,,0.0,0.8
volume_breakout,0.3,-0.03,-0.03,0.75,0.35,1,90,0.0052114521039409245,0.5222222222222223,90,18,-0.0002512514803405901,0.36666666666666664,0.9836237320797081,-0.07185457024693465,-0.0021609826547287023,,0.0,0.8
volume_breakout,0.3,-0.03,0.03,0.75,0.5,1,90,0.0052114521039409245,0.5222222222222223,90,18,-0.0002512514803405901,0.36666666666666664,0.9836237320797081,-0.07185457024693465,-0.0021609826547287023,,0.0,0.8
volume_breakout,0.3,-0.03,0.03,0.75,0.65,1,90,0.0052114521039409245,0.5222222222222223,90,18,-0.0002512514803405901,0.36666666666666664,0.9836237320797081,-0.07185457024693465,-0.0021609826547287023,,0.0,0.8
volume_breakout,0.3,-0.03,0.0,0.75,0.5,1,90,0.0052114521039409245,0.5222222222222223,90,18,-0.0002512514803405901,0.36666666666666664,0.9836237320797081,-0.07185457024693465,-0.0021609826547287023,,0.0,0.8
volume_breakout,0.3,-0.03,0.03,0.75,0.35,1,90,0.0052114521039409245,0.5222222222222223,90,18,-0.0002512514803405901,0.36666666666666664,0.9836237320797081,-0.07185457024693465,-0.0021609826547287023,,0.0,0.8
volume_breakout,0.3,-0.03,-0.03,0.75,0.65,1,90,0.0052114521039409245,0.5222222222222223,90,18,-0.0002512514803405901,0.36666666666666664,0.9836237320797081,-0.07185457024693465,-0.0021609826547287023,,0.0,0.8
volume_breakout,0.3,-0.03,0.0,0.75,0.35,1,90,0.0052114521039409245,0.5222222222222223,90,18,-0.0002512514803405901,0.36666666666666664,0.9836237320797081,-0.07185457024693465,-0.0021609826547287023,,0.0,0.8
volume_breakout,0.3,-0.03,-0.03,0.75,0.5,1,90,0.0052114521039409245,0.5222222222222223,90,18,-0.0002512514803405901,0.36666666666666664,0.9836237320797081,-0.07185457024693465,-0.0021609826547287023,,0.0,0.8
volume_breakout,0.3,-0.03,0.0,0.75,0.65,1,90,0.0052114521039409245,0.5222222222222223,90,18,-0.0002512514803405901,0.36666666666666664,0.9836237320797081,-0.07185457024693465,-0.0021609826547287023,,0.0,0.8
volume_breakout,0.4,0.03,0.03,1.0,0.5,2,80,-0.0012292662507988237,0.4125,54,11,-0.0015918393720592851,0.35185185185185186,0.9208778634361968,-0.027874944404657098,-0.002197868238339949,,-0.05,0.8
volume_breakout,0.4,0.03,0.0,1.0,0.5,2,80,-0.0012292662507988237,0.4125,54,11,-0.0015918393720592851,0.35185185185185186,0.9208778634361968,-0.027874944404657098,-0.002197868238339949,,-0.05,0.8
volume_breakout,0.4,0.03,-0.03,1.0,0.5,2,80,-0.0012292662507988237,0.4125,54,11,-0.0015918393720592851,0.35185185185185186,0.9208778634361968,-0.027874944404657098,-0.002197868238339949,,-0.05,0.8
volume_breakout,0.4,0.03,-0.03,1.0,0.35,2,80,-0.0012292662507988237,0.4125,54,11,-0.0015918393720592851,0.35185185185185186,0.9208778634361968,-0.027874944404657098,-0.002197868238339949,,-0.05,0.8
volume_breakout,0.4,0.03,0.0,1.0,0.35,2,80,-0.0012292662507988237,0.4125,54,11,-0.0015918393720592851,0.35185185185185186,0.9208778634361968,-0.027874944404657098,-0.002197868238339949,,-0.05,0.8
volume_breakout,0.4,0.03,0.03,1.0,0.35,2,80,-0.0012292662507988237,0.4125,54,11,-0.0015918393720592851,0.35185185185185186,0.9208778634361968,-0.027874944404657098,-0.002197868238339949,,-0.05,0.8
volume_breakout,0.4,0.03,0.0,1.0,0.65,2,80,-0.0012292662507988237,0.4125,54,11,-0.0015918393720592851,0.35185185185185186,0.9208778634361968,-0.027874944404657098,-0.002197868238339949,,-0.05,0.8
volume_breakout,0.4,0.03,0.03,1.0,0.65,2,80,-0.0012292662507988237,0.4125,54,11,-0.0015918393720592851,0.35185185185185186,0.9208778634361968,-0.027874944404657098,-0.002197868238339949,,-0.05,0.8
volume_breakout,0.4,0.03,-0.03,1.0,0.65,2,80,-0.0012292662507988237,0.4125,54,11,-0.0015918393720592851,0.35185185185185186,0.9208778634361968,-0.027874944404657098,-0.002197868238339949,,-0.05,0.8
trend_pullback,0.3,-0.03,0.03,1.0,0.35,1,90,0.0008556446639391177,0.43333333333333335,90,18,-0.0010379071063319138,0.3888888888888889,0.9351212601942211,-0.04673118110412833,-0.002206062224407208,0.7,,
trend_pullback,0.3,-0.03,0.03,1.0,0.5,1,90,0.0008556446639391177,0.43333333333333335,90,18,-0.0010379071063319138,0.3888888888888889,0.9351212601942211,-0.04673118110412833,-0.002206062224407208,0.7,,
volume_breakout,0.3,0.0,0.0,1.0,0.5,1,90,0.0032419264637986167,0.4444444444444444,90,18,-0.00032750691013297813,0.34444444444444444,0.9810967801987313,-0.07188188163102249,-0.00223868916401397,,0.0,1.1
volume_breakout,0.3,0.0,0.0,1.0,0.35,1,90,0.0032419264637986167,0.4444444444444444,90,18,-0.00032750691013297813,0.34444444444444444,0.9810967801987313,-0.07188188163102249,-0.00223868916401397,,0.0,1.1
volume_breakout,0.3,0.0,-0.03,1.0,0.65,1,90,0.0032419264637986167,0.4444444444444444,90,18,-0.00032750691013297813,0.34444444444444444,0.9810967801987313,-0.07188188163102249,-0.00223868916401397,,0.0,0.8
volume_breakout,0.3,0.0,0.0,1.0,0.65,1,90,0.0032419264637986167,0.4444444444444444,90,18,-0.00032750691013297813,0.34444444444444444,0.9810967801987313,-0.07188188163102249,-0.00223868916401397,,0.0,1.1
volume_breakout,0.3,0.0,-0.03,1.0,0.35,1,90,0.0032419264637986167,0.4444444444444444,90,18,-0.00032750691013297813,0.34444444444444444,0.9810967801987313,-0.07188188163102249,-0.00223868916401397,,0.0,1.1
volume_breakout,0.3,0.0,-0.03,1.0,0.5,1,90,0.0032419264637986167,0.4444444444444444,90,18,-0.00032750691013297813,0.34444444444444444,0.9810967801987313,-0.07188188163102249,-0.00223868916401397,,0.0,0.8
volume_breakout,0.3,0.0,-0.03,1.0,0.5,1,90,0.0032419264637986167,0.4444444444444444,90,18,-0.00032750691013297813,0.34444444444444444,0.9810967801987313,-0.07188188163102249,-0.00223868916401397,,0.0,1.1
volume_breakout,0.3,0.0,0.0,1.0,0.35,1,90,0.0032419264637986167,0.4444444444444444,90,18,-0.00032750691013297813,0.34444444444444444,0.9810967801987313,-0.07188188163102249,-0.00223868916401397,,0.0,0.8
volume_breakout,0.3,0.0,-0.03,1.0,0.65,1,90,0.0032419264637986167,0.4444444444444444,90,18,-0.00032750691013297813,0.34444444444444444,0.9810967801987313,-0.07188188163102249,-0.00223868916401397,,0.0,1.1
volume_breakout,0.3,0.0,-0.03,1.0,0.35,1,90,0.0032419264637986167,0.4444444444444444,90,18,-0.00032750691013297813,0.34444444444444444,0.9810967801987313,-0.07188188163102249,-0.00223868916401397,,0.0,0.8
volume_breakout,0.3,0.0,0.03,1.0,0.35,1,90,0.0032419264637986167,0.4444444444444444,90,18,-0.00032750691013297813,0.34444444444444444,0.9810967801987313,-0.07188188163102249,-0.00223868916401397,,0.0,1.1
volume_breakout,0.3,0.0,0.03,1.0,0.65,1,90,0.0032419264637986167,0.4444444444444444,90,18,-0.00032750691013297813,0.34444444444444444,0.9810967801987313,-0.07188188163102249,-0.00223868916401397,,0.0,1.1
volume_breakout,0.3,0.0,0.0,1.0,0.5,1,90,0.0032419264637986167,0.4444444444444444,90,18,-0.00032750691013297813,0.34444444444444444,0.9810967801987313,-0.07188188163102249,-0.00223868916401397,,0.0,0.8
volume_breakout,0.3,0.0,0.0,1.0,0.65,1,90,0.0032419264637986167,0.4444444444444444,90,18,-0.00032750691013297813,0.34444444444444444,0.9810967801987313,-0.07188188163102249,-0.00223868916401397,,0.0,0.8
volume_breakout,0.3,0.0,0.03,1.0,0.65,1,90,0.0032419264637986167,0.4444444444444444,90,18,-0.00032750691013297813,0.34444444444444444,0.9810967801987313,-0.07188188163102249,-0.00223868916401397,,0.0,0.8
volume_breakout,0.3,0.0,0.03,1.0,0.35,1,90,0.0032419264637986167,0.4444444444444444,90,18,-0.00032750691013297813,0.34444444444444444,0.9810967801987313,-0.07188188163102249,-0.00223868916401397,,0.0,0.8
volume_breakout,0.3,0.0,0.03,1.0,0.5,1,90,0.0032419264637986167,0.4444444444444444,90,18,-0.00032750691013297813,0.34444444444444444,0.9810967801987313,-0.07188188163102249,-0.00223868916401397,,0.0,0.8
volume_breakout,0.3,0.0,0.03,1.0,0.5,1,90,0.0032419264637986167,0.4444444444444444,90,18,-0.00032750691013297813,0.34444444444444444,0.9810967801987313,-0.07188188163102249,-0.00223868916401397,,0.0,1.1
trend_pullback,0.4,0.0,0.0,0.75,0.5,2,80,-0.005226947890680944,0.35,53,11,-0.0012471690091498174,0.37735849056603776,0.9244984845149686,-0.04075550122685834,-0.002238709424826825,0.45,,
trend_pullback,0.4,0.0,0.03,0.75,0.5,2,80,-0.005226947890680944,0.35,53,11,-0.0012471690091498174,0.37735849056603776,0.9244984845149686,-0.04075550122685834,-0.002238709424826825,0.45,,
trend_pullback,0.4,0.0,0.0,0.75,0.35,2,80,-0.005226947890680944,0.35,53,11,-0.0012471690091498174,0.37735849056603776,0.9244984845149686,-0.04075550122685834,-0.002238709424826825,0.45,,
trend_pullback,0.4,0.0,0.03,0.75,0.35,2,80,-0.005226947890680944,0.35,53,11,-0.0012471690091498174,0.37735849056603776,0.9244984845149686,-0.04075550122685834,-0.002238709424826825,0.45,,
trend_pullback,0.3,-0.03,-0.03,1.0,0.65,3,90,-0.0012024223347507936,0.35555555555555557,89,18,-0.000636575922810428,0.34831460674157305,0.9678003295700607,-0.06255990412157464,-0.002271422964065152,0.45,,
trend_pullback,0.3,-0.03,0.0,1.0,0.65,3,90,-0.0012024223347507936,0.35555555555555557,89,18,-0.000636575922810428,0.34831460674157305,0.9678003295700607,-0.06255990412157464,-0.002271422964065152,0.45,,
trend_pullback,0.4,0.03,-0.03,0.75,0.65,3,80,-0.001786912575856953,0.4125,51,11,-0.0002932552182281341,0.37254901960784315,0.9843336807400369,-0.07495550041600019,-0.0022958368105231307,0.45,,
trend_pullback,0.4,0.03,0.0,0.75,0.65,3,80,-0.001786912575856953,0.4125,51,11,-0.0002932552182281341,0.37254901960784315,0.9843336807400369,-0.07495550041600019,-0.0022958368105231307,0.45,,
trend_pullback,0.4,0.03,0.03,0.75,0.65,3,80,-0.001786912575856953,0.4125,51,11,-0.0002932552182281341,0.37254901960784315,0.9843336807400369,-0.07495550041600019,-0.0022958368105231307,0.45,,
trend_pullback,0.4,-0.03,-0.03,0.75,0.65,3,80,-0.0044805832296430596,0.3625,55,11,-0.0008189534899116003,0.36363636363636365,0.9568206156166481,-0.05776136473600002,-0.002312589278087439,0.7,,
trend_pullback,0.4,-0.03,0.0,0.75,0.65,3,80,-0.0044805832296430596,0.3625,55,11,-0.0008189534899116003,0.36363636363636365,0.9568206156166481,-0.05776136473600002,-0.002312589278087439,0.7,,
trend_pullback,0.4,-0.03,0.03,0.75,0.65,3,80,-0.0044805832296430596,0.3625,55,11,-0.0008189534899116003,0.36363636363636365,0.9568206156166481,-0.05776136473600002,-0.002312589278087439,0.7,,
volume_breakout,0.4,0.03,-0.03,0.75,0.5,2,80,0.006355965118485041,0.4875,51,11,-0.0008849129045865461,0.35294117647058826,0.9517260455843599,-0.05567776300618632,-0.0023173142833760457,,0.0,1.1
volume_breakout,0.4,0.03,-0.03,0.75,0.35,2,80,0.006355965118485041,0.4875,51,11,-0.0008849129045865461,0.35294117647058826,0.9517260455843599,-0.05567776300618632,-0.0023173142833760457,,0.0,0.8
volume_breakout,0.4,0.03,-0.03,0.75,0.5,2,80,0.006355965118485041,0.4875,51,11,-0.0008849129045865461,0.35294117647058826,0.9517260455843599,-0.05567776300618632,-0.0023173142833760457,,0.0,0.8
volume_breakout,0.4,0.03,-0.03,0.75,0.35,2,80,0.006355965118485041,0.4875,51,11,-0.0008849129045865461,0.35294117647058826,0.9517260455843599,-0.05567776300618632,-0.0023173142833760457,,0.0,1.1
volume_breakout,0.4,0.03,0.0,0.75,0.65,2,80,0.006355965118485041,0.4875,51,11,-0.0008849129045865461,0.35294117647058826,0.9517260455843599,-0.05567776300618632,-0.0023173142833760457,,0.0,0.8
volume_breakout,0.4,0.03,0.0,0.75,0.5,2,80,0.006355965118485041,0.4875,51,11,-0.0008849129045865461,0.35294117647058826,0.9517260455843599,-0.05567776300618632,-0.0023173142833760457,,0.0,0.8
volume_breakout,0.4,0.03,0.03,0.75,0.5,2,80,0.006355965118485041,0.4875,51,11,-0.0008849129045865461,0.35294117647058826,0.9517260455843599,-0.05567776300618632,-0.0023173142833760457,,0.0,0.8
volume_breakout,0.4,0.03,0.03,0.75,0.35,2,80,0.006355965118485041,0.4875,51,11,-0.0008849129045865461,0.35294117647058826,0.9517260455843599,-0.05567776300618632,-0.0023173142833760457,,0.0,0.8
volume_breakout,0.4,0.03,0.03,0.75,0.5,2,80,0.006355965118485041,0.4875,51,11,-0.0008849129045865461,0.35294117647058826,0.9517260455843599,-0.05567776300618632,-0.0023173142833760457,,0.0,1.1
volume_breakout,0.4,0.03,0.0,0.75,0.5,2,80,0.006355965118485041,0.4875,51,11,-0.0008849129045865461,0.35294117647058826,0.9517260455843599,-0.05567776300618632,-0.0023173142833760457,,0.0,1.1
volume_breakout,0.4,0.03,0.0,0.75,0.65,2,80,0.006355965118485041,0.4875,51,11,-0.0008849129045865461,0.35294117647058826,0.9517260455843599,-0.05567776300618632,-0.0023173142833760457,,0.0,1.1
volume_breakout,0.4,0.03,0.03,0.75,0.35,2,80,0.006355965118485041,0.4875,51,11,-0.0008849129045865461,0.35294117647058826,0.9517260455843599,-0.05567776300618632,-0.0023173142833760457,,0.0,1.1
volume_breakout,0.4,0.03,-0.03,0.75,0.65,2,80,0.006355965118485041,0.4875,51,11,-0.0008849129045865461,0.35294117647058826,0.9517260455843599,-0.05567776300618632,-0.0023173142833760457,,0.0,1.1
volume_breakout,0.4,0.03,0.03,0.75,0.65,2,80,0.006355965118485041,0.4875,51,11,-0.0008849129045865461,0.35294117647058826,0.9517260455843599,-0.05567776300618632,-0.0023173142833760457,,0.0,1.1
volume_breakout,0.4,0.03,-0.03,0.75,0.65,2,80,0.006355965118485041,0.4875,51,11,-0.0008849129045865461,0.35294117647058826,0.9517260455843599,-0.05567776300618632,-0.0023173142833760457,,0.0,0.8
volume_breakout,0.4,0.03,0.0,0.75,0.35,2,80,0.006355965118485041,0.4875,51,11,-0.0008849129045865461,0.35294117647058826,0.9517260455843599,-0.05567776300618632,-0.0023173142833760457,,0.0,0.8
volume_breakout,0.4,0.03,0.03,0.75,0.65,2,80,0.006355965118485041,0.4875,51,11,-0.0008849129045865461,0.35294117647058826,0.9517260455843599,-0.05567776300618632,-0.0023173142833760457,,0.0,0.8
volume_breakout,0.4,0.03,0.0,0.75,0.35,2,80,0.006355965118485041,0.4875,51,11,-0.0008849129045865461,0.35294117647058826,0.9517260455843599,-0.05567776300618632,-0.0023173142833760457,,0.0,1.1
trend_pullback,0.3,0.0,0.0,1.0,0.65,1,90,0.0002940476058881559,0.43333333333333335,88,18,-0.0011447343293849166,0.38636363636363635,0.9303814451203692,-0.048019154020628174,-0.0023527135887236694,0.7,,
trend_pullback,0.3,0.0,-0.03,1.0,0.65,1,90,0.0002940476058881559,0.43333333333333335,88,18,-0.0011447343293849166,0.38636363636363635,0.9303814451203692,-0.048019154020628174,-0.0023527135887236694,0.7,,
trend_pullback,0.3,-0.03,0.0,1.0,0.65,2,90,-0.00221919392552411,0.35555555555555557,89,18,-0.0010503089499725455,0.34831460674157305,0.9453237807134389,-0.05300895031937236,-0.0024042465143753566,0.45,,
trend_pullback,0.3,-0.03,-0.03,1.0,0.65,2,90,-0.00221919392552411,0.35555555555555557,89,18,-0.0010503089499725455,0.34831460674157305,0.9453237807134389,-0.05300895031937236,-0.0024042465143753566,0.45,,
trend_pullback,0.3,0.0,0.0,1.0,0.5,1,90,0.000996198943683745,0.4444444444444444,88,18,-0.0009271364643483787,0.38636363636363635,0.9433171718503528,-0.058325016841206945,-0.002441057676621999,0.45,,
trend_pullback,0.3,0.0,0.0,1.0,0.35,1,90,0.000996198943683745,0.4444444444444444,88,18,-0.0009271364643483787,0.38636363636363635,0.9433171718503528,-0.058325016841206945,-0.002441057676621999,0.45,,
trend_pullback,0.3,0.0,0.03,1.0,0.65,1,90,0.0008556446639391177,0.43333333333333335,88,18,-0.0011652787078374547,0.38636363636363635,0.9292204455455033,-0.05105246223821269,-0.0024645474635974596,0.7,,
trend_pullback,0.4,-0.03,-0.03,0.75,0.65,2,80,-0.003996452624065856,0.35,55,11,-0.0011126150253138831,0.34545454545454546,0.9357432617997036,-0.05289122884593134,-0.0024654160752418976,0.45,,
trend_pullback,0.4,-0.03,0.03,0.75,0.65,2,80,-0.003996452624065856,0.35,55,11,-0.0011126150253138831,0.34545454545454546,0.9357432617997036,-0.05289122884593134,-0.0024654160752418976,0.45,,
trend_pullback,0.4,-0.03,0.0,0.75,0.65,2,80,-0.003996452624065856,0.35,55,11,-0.0011126150253138831,0.34545454545454546,0.9357432617997036,-0.05289122884593134,-0.0024654160752418976,0.45,,
trend_pullback,0.3,-0.03,-0.03,1.0,0.35,1,90,0.000996198943683745,0.4444444444444444,90,18,-0.0009467903417512377,0.37777777777777777,0.9420166866503873,-0.05920161615226949,-0.0024873346546567254,0.45,,
trend_pullback,0.3,-0.03,0.0,1.0,0.5,1,90,0.000996198943683745,0.4444444444444444,90,18,-0.0009467903417512377,0.37777777777777777,0.9420166866503873,-0.05920161615226949,-0.0024873346546567254,0.45,,
trend_pullback,0.3,-0.03,0.0,1.0,0.35,1,90,0.000996198943683745,0.4444444444444444,90,18,-0.0009467903417512377,0.37777777777777777,0.9420166866503873,-0.05920161615226949,-0.0024873346546567254,0.45,,
trend_pullback,0.3,-0.03,-0.03,1.0,0.5,1,90,0.000996198943683745,0.4444444444444444,90,18,-0.0009467903417512377,0.37777777777777777,0.9420166866503873,-0.05920161615226949,-0.0024873346546567254,0.45,,
volume_breakout,0.4,0.03,0.03,1.0,0.65,3,80,0.003244997799571102,0.425,52,11,-0.0014717948717948707,0.34615384615384615,0.9287664432861752,-0.042384624988033304,-0.002511142010614326,,0.0,1.1
volume_breakout,0.4,0.03,-0.03,1.0,0.65,3,80,0.003244997799571102,0.425,52,11,-0.0014717948717948707,0.34615384615384615,0.9287664432861752,-0.042384624988033304,-0.002511142010614326,,0.0,1.1
volume_breakout,0.4,0.03,0.0,1.0,0.5,3,80,0.003244997799571102,0.425,52,11,-0.0014717948717948707,0.34615384615384615,0.9287664432861752,-0.042384624988033304,-0.002511142010614326,,0.0,1.1
volume_breakout,0.4,0.03,0.0,1.0,0.35,3,80,0.003244997799571102,0.425,52,11,-0.0014717948717948707,0.34615384615384615,0.9287664432861752,-0.042384624988033304,-0.002511142010614326,,0.0,1.1
volume_breakout,0.4,0.03,-0.03,1.0,0.5,3,80,0.003244997799571102,0.425,52,11,-0.0014717948717948707,0.34615384615384615,0.9287664432861752,-0.042384624988033304,-0.002511142010614326,,0.0,1.1
volume_breakout,0.4,0.03,0.0,1.0,0.65,3,80,0.003244997799571102,0.425,52,11,-0.0014717948717948707,0.34615384615384615,0.9287664432861752,-0.042384624988033304,-0.002511142010614326,,0.0,1.1
volume_breakout,0.4,0.03,0.03,1.0,0.5,3,80,0.003244997799571102,0.425,52,11,-0.0014717948717948707,0.34615384615384615,0.9287664432861752,-0.042384624988033304,-0.002511142010614326,,0.0,1.1
volume_breakout,0.4,0.03,0.03,1.0,0.35,3,80,0.003244997799571102,0.425,52,11,-0.0014717948717948707,0.34615384615384615,0.9287664432861752,-0.042384624988033304,-0.002511142010614326,,0.0,1.1
volume_breakout,0.4,0.03,-0.03,1.0,0.35,3,80,0.003244997799571102,0.425,52,11,-0.0014717948717948707,0.34615384615384615,0.9287664432861752,-0.042384624988033304,-0.002511142010614326,,0.0,1.1
trend_pullback,0.3,0.0,-0.03,1.0,0.35,1,90,0.000996198943683745,0.4444444444444444,89,18,-0.0010876878837703862,0.38202247191011235,0.933449322863738,-0.05570168439077572,-0.0025253760847777232,0.45,,
trend_pullback,0.3,0.0,-0.03,1.0,0.5,1,90,0.000996198943683745,0.4444444444444444,89,18,-0.0010876878837703862,0.38202247191011235,0.933449322863738,-0.05570168439077572,-0.0025253760847777232,0.45,,
volume_breakout,0.5,0.0,0.03,0.75,0.5,3,75,0.005813325717466982,0.4666666666666667,35,7,-0.0015098995294662192,0.37142857142857144,0.922932669260153,-0.042350983523499974,-0.0025496958678561804,,-0.05,1.1
volume_breakout,0.5,0.03,0.03,0.75,0.5,3,75,0.005813325717466982,0.4666666666666667,35,7,-0.0015098995294662192,0.37142857142857144,0.922932669260153,-0.042350983523499974,-0.0025496958678561804,,-0.05,0.8
volume_breakout,0.5,0.0,0.03,0.75,0.5,3,75,0.005813325717466982,0.4666666666666667,35,7,-0.0015098995294662192,0.37142857142857144,0.922932669260153,-0.042350983523499974,-0.0025496958678561804,,-0.05,0.8
volume_breakout,0.5,0.03,-0.03,0.75,0.5,3,75,0.005813325717466982,0.4666666666666667,35,7,-0.0015098995294662192,0.37142857142857144,0.922932669260153,-0.042350983523499974,-0.0025496958678561804,,-0.05,0.8
volume_breakout,0.5,0.0,0.03,0.75,0.65,3,75,0.005813325717466982,0.4666666666666667,35,7,-0.0015098995294662192,0.37142857142857144,0.922932669260153,-0.042350983523499974,-0.0025496958678561804,,-0.05,0.8
volume_breakout,0.5,-0.03,0.03,0.75,0.35,3,75,0.005813325717466982,0.4666666666666667,35,7,-0.0015098995294662192,0.37142857142857144,0.922932669260153,-0.042350983523499974,-0.0025496958678561804,,-0.05,0.8
volume_breakout,0.5,0.03,0.0,0.75,0.65,3,75,0.005813325717466982,0.4666666666666667,35,7,-0.0015098995294662192,0.37142857142857144,0.922932669260153,-0.042350983523499974,-0.0025496958678561804,,-0.05,1.1
volume_breakout,0.5,0.03,0.03,0.75,0.35,3,75,0.005813325717466982,0.4666666666666667,35,7,-0.0015098995294662192,0.37142857142857144,0.922932669260153,-0.042350983523499974,-0.0025496958678561804,,-0.05,1.1
volume_breakout,0.5,0.03,0.03,0.75,0.35,3,75,0.005813325717466982,0.4666666666666667,35,7,-0.0015098995294662192,0.37142857142857144,0.922932669260153,-0.042350983523499974,-0.0025496958678561804,,-0.05,0.8
volume_breakout,0.5,-0.03,0.03,0.75,0.5,3,75,0.005813325717466982,0.4666666666666667,35,7,-0.0015098995294662192,0.37142857142857144,0.922932669260153,-0.042350983523499974,-0.0025496958678561804,,-0.05,1.1
volume_breakout,0.5,0.03,-0.03,0.75,0.5,3,75,0.005813325717466982,0.4666666666666667,35,7,-0.0015098995294662192,0.37142857142857144,0.922932669260153,-0.042350983523499974,-0.0025496958678561804,,-0.05,1.1
volume_breakout,0.5,0.03,-0.03,0.75,0.35,3,75,0.005813325717466982,0.4666666666666667,35,7,-0.0015098995294662192,0.37142857142857144,0.922932669260153,-0.042350983523499974,-0.0025496958678561804,,-0.05,0.8
volume_breakout,0.5,-0.03,0.03,0.75,0.35,3,75,0.005813325717466982,0.4666666666666667,35,7,-0.0015098995294662192,0.37142857142857144,0.922932669260153,-0.042350983523499974,-0.0025496958678561804,,-0.05,1.1
volume_breakout,0.5,0.03,-0.03,0.75,0.35,3,75,0.005813325717466982,0.4666666666666667,35,7,-0.0015098995294662192,0.37142857142857144,0.922932669260153,-0.042350983523499974,-0.0025496958678561804,,-0.05,1.1
volume_breakout,0.5,0.03,0.03,0.75,0.65,3,75,0.005813325717466982,0.4666666666666667,35,7,-0.0015098995294662192,0.37142857142857144,0.922932669260153,-0.042350983523499974,-0.0025496958678561804,,-0.05,1.1
volume_breakout,0.5,0.03,0.03,0.75,0.5,3,75,0.005813325717466982,0.4666666666666667,35,7,-0.0015098995294662192,0.37142857142857144,0.922932669260153,-0.042350983523499974,-0.0025496958678561804,,-0.05,1.1
volume_breakout,0.5,0.03,0.03,0.75,0.65,3,75,0.005813325717466982,0.4666666666666667,35,7,-0.0015098995294662192,0.37142857142857144,0.922932669260153,-0.042350983523499974,-0.0025496958678561804,,-0.05,0.8
volume_breakout,0.5,0.03,0.0,0.75,0.35,3,75,0.005813325717466982,0.4666666666666667,35,7,-0.0015098995294662192,0.37142857142857144,0.922932669260153,-0.042350983523499974,-0.0025496958678561804,,-0.05,1.1
volume_breakout,0.5,0.03,0.0,0.75,0.35,3,75,0.005813325717466982,0.4666666666666667,35,7,-0.0015098995294662192,0.37142857142857144,0.922932669260153,-0.042350983523499974,-0.0025496958678561804,,-0.05,0.8
volume_breakout,0.5,0.03,0.0,0.75,0.5,3,75,0.005813325717466982,0.4666666666666667,35,7,-0.0015098995294662192,0.37142857142857144,0.922932669260153,-0.042350983523499974,-0.0025496958678561804,,-0.05,0.8
volume_breakout,0.5,0.03,0.0,0.75,0.5,3,75,0.005813325717466982,0.4666666666666667,35,7,-0.0015098995294662192,0.37142857142857144,0.922932669260153,-0.042350983523499974,-0.0025496958678561804,,-0.05,1.1
volume_breakout,0.5,0.0,-0.03,0.75,0.65,3,75,0.005813325717466982,0.4666666666666667,35,7,-0.0015098995294662192,0.37142857142857144,0.922932669260153,-0.042350983523499974,-0.0025496958678561804,,-0.05,1.1
volume_breakout,0.5,0.0,-0.03,0.75,0.35,3,75,0.005813325717466982,0.4666666666666667,35,7,-0.0015098995294662192,0.37142857142857144,0.922932669260153,-0.042350983523499974,-0.0025496958678561804,,-0.05,1.1
volume_breakout,0.5,0.0,0.0,0.75,0.65,3,75,0.005813325717466982,0.4666666666666667,35,7,-0.0015098995294662192,0.37142857142857144,0.922932669260153,-0.042350983523499974,-0.0025496958678561804,,-0.05,0.8
volume_breakout,0.5,0.0,-0.03,0.75,0.35,3,75,0.005813325717466982,0.4666666666666667,35,7,-0.0015098995294662192,0.37142857142857144,0.922932669260153,-0.042350983523499974,-0.0025496958678561804,,-0.05,0.8
volume_breakout,0.5,-0.03,0.0,0.75,0.5,3,75,0.005813325717466982,0.4666666666666667,35,7,-0.0015098995294662192,0.37142857142857144,0.922932669260153,-0.042350983523499974,-0.0025496958678561804,,-0.05,1.1
volume_breakout,0.5,-0.03,0.0,0.75,0.5,3,75,0.005813325717466982,0.4666666666666667,35,7,-0.0015098995294662192,0.37142857142857144,0.922932669260153,-0.042350983523499974,-0.0025496958678561804,,-0.05,0.8
volume_breakout,0.5,-0.03,0.0,0.75,0.35,3,75,0.005813325717466982,0.4666666666666667,35,7,-0.0015098995294662192,0.37142857142857144,0.922932669260153,-0.042350983523499974,-0.0025496958678561804,,-0.05,0.8
volume_breakout,0.5,0.0,0.0,0.75,0.5,3,75,0.005813325717466982,0.4666666666666667,35,7,-0.0015098995294662192,0.37142857142857144,0.922932669260153,-0.042350983523499974,-0.0025496958678561804,,-0.05,1.1
volume_breakout,0.5,-0.03,0.03,0.75,0.5,3,75,0.005813325717466982,0.4666666666666667,35,7,-0.0015098995294662192,0.37142857142857144,0.922932669260153,-0.042350983523499974,-0.0025496958678561804,,-0.05,0.8
volume_breakout,0.5,0.0,0.03,0.75,0.35,3,75,0.005813325717466982,0.4666666666666667,35,7,-0.0015098995294662192,0.37142857142857144,0.922932669260153,-0.042350983523499974,-0.0025496958678561804,,-0.05,0.8
volume_breakout,0.5,0.0,0.03,0.75,0.35,3,75,0.005813325717466982,0.4666666666666667,35,7,-0.0015098995294662192,0.37142857142857144,0.922932669260153,-0.042350983523499974,-0.0025496958678561804,,-0.05,1.1
volume_breakout,0.5,-0.03,-0.03,0.75,0.35,3,75,0.005813325717466982,0.4666666666666667,35,7,-0.0015098995294662192,0.37142857142857144,0.922932669260153,-0.042350983523499974,-0.0025496958678561804,,-0.05,1.1
volume_breakout,0.5,0.03,-0.03,0.75,0.65,3,75,0.005813325717466982,0.4666666666666667,35,7,-0.0015098995294662192,0.37142857142857144,0.922932669260153,-0.042350983523499974,-0.0025496958678561804,,-0.05,0.8
volume_breakout,0.5,0.0,0.03,0.75,0.65,3,75,0.005813325717466982,0.4666666666666667,35,7,-0.0015098995294662192,0.37142857142857144,0.922932669260153,-0.042350983523499974,-0.0025496958678561804,,-0.05,1.1
volume_breakout,0.5,-0.03,0.03,0.75,0.65,3,75,0.005813325717466982,0.4666666666666667,35,7,-0.0015098995294662192,0.37142857142857144,0.922932669260153,-0.042350983523499974,-0.0025496958678561804,,-0.05,1.1
volume_breakout,0.5,0.0,0.0,0.75,0.65,3,75,0.005813325717466982,0.4666666666666667,35,7,-0.0015098995294662192,0.37142857142857144,0.922932669260153,-0.042350983523499974,-0.0025496958678561804,,-0.05,1.1
volume_breakout,0.5,0.0,-0.03,0.75,0.5,3,75,0.005813325717466982,0.4666666666666667,35,7,-0.0015098995294662192,0.37142857142857144,0.922932669260153,-0.042350983523499974,-0.0025496958678561804,,-0.05,1.1
volume_breakout,0.5,0.0,-0.03,0.75,0.5,3,75,0.005813325717466982,0.4666666666666667,35,7,-0.0015098995294662192,0.37142857142857144,0.922932669260153,-0.042350983523499974,-0.0025496958678561804,,-0.05,0.8
volume_breakout,0.5,-0.03,-0.03,0.75,0.65,3,75,0.005813325717466982,0.4666666666666667,35,7,-0.0015098995294662192,0.37142857142857144,0.922932669260153,-0.042350983523499974,-0.0025496958678561804,,-0.05,0.8
volume_breakout,0.5,-0.03,0.03,0.75,0.65,3,75,0.005813325717466982,0.4666666666666667,35,7,-0.0015098995294662192,0.37142857142857144,0.922932669260153,-0.042350983523499974,-0.0025496958678561804,,-0.05,0.8
volume_breakout,0.5,-0.03,0.0,0.75,0.35,3,75,0.005813325717466982,0.4666666666666667,35,7,-0.0015098995294662192,0.37142857142857144,0.922932669260153,-0.042350983523499974,-0.0025496958678561804,,-0.05,1.1
volume_breakout,0.5,0.03,-0.03,0.75,0.65,3,75,0.005813325717466982,0.4666666666666667,35,7,-0.0015098995294662192,0.37142857142857144,0.922932669260153,-0.042350983523499974,-0.0025496958678561804,,-0.05,1.1
volume_breakout,0.5,0.0,-0.03,0.75,0.65,3,75,0.005813325717466982,0.4666666666666667,35,7,-0.0015098995294662192,0.37142857142857144,0.922932669260153,-0.042350983523499974,-0.0025496958678561804,,-0.05,0.8
volume_breakout,0.5,-0.03,-0.03,0.75,0.35,3,75,0.005813325717466982,0.4666666666666667,35,7,-0.0015098995294662192,0.37142857142857144,0.922932669260153,-0.042350983523499974,-0.0025496958678561804,,-0.05,0.8
volume_breakout,0.5,-0.03,-0.03,0.75,0.5,3,75,0.005813325717466982,0.4666666666666667,35,7,-0.0015098995294662192,0.37142857142857144,0.922932669260153,-0.042350983523499974,-0.0025496958678561804,,-0.05,1.1
volume_breakout,0.5,-0.03,-0.03,0.75,0.5,3,75,0.005813325717466982,0.4666666666666667,35,7,-0.0015098995294662192,0.37142857142857144,0.922932669260153,-0.042350983523499974,-0.0025496958678561804,,-0.05,0.8
volume_breakout,0.5,0.0,0.0,0.75,0.35,3,75,0.005813325717466982,0.4666666666666667,35,7,-0.0015098995294662192,0.37142857142857144,0.922932669260153,-0.042350983523499974,-0.0025496958678561804,,-0.05,1.1
volume_breakout,0.5,-0.03,-0.03,0.75,0.65,3,75,0.005813325717466982,0.4666666666666667,35,7,-0.0015098995294662192,0.37142857142857144,0.922932669260153,-0.042350983523499974,-0.0025496958678561804,,-0.05,1.1
volume_breakout,0.5,0.03,0.0,0.75,0.65,3,75,0.005813325717466982,0.4666666666666667,35,7,-0.0015098995294662192,0.37142857142857144,0.922932669260153,-0.042350983523499974,-0.0025496958678561804,,-0.05,0.8
volume_breakout,0.5,0.0,0.0,0.75,0.35,3,75,0.005813325717466982,0.4666666666666667,35,7,-0.0015098995294662192,0.37142857142857144,0.922932669260153,-0.042350983523499974,-0.0025496958678561804,,-0.05,0.8
volume_breakout,0.5,-0.03,0.0,0.75,0.65,3,75,0.005813325717466982,0.4666666666666667,35,7,-0.0015098995294662192,0.37142857142857144,0.922932669260153,-0.042350983523499974,-0.0025496958678561804,,-0.05,0.8
volume_breakout,0.5,-0.03,0.0,0.75,0.65,3,75,0.005813325717466982,0.4666666666666667,35,7,-0.0015098995294662192,0.37142857142857144,0.922932669260153,-0.042350983523499974,-0.0025496958678561804,,-0.05,1.1
volume_breakout,0.5,0.0,0.0,0.75,0.5,3,75,0.005813325717466982,0.4666666666666667,35,7,-0.0015098995294662192,0.37142857142857144,0.922932669260153,-0.042350983523499974,-0.0025496958678561804,,-0.05,0.8
volume_breakout,0.3,0.0,0.0,1.0,0.35,2,90,0.00039620777706771344,0.4222222222222222,90,18,-0.001546362574494514,0.34444444444444444,0.9235721265645442,-0.04516708716936635,-0.002670482157934368,,-0.05,1.1
volume_breakout,0.3,0.0,-0.03,1.0,0.35,2,90,0.00039620777706771344,0.4222222222222222,90,18,-0.001546362574494514,0.34444444444444444,0.9235721265645442,-0.04516708716936635,-0.002670482157934368,,-0.05,0.8
volume_breakout,0.3,0.0,-0.03,1.0,0.65,2,90,0.00039620777706771344,0.4222222222222222,90,18,-0.001546362574494514,0.34444444444444444,0.9235721265645442,-0.04516708716936635,-0.002670482157934368,,-0.05,1.1
volume_breakout,0.3,0.0,0.03,1.0,0.35,2,90,0.00039620777706771344,0.4222222222222222,90,18,-0.001546362574494514,0.34444444444444444,0.9235721265645442,-0.04516708716936635,-0.002670482157934368,,-0.05,0.8
volume_breakout,0.3,0.0,0.03,1.0,0.65,2,90,0.00039620777706771344,0.4222222222222222,90,18,-0.001546362574494514,0.34444444444444444,0.9235721265645442,-0.04516708716936635,-0.002670482157934368,,-0.05,1.1
volume_breakout,0.3,0.0,0.03,1.0,0.5,2,90,0.00039620777706771344,0.4222222222222222,90,18,-0.001546362574494514,0.34444444444444444,0.9235721265645442,-0.04516708716936635,-0.002670482157934368,,-0.05,1.1
volume_breakout,0.3,0.0,0.0,1.0,0.65,2,90,0.00039620777706771344,0.4222222222222222,90,18,-0.001546362574494514,0.34444444444444444,0.9235721265645442,-0.04516708716936635,-0.002670482157934368,,-0.05,0.8
volume_breakout,0.3,0.0,0.03,1.0,0.65,2,90,0.00039620777706771344,0.4222222222222222,90,18,-0.001546362574494514,0.34444444444444444,0.9235721265645442,-0.04516708716936635,-0.002670482157934368,,-0.05,0.8
volume_breakout,0.3,0.0,0.03,1.0,0.35,2,90,0.00039620777706771344,0.4222222222222222,90,18,-0.001546362574494514,0.34444444444444444,0.9235721265645442,-0.04516708716936635,-0.002670482157934368,,-0.05,1.1
volume_breakout,0.3,0.0,0.0,1.0,0.5,2,90,0.00039620777706771344,0.4222222222222222,90,18,-0.001546362574494514,0.34444444444444444,0.9235721265645442,-0.04516708716936635,-0.002670482157934368,,-0.05,1.1
volume_breakout,0.3,0.0,0.03,1.0,0.5,2,90,0.00039620777706771344,0.4222222222222222,90,18,-0.001546362574494514,0.34444444444444444,0.9235721265645442,-0.04516708716936635,-0.002670482157934368,,-0.05,0.8
volume_breakout,0.3,0.0,0.0,1.0,0.5,2,90,0.00039620777706771344,0.4222222222222222,90,18,-0.001546362574494514,0.34444444444444444,0.9235721265645442,-0.04516708716936635,-0.002670482157934368,,-0.05,0.8
volume_breakout,0.3,0.0,-0.03,1.0,0.65,2,90,0.00039620777706771344,0.4222222222222222,90,18,-0.001546362574494514,0.34444444444444444,0.9235721265645442,-0.04516708716936635,-0.002670482157934368,,-0.05,0.8
volume_breakout,0.3,0.0,0.0,1.0,0.35,2,90,0.00039620777706771344,0.4222222222222222,90,18,-0.001546362574494514,0.34444444444444444,0.9235721265645442,-0.04516708716936635,-0.002670482157934368,,-0.05,0.8
volume_breakout,0.3,0.0,-0.03,1.0,0.35,2,90,0.00039620777706771344,0.4222222222222222,90,18,-0.001546362574494514,0.34444444444444444,0.9235721265645442,-0.04516708716936635,-0.002670482157934368,,-0.05,1.1
volume_breakout,0.3,0.0,-0.03,1.0,0.5,2,90,0.00039620777706771344,0.4222222222222222,90,18,-0.001546362574494514,0.34444444444444444,0.9235721265645442,-0.04516708716936635,-0.002670482157934368,,-0.05,0.8
volume_breakout,0.3,0.0,0.0,1.0,0.65,2,90,0.00039620777706771344,0.4222222222222222,90,18,-0.001546362574494514,0.34444444444444444,0.9235721265645442,-0.04516708716936635,-0.002670482157934368,,-0.05,1.1
volume_breakout,0.3,0.0,-0.03,1.0,0.5,2,90,0.00039620777706771344,0.4222222222222222,90,18,-0.001546362574494514,0.34444444444444444,0.9235721265645442,-0.04516708716936635,-0.002670482157934368,,-0.05,1.1
volume_breakout,0.3,-0.03,-0.03,0.75,0.35,2,90,0.005757360435699937,0.4777777777777778,89,18,-0.000143457284017801,0.34831460674157305,0.9924822020124605,-0.09258994359041262,-0.002673035041227064,,0.0,1.1
volume_breakout,0.3,-0.03,0.0,0.75,0.35,2,90,0.005757360435699937,0.4777777777777778,89,18,-0.000143457284017801,0.34831460674157305,0.9924822020124605,-0.09258994359041262,-0.002673035041227064,,0.0,1.1
volume_breakout,0.3,-0.03,-0.03,0.75,0.5,2,90,0.005757360435699937,0.4777777777777778,89,18,-0.000143457284017801,0.34831460674157305,0.9924822020124605,-0.09258994359041262,-0.002673035041227064,,0.0,1.1
volume_breakout,0.3,-0.03,-0.03,0.75,0.65,2,90,0.005757360435699937,0.4777777777777778,89,18,-0.000143457284017801,0.34831460674157305,0.9924822020124605,-0.09258994359041262,-0.002673035041227064,,0.0,1.1
volume_breakout,0.3,-0.03,0.0,0.75,0.5,2,90,0.005757360435699937,0.4777777777777778,89,18,-0.000143457284017801,0.34831460674157305,0.9924822020124605,-0.09258994359041262,-0.002673035041227064,,0.0,1.1
volume_breakout,0.3,-0.03,0.03,0.75,0.65,2,90,0.005757360435699937,0.4777777777777778,89,18,-0.000143457284017801,0.34831460674157305,0.9924822020124605,-0.09258994359041262,-0.002673035041227064,,0.0,1.1
volume_breakout,0.3,-0.03,0.03,0.75,0.35,2,90,0.005757360435699937,0.4777777777777778,89,18,-0.000143457284017801,0.34831460674157305,0.9924822020124605,-0.09258994359041262,-0.002673035041227064,,0.0,1.1
volume_breakout,0.3,-0.03,0.03,0.75,0.5,2,90,0.005757360435699937,0.4777777777777778,89,18,-0.000143457284017801,0.34831460674157305,0.9924822020124605,-0.09258994359041262,-0.002673035041227064,,0.0,1.1
volume_breakout,0.3,-0.03,0.0,0.75,0.65,2,90,0.005757360435699937,0.4777777777777778,89,18,-0.000143457284017801,0.34831460674157305,0.9924822020124605,-0.09258994359041262,-0.002673035041227064,,0.0,1.1
volume_breakout,0.3,0.03,-0.03,1.0,0.65,1,90,0.0032419264637986167,0.4444444444444444,86,18,-0.0008117633763277289,0.3372093023255814,0.9543532531665015,-0.07188188163102249,-0.002729631511966778,,0.0,0.8
volume_breakout,0.3,0.03,-0.03,1.0,0.5,1,90,0.0032419264637986167,0.4444444444444444,86,18,-0.0008117633763277289,0.3372093023255814,0.9543532531665015,-0.07188188163102249,-0.002729631511966778,,0.0,0.8
volume_breakout,0.3,0.03,0.03,1.0,0.65,1,90,0.0032419264637986167,0.4444444444444444,86,18,-0.0008117633763277289,0.3372093023255814,0.9543532531665015,-0.07188188163102249,-0.002729631511966778,,0.0,0.8
volume_breakout,0.3,0.03,0.03,1.0,0.5,1,90,0.0032419264637986167,0.4444444444444444,86,18,-0.0008117633763277289,0.3372093023255814,0.9543532531665015,-0.07188188163102249,-0.002729631511966778,,0.0,0.8
volume_breakout,0.3,0.03,0.0,1.0,0.5,1,90,0.0032419264637986167,0.4444444444444444,86,18,-0.0008117633763277289,0.3372093023255814,0.9543532531665015,-0.07188188163102249,-0.002729631511966778,,0.0,0.8
volume_breakout,0.3,0.03,0.03,1.0,0.35,1,90,0.0032419264637986167,0.4444444444444444,86,18,-0.0008117633763277289,0.3372093023255814,0.9543532531665015,-0.07188188163102249,-0.002729631511966778,,0.0,0.8
volume_breakout,0.3,0.03,-0.03,1.0,0.35,1,90,0.0032419264637986167,0.4444444444444444,86,18,-0.0008117633763277289,0.3372093023255814,0.9543532531665015,-0.07188188163102249,-0.002729631511966778,,0.0,0.8
volume_breakout,0.3,0.03,0.0,1.0,0.65,1,90,0.0032419264637986167,0.4444444444444444,86,18,-0.0008117633763277289,0.3372093023255814,0.9543532531665015,-0.07188188163102249,-0.002729631511966778,,0.0,0.8
volume_breakout,0.3,0.03,0.0,1.0,0.35,1,90,0.0032419264637986167,0.4444444444444444,86,18,-0.0008117633763277289,0.3372093023255814,0.9543532531665015,-0.07188188163102249,-0.002729631511966778,,0.0,0.8
volume_breakout,0.3,-0.03,0.03,0.75,0.65,2,90,0.005757360435699937,0.4777777777777778,90,18,-0.00023773123030426,0.34444444444444444,0.9874655291550843,-0.09258994359041262,-0.002768563155727867,,0.0,0.8
volume_breakout,0.3,-0.03,0.03,0.75,0.35,2,90,0.005757360435699937,0.4777777777777778,90,18,-0.00023773123030426,0.34444444444444444,0.9874655291550843,-0.09258994359041262,-0.002768563155727867,,0.0,0.8
volume_breakout,0.3,-0.03,-0.03,0.75,0.5,2,90,0.005757360435699937,0.4777777777777778,90,18,-0.00023773123030426,0.34444444444444444,0.9874655291550843,-0.09258994359041262,-0.002768563155727867,,0.0,0.8
volume_breakout,0.3,-0.03,0.0,0.75,0.65,2,90,0.005757360435699937,0.4777777777777778,90,18,-0.00023773123030426,0.34444444444444444,0.9874655291550843,-0.09258994359041262,-0.002768563155727867,,0.0,0.8
volume_breakout,0.3,-0.03,0.0,0.75,0.5,2,90,0.005757360435699937,0.4777777777777778,90,18,-0.00023773123030426,0.34444444444444444,0.9874655291550843,-0.09258994359041262,-0.002768563155727867,,0.0,0.8
volume_breakout,0.3,-0.03,0.03,0.75,0.5,2,90,0.005757360435699937,0.4777777777777778,90,18,-0.00023773123030426,0.34444444444444444,0.9874655291550843,-0.09258994359041262,-0.002768563155727867,,0.0,0.8
volume_breakout,0.3,-0.03,-0.03,0.75,0.35,2,90,0.005757360435699937,0.4777777777777778,90,18,-0.00023773123030426,0.34444444444444444,0.9874655291550843,-0.09258994359041262,-0.002768563155727867,,0.0,0.8
volume_breakout,0.3,-0.03,0.0,0.75,0.35,2,90,0.005757360435699937,0.4777777777777778,90,18,-0.00023773123030426,0.34444444444444444,0.9874655291550843,-0.09258994359041262,-0.002768563155727867,,0.0,0.8
volume_breakout,0.3,-0.03,-0.03,0.75,0.65,2,90,0.005757360435699937,0.4777777777777778,90,18,-0.00023773123030426,0.34444444444444444,0.9874655291550843,-0.09258994359041262,-0.002768563155727867,,0.0,0.8
trend_pullback,0.4,0.0,0.03,0.75,0.65,1,80,-0.0032325658561717457,0.3875,53,11,-0.0018945397462850593,0.41509433962264153,0.858722401134857,-0.03639803105280015,-0.002771800077585349,0.7,,
trend_pullback,0.4,0.0,0.0,0.75,0.65,1,80,-0.0032325658561717457,0.3875,53,11,-0.0018945397462850593,0.41509433962264153,0.858722401134857,-0.03639803105280015,-0.002771800077585349,0.7,,
trend_pullback,0.4,0.0,-0.03,0.75,0.65,1,80,-0.0032325658561717457,0.3875,53,11,-0.0018945397462850593,0.41509433962264153,0.858722401134857,-0.03639803105280015,-0.002771800077585349,0.7,,
trend_pullback,0.4,-0.03,-0.03,1.0,0.35,2,80,-0.002672414019605172,0.3625,55,11,-0.0020662571270383934,0.32727272727272727,0.8885101392591925,-0.03192673214893027,-0.0028019315566915034,0.7,,
trend_pullback,0.4,-0.03,0.0,1.0,0.5,2,80,-0.0012892905056188534,0.375,55,11,-0.0020662571270383934,0.32727272727272727,0.8885101392591925,-0.03192673214893027,-0.0028019315566915034,0.45,,
trend_pullback,0.4,-0.03,0.0,1.0,0.5,2,80,-0.002672414019605172,0.3625,55,11,-0.0020662571270383934,0.32727272727272727,0.8885101392591925,-0.03192673214893027,-0.0028019315566915034,0.7,,
trend_pullback,0.4,-0.03,0.03,1.0,0.5,2,80,-0.002672414019605172,0.3625,55,11,-0.0020662571270383934,0.32727272727272727,0.8885101392591925,-0.03192673214893027,-0.0028019315566915034,0.7,,
trend_pullback,0.4,-0.03,0.0,1.0,0.35,2,80,-0.002672414019605172,0.3625,55,11,-0.0020662571270383934,0.32727272727272727,0.8885101392591925,-0.03192673214893027,-0.0028019315566915034,0.7,,
trend_pullback,0.4,-0.03,-0.03,1.0,0.35,2,80,-0.0012892905056188534,0.375,55,11,-0.0020662571270383934,0.32727272727272727,0.8885101392591925,-0.03192673214893027,-0.0028019315566915034,0.45,,
trend_pullback,0.4,-0.03,-0.03,1.0,0.5,2,80,-0.0012892905056188534,0.375,55,11,-0.0020662571270383934,0.32727272727272727,0.8885101392591925,-0.03192673214893027,-0.0028019315566915034,0.45,,
trend_pullback,0.4,-0.03,0.03,1.0,0.35,2,80,-0.002672414019605172,0.3625,55,11,-0.0020662571270383934,0.32727272727272727,0.8885101392591925,-0.03192673214893027,-0.0028019315566915034,0.7,,
trend_pullback,0.4,-0.03,0.03,1.0,0.35,2,80,-0.0012892905056188534,0.375,55,11,-0.0020662571270383934,0.32727272727272727,0.8885101392591925,-0.03192673214893027,-0.0028019315566915034,0.45,,
trend_pullback,0.4,-0.03,0.0,1.0,0.35,2,80,-0.0012892905056188534,0.375,55,11,-0.0020662571270383934,0.32727272727272727,0.8885101392591925,-0.03192673214893027,-0.0028019315566915034,0.45,,
trend_pullback,0.4,-0.03,0.03,1.0,0.5,2,80,-0.0012892905056188534,0.375,55,11,-0.0020662571270383934,0.32727272727272727,0.8885101392591925,-0.03192673214893027,-0.0028019315566915034,0.45,,
trend_pullback,0.4,-0.03,-0.03,1.0,0.5,2,80,-0.002672414019605172,0.3625,55,11,-0.0020662571270383934,0.32727272727272727,0.8885101392591925,-0.03192673214893027,-0.0028019315566915034,0.7,,
trend_pullback,0.4,0.0,-0.03,0.75,0.65,1,80,-0.0014978332966557894,0.4125,53,11,-0.0019975137710001325,0.39622641509433965,0.851271842505943,-0.03639803105280026,-0.0028766367419576543,0.45,,
trend_pullback,0.4,0.0,0.03,0.75,0.65,1,80,-0.0014978332966557894,0.4125,53,11,-0.0019975137710001325,0.39622641509433965,0.851271842505943,-0.03639803105280026,-0.0028766367419576543,0.45,,
trend_pullback,0.4,0.0,0.0,0.75,0.65,1,80,-0.0014978332966557894,0.4125,53,11,-0.0019975137710001325,0.39622641509433965,0.851271842505943,-0.03639803105280026,-0.0028766367419576543,0.45,,
trend_pullback,0.3,-0.03,0.03,1.0,0.5,3,90,0.0005554349928810618,0.37777777777777777,89,18,-0.001234983451953274,0.33707865168539325,0.9373482305971955,-0.06255990412157464,-0.002877443517951214,0.45,,
trend_pullback,0.3,-0.03,0.03,1.0,0.35,3,90,0.0005554349928810618,0.37777777777777777,89,18,-0.001234983451953274,0.33707865168539325,0.9373482305971955,-0.06255990412157464,-0.002877443517951214,0.45,,
trend_pullback,0.5,0.03,0.03,0.75,0.5,3,75,-0.0027058156707137795,0.4,35,7,-0.002564791543734989,0.34285714285714286,0.8553701837685926,-0.017578246091094485,-0.0028782963805256754,0.7,,
trend_pullback,0.5,-0.03,0.03,0.75,0.5,3,75,-0.0039058156707137814,0.38666666666666666,35,7,-0.002564791543734989,0.34285714285714286,0.8553701837685926,-0.017578246091094485,-0.0028782963805256754,0.7,,
trend_pullback,0.5,0.03,0.0,0.75,0.35,3,75,-0.0027058156707137795,0.4,35,7,-0.002564791543734989,0.34285714285714286,0.8553701837685926,-0.017578246091094485,-0.0028782963805256754,0.7,,
trend_pullback,0.5,0.03,0.03,0.75,0.35,3,75,-0.0027058156707137795,0.4,35,7,-0.002564791543734989,0.34285714285714286,0.8553701837685926,-0.017578246091094485,-0.0028782963805256754,0.7,,
trend_pullback,0.5,-0.03,0.03,0.75,0.35,3,75,-0.0039058156707137814,0.38666666666666666,35,7,-0.002564791543734989,0.34285714285714286,0.8553701837685926,-0.017578246091094485,-0.0028782963805256754,0.7,,
trend_pullback,0.5,0.03,0.0,0.75,0.5,3,75,-0.0027058156707137795,0.4,35,7,-0.002564791543734989,0.34285714285714286,0.8553701837685926,-0.017578246091094485,-0.0028782963805256754,0.7,,
trend_pullback,0.5,-0.03,0.0,0.75,0.35,3,75,-0.0039058156707137814,0.38666666666666666,35,7,-0.002564791543734989,0.34285714285714286,0.8553701837685926,-0.017578246091094485,-0.0028782963805256754,0.7,,
trend_pullback,0.5,0.0,0.03,0.75,0.35,3,75,-0.0039058156707137814,0.38666666666666666,35,7,-0.002564791543734989,0.34285714285714286,0.8553701837685926,-0.017578246091094485,-0.0028782963805256754,0.7,,
trend_pullback,0.5,0.0,-0.03,0.75,0.35,3,75,-0.0039058156707137814,0.38666666666666666,35,7,-0.002564791543734989,0.34285714285714286,0.8553701837685926,-0.017578246091094485,-0.0028782963805256754,0.7,,
trend_pullback,0.5,0.03,-0.03,0.75,0.5,3,75,-0.0027058156707137795,0.4,35,7,-0.002564791543734989,0.34285714285714286,0.8553701837685926,-0.017578246091094485,-0.0028782963805256754,0.7,,
trend_pullback,0.5,0.03,-0.03,0.75,0.35,3,75,-0.0027058156707137795,0.4,35,7,-0.002564791543734989,0.34285714285714286,0.8553701837685926,-0.017578246091094485,-0.0028782963805256754,0.7,,
trend_pullback,0.5,0.0,0.0,0.75,0.5,3,75,-0.0039058156707137814,0.38666666666666666,35,7,-0.002564791543734989,0.34285714285714286,0.8553701837685926,-0.017578246091094485,-0.0028782963805256754,0.7,,
trend_pullback,0.5,-0.03,0.0,0.75,0.5,3,75,-0.0039058156707137814,0.38666666666666666,35,7,-0.002564791543734989,0.34285714285714286,0.8553701837685926,-0.017578246091094485,-0.0028782963805256754,0.7,,
trend_pullback,0.5,-0.03,-0.03,0.75,0.5,3,75,-0.0039058156707137814,0.38666666666666666,35,7,-0.002564791543734989,0.34285714285714286,0.8553701837685926,-0.017578246091094485,-0.0028782963805256754,0.7,,
trend_pullback,0.5,0.0,0.0,0.75,0.35,3,75,-0.0039058156707137814,0.38666666666666666,35,7,-0.002564791543734989,0.34285714285714286,0.8553701837685926,-0.017578246091094485,-0.0028782963805256754,0.7,,
trend_pullback,0.5,-0.03,-0.03,0.75,0.35,3,75,-0.0039058156707137814,0.38666666666666666,35,7,-0.002564791543734989,0.34285714285714286,0.8553701837685926,-0.017578246091094485,-0.0028782963805256754,0.7,,
trend_pullback,0.5,0.0,-0.03,0.75,0.5,3,75,-0.0039058156707137814,0.38666666666666666,35,7,-0.002564791543734989,0.34285714285714286,0.8553701837685926,-0.017578246091094485,-0.0028782963805256754,0.7,,
trend_pullback,0.5,0.0,0.03,0.75,0.5,3,75,-0.0039058156707137814,0.38666666666666666,35,7,-0.002564791543734989,0.34285714285714286,0.8553701837685926,-0.017578246091094485,-0.0028782963805256754,0.7,,
trend_pullback,0.3,0.0,0.03,1.0,0.65,3,90,-0.00020242233475079315,0.36666666666666664,86,18,-0.0016494797340712573,0.3372093023255814,0.9179029933825477,-0.048684236627814514,-0.0028805310845600555,0.45,,
trend_pullback,0.3,0.0,-0.03,1.0,0.65,3,90,-0.0012024223347507936,0.35555555555555557,86,18,-0.0016494797340712573,0.3372093023255814,0.9179029933825477,-0.048684236627814514,-0.0028805310845600555,0.45,,
trend_pullback,0.3,0.0,0.0,1.0,0.65,3,90,-0.0012024223347507936,0.35555555555555557,86,18,-0.0016494797340712573,0.3372093023255814,0.9179029933825477,-0.048684236627814514,-0.0028805310845600555,0.45,,
trend_pullback,0.4,0.0,0.0,1.0,0.65,3,80,-0.0010719959599279766,0.3625,53,11,-0.0021601706997069025,0.33962264150943394,0.8918007724177796,-0.03160000000000007,-0.0028852205066024596,0.45,,
trend_pullback,0.4,0.0,-0.03,1.0,0.65,3,80,-0.0010719959599279766,0.3625,53,11,-0.0021601706997069025,0.33962264150943394,0.8918007724177796,-0.03160000000000007,-0.0028852205066024596,0.45,,
trend_pullback,0.4,0.0,0.03,1.0,0.65,3,80,-0.0010719959599279766,0.3625,53,11,-0.0021601706997069025,0.33962264150943394,0.8918007724177796,-0.03160000000000007,-0.0028852205066024596,0.45,,
volume_breakout,0.4,0.0,0.03,1.0,0.5,1,80,-0.002259712072044132,0.3875,55,11,-0.002137563585897391,0.34545454545454546,0.8713038645776232,-0.032748926112897925,-0.0029022054031399226,,-0.05,0.8
volume_breakout,0.4,0.0,0.0,1.0,0.35,1,80,-0.002259712072044132,0.3875,55,11,-0.002137563585897391,0.34545454545454546,0.8713038645776232,-0.032748926112897925,-0.0029022054031399226,,-0.05,0.8
volume_breakout,0.4,0.0,-0.03,1.0,0.65,1,80,-0.002259712072044132,0.3875,55,11,-0.002137563585897391,0.34545454545454546,0.8713038645776232,-0.032748926112897925,-0.0029022054031399226,,-0.05,0.8
volume_breakout,0.4,0.0,-0.03,1.0,0.65,1,80,-0.002259712072044132,0.3875,55,11,-0.002137563585897391,0.34545454545454546,0.8713038645776232,-0.032748926112897925,-0.0029022054031399226,,-0.05,1.1
volume_breakout,0.4,0.0,0.0,1.0,0.35,1,80,-0.002259712072044132,0.3875,55,11,-0.002137563585897391,0.34545454545454546,0.8713038645776232,-0.032748926112897925,-0.0029022054031399226,,-0.05,1.1
volume_breakout,0.4,0.0,0.0,1.0,0.5,1,80,-0.002259712072044132,0.3875,55,11,-0.002137563585897391,0.34545454545454546,0.8713038645776232,-0.032748926112897925,-0.0029022054031399226,,-0.05,0.8
volume_breakout,0.4,0.0,0.0,1.0,0.5,1,80,-0.002259712072044132,0.3875,55,11,-0.002137563585897391,0.34545454545454546,0.8713038645776232,-0.032748926112897925,-0.0029022054031399226,,-0.05,1.1
volume_breakout,0.4,0.0,0.0,1.0,0.65,1,80,-0.002259712072044132,0.3875,55,11,-0.002137563585897391,0.34545454545454546,0.8713038645776232,-0.032748926112897925,-0.0029022054031399226,,-0.05,1.1
volume_breakout,0.4,0.0,0.0,1.0,0.65,1,80,-0.002259712072044132,0.3875,55,11,-0.002137563585897391,0.34545454545454546,0.8713038645776232,-0.032748926112897925,-0.0029022054031399226,,-0.05,0.8
volume_breakout,0.4,0.0,0.03,1.0,0.65,1,80,-0.002259712072044132,0.3875,55,11,-0.002137563585897391,0.34545454545454546,0.8713038645776232,-0.032748926112897925,-0.0029022054031399226,,-0.05,0.8
volume_breakout,0.4,0.0,0.03,1.0,0.65,1,80,-0.002259712072044132,0.3875,55,11,-0.002137563585897391,0.34545454545454546,0.8713038645776232,-0.032748926112897925,-0.0029022054031399226,,-0.05,1.1
volume_breakout,0.4,0.0,0.03,1.0,0.5,1,80,-0.002259712072044132,0.3875,55,11,-0.002137563585897391,0.34545454545454546,0.8713038645776232,-0.032748926112897925,-0.0029022054031399226,,-0.05,1.1
volume_breakout,0.4,0.0,0.03,1.0,0.35,1,80,-0.002259712072044132,0.3875,55,11,-0.002137563585897391,0.34545454545454546,0.8713038645776232,-0.032748926112897925,-0.0029022054031399226,,-0.05,1.1
volume_breakout,0.4,0.0,0.03,1.0,0.35,1,80,-0.002259712072044132,0.3875,55,11,-0.002137563585897391,0.34545454545454546,0.8713038645776232,-0.032748926112897925,-0.0029022054031399226,,-0.05,0.8
volume_breakout,0.4,0.0,-0.03,1.0,0.5,1,80,-0.002259712072044132,0.3875,55,11,-0.002137563585897391,0.34545454545454546,0.8713038645776232,-0.032748926112897925,-0.0029022054031399226,,-0.05,1.1
volume_breakout,0.4,0.0,-0.03,1.0,0.35,1,80,-0.002259712072044132,0.3875,55,11,-0.002137563585897391,0.34545454545454546,0.8713038645776232,-0.032748926112897925,-0.0029022054031399226,,-0.05,0.8
volume_breakout,0.4,0.0,-0.03,1.0,0.5,1,80,-0.002259712072044132,0.3875,55,11,-0.002137563585897391,0.34545454545454546,0.8713038645776232,-0.032748926112897925,-0.0029022054031399226,,-0.05,0.8
volume_breakout,0.4,0.0,-0.03,1.0,0.35,1,80,-0.002259712072044132,0.3875,55,11,-0.002137563585897391,0.34545454545454546,0.8713038645776232,-0.032748926112897925,-0.0029022054031399226,,-0.05,1.1
trend_pullback,0.3,-0.03,0.03,1.0,0.35,2,90,-0.0005896372137004877,0.37777777777777777,89,18,-0.0015421010119537708,0.33707865168539325,0.9190295162289642,-0.05300895031937236,-0.0029026121424777004,0.45,,
trend_pullback,0.3,-0.03,0.03,1.0,0.5,2,90,-0.0005896372137004877,0.37777777777777777,89,18,-0.0015421010119537708,0.33707865168539325,0.9190295162289642,-0.05300895031937236,-0.0029026121424777004,0.45,,
trend_pullback,0.3,0.0,0.0,1.0,0.65,2,90,-0.00221919392552411,0.35555555555555557,86,18,-0.0018164971008484774,0.3372093023255814,0.9069048938566584,-0.04477024000000018,-0.002932878077384318,0.45,,
trend_pullback,0.3,0.0,0.03,1.0,0.65,2,90,-0.0012191939255241102,0.36666666666666664,86,18,-0.0018164971008484774,0.3372093023255814,0.9069048938566584,-0.04477024000000018,-0.002932878077384318,0.45,,
trend_pullback,0.3,0.0,-0.03,1.0,0.65,2,90,-0.00221919392552411,0.35555555555555557,86,18,-0.0018164971008484774,0.3372093023255814,0.9069048938566584,-0.04477024000000018,-0.002932878077384318,0.45,,
trend_pullback,0.4,0.0,-0.03,0.75,0.35,2,80,-0.005226947890680944,0.35,54,11,-0.00180925847194334,0.37037037037037035,0.8922916243355189,-0.04500696710414365,-0.00293639457898377,0.45,,
trend_pullback,0.4,0.0,-0.03,0.75,0.5,2,80,-0.005226947890680944,0.35,54,11,-0.00180925847194334,0.37037037037037035,0.8922916243355189,-0.04500696710414365,-0.00293639457898377,0.45,,
volume_breakout,0.3,-0.03,-0.03,0.75,0.65,3,90,0.005776647004839487,0.4444444444444444,89,18,-0.0004369714576676031,0.3595505617977528,0.977956676855965,-0.09354003908322706,-0.0029986834609504235,,0.0,1.1
volume_breakout,0.3,-0.03,-0.03,0.75,0.35,3,90,0.005776647004839487,0.4444444444444444,89,18,-0.0004369714576676031,0.3595505617977528,0.977956676855965,-0.09354003908322706,-0.0029986834609504235,,0.0,1.1
volume_breakout,0.3,-0.03,0.0,0.75,0.5,3,90,0.005776647004839487,0.4444444444444444,89,18,-0.0004369714576676031,0.3595505617977528,0.977956676855965,-0.09354003908322706,-0.0029986834609504235,,0.0,1.1
volume_breakout,0.3,-0.03,0.03,0.75,0.65,3,90,0.005776647004839487,0.4444444444444444,89,18,-0.0004369714576676031,0.3595505617977528,0.977956676855965,-0.09354003908322706,-0.0029986834609504235,,0.0,1.1
volume_breakout,0.3,-0.03,0.0,0.75,0.35,3,90,0.005776647004839487,0.4444444444444444,89,18,-0.0004369714576676031,0.3595505617977528,0.977956676855965,-0.09354003908322706,-0.0029986834609504235,,0.0,1.1
volume_breakout,0.3,-0.03,-0.03,0.75,0.5,3,90,0.005776647004839487,0.4444444444444444,89,18,-0.0004369714576676031,0.3595505617977528,0.977956676855965,-0.09354003908322706,-0.0029986834609504235,,0.0,1.1
volume_breakout,0.3,-0.03,0.03,0.75,0.5,3,90,0.005776647004839487,0.4444444444444444,89,18,-0.0004369714576676031,0.3595505617977528,0.977956676855965,-0.09354003908322706,-0.0029986834609504235,,0.0,1.1
volume_breakout,0.3,-0.03,0.0,0.75,0.65,3,90,0.005776647004839487,0.4444444444444444,89,18,-0.0004369714576676031,0.3595505617977528,0.977956676855965,-0.09354003908322706,-0.0029986834609504235,,0.0,1.1
volume_breakout,0.3,-0.03,0.03,0.75,0.35,3,90,0.005776647004839487,0.4444444444444444,89,18,-0.0004369714576676031,0.3595505617977528,0.977956676855965,-0.09354003908322706,-0.0029986834609504235,,0.0,1.1
trend_pullback,0.3,-0.03,0.03,1.0,0.65,3,90,-0.0011170691630045344,0.35555555555555557,90,18,-0.0014017559465197209,0.34444444444444444,0.9291251203331514,-0.06124685489736925,-0.0030068803133575105,0.7,,
volume_breakout,0.3,-0.03,0.03,0.75,0.65,3,90,0.005776647004839487,0.4444444444444444,90,18,-0.0004699743183119912,0.35555555555555557,0.9760716523401117,-0.09354003908322706,-0.003032157577723775,,0.0,0.8
volume_breakout,0.3,-0.03,-0.03,0.75,0.5,3,90,0.005776647004839487,0.4444444444444444,90,18,-0.0004699743183119912,0.35555555555555557,0.9760716523401117,-0.09354003908322706,-0.003032157577723775,,0.0,0.8
volume_breakout,0.3,-0.03,0.0,0.75,0.65,3,90,0.005776647004839487,0.4444444444444444,90,18,-0.0004699743183119912,0.35555555555555557,0.9760716523401117,-0.09354003908322706,-0.003032157577723775,,0.0,0.8
volume_breakout,0.3,-0.03,0.0,0.75,0.5,3,90,0.005776647004839487,0.4444444444444444,90,18,-0.0004699743183119912,0.35555555555555557,0.9760716523401117,-0.09354003908322706,-0.003032157577723775,,0.0,0.8
volume_breakout,0.3,-0.03,0.03,0.75,0.5,3,90,0.005776647004839487,0.4444444444444444,90,18,-0.0004699743183119912,0.35555555555555557,0.9760716523401117,-0.09354003908322706,-0.003032157577723775,,0.0,0.8
volume_breakout,0.3,-0.03,-0.03,0.75,0.65,3,90,0.005776647004839487,0.4444444444444444,90,18,-0.0004699743183119912,0.35555555555555557,0.9760716523401117,-0.09354003908322706,-0.003032157577723775,,0.0,0.8
volume_breakout,0.3,-0.03,-0.03,0.75,0.35,3,90,0.005776647004839487,0.4444444444444444,90,18,-0.0004699743183119912,0.35555555555555557,0.9760716523401117,-0.09354003908322706,-0.003032157577723775,,0.0,0.8
volume_breakout,0.3,-0.03,0.03,0.75,0.35,3,90,0.005776647004839487,0.4444444444444444,90,18,-0.0004699743183119912,0.35555555555555557,0.9760716523401117,-0.09354003908322706,-0.003032157577723775,,0.0,0.8
volume_breakout,0.3,-0.03,0.0,0.75,0.35,3,90,0.005776647004839487,0.4444444444444444,90,18,-0.0004699743183119912,0.35555555555555557,0.9760716523401117,-0.09354003908322706,-0.003032157577723775,,0.0,0.8
trend_pullback,0.4,0.0,0.03,1.0,0.65,1,80,0.0013155064408232134,0.45,53,11,-0.002225466848675612,0.39622641509433965,0.8607308677217841,-0.036055067167056754,-0.003091936146756869,0.45,,
trend_pullback,0.4,0.0,-0.03,1.0,0.65,1,80,0.0013155064408232134,0.45,53,11,-0.002225466848675612,0.39622641509433965,0.8607308677217841,-0.036055067167056754,-0.003091936146756869,0.45,,
trend_pullback,0.4,0.0,0.0,1.0,0.65,1,80,0.0013155064408232134,0.45,53,11,-0.002225466848675612,0.39622641509433965,0.8607308677217841,-0.036055067167056754,-0.003091936146756869,0.45,,
trend_pullback,0.5,-0.03,0.03,0.75,0.65,1,75,-0.0033295741588128943,0.37333333333333335,35,7,-0.002478226014295384,0.4,0.8265253787023923,-0.0280473147518695,-0.003113014112175871,0.7,,
trend_pullback,0.5,0.0,0.0,0.75,0.65,1,75,-0.0033295741588128943,0.37333333333333335,35,7,-0.002478226014295384,0.4,0.8265253787023923,-0.0280473147518695,-0.003113014112175871,0.7,,
trend_pullback,0.5,0.03,0.0,0.75,0.65,1,75,-0.002399409624992051,0.38666666666666666,35,7,-0.002478226014295384,0.4,0.8265253787023923,-0.0280473147518695,-0.003113014112175871,0.7,,
trend_pullback,0.5,0.03,0.03,0.75,0.65,1,75,-0.002399409624992051,0.38666666666666666,35,7,-0.002478226014295384,0.4,0.8265253787023923,-0.0280473147518695,-0.003113014112175871,0.7,,
trend_pullback,0.5,0.0,-0.03,0.75,0.65,1,75,-0.0033295741588128943,0.37333333333333335,35,7,-0.002478226014295384,0.4,0.8265253787023923,-0.0280473147518695,-0.003113014112175871,0.7,,
trend_pullback,0.5,-0.03,-0.03,0.75,0.65,1,75,-0.0033295741588128943,0.37333333333333335,35,7,-0.002478226014295384,0.4,0.8265253787023923,-0.0280473147518695,-0.003113014112175871,0.7,,
trend_pullback,0.5,-0.03,0.0,0.75,0.65,1,75,-0.0033295741588128943,0.37333333333333335,35,7,-0.002478226014295384,0.4,0.8265253787023923,-0.0280473147518695,-0.003113014112175871,0.7,,
trend_pullback,0.5,0.03,-0.03,0.75,0.65,1,75,-0.002399409624992051,0.38666666666666666,35,7,-0.002478226014295384,0.4,0.8265253787023923,-0.0280473147518695,-0.003113014112175871,0.7,,
trend_pullback,0.5,0.0,0.03,0.75,0.65,1,75,-0.0033295741588128943,0.37333333333333335,35,7,-0.002478226014295384,0.4,0.8265253787023923,-0.0280473147518695,-0.003113014112175871,0.7,,
trend_pullback,0.4,0.0,0.03,0.75,0.5,3,80,-0.0037841693843015485,0.3875,53,11,-0.001677759107439743,0.33962264150943394,0.9083499525333439,-0.05776136473600024,-0.0031835125613864142,0.45,,
trend_pullback,0.4,0.0,0.0,0.75,0.5,3,80,-0.0037841693843015485,0.3875,53,11,-0.001677759107439743,0.33962264150943394,0.9083499525333439,-0.05776136473600024,-0.0031835125613864142,0.45,,
trend_pullback,0.4,0.0,0.0,0.75,0.35,3,80,-0.0037841693843015485,0.3875,53,11,-0.001677759107439743,0.33962264150943394,0.9083499525333439,-0.05776136473600024,-0.0031835125613864142,0.45,,
trend_pullback,0.4,0.0,0.03,0.75,0.35,3,80,-0.0037841693843015485,0.3875,53,11,-0.001677759107439743,0.33962264150943394,0.9083499525333439,-0.05776136473600024,-0.0031835125613864142,0.45,,
trend_pullback,0.3,-0.03,-0.03,1.0,0.65,3,90,-0.002117069163004535,0.34444444444444444,90,18,-0.0015249500626216383,0.34444444444444444,0.9233735383070542,-0.06329813560803077,-0.0031930507462857977,0.7,,
trend_pullback,0.3,-0.03,0.0,1.0,0.65,3,90,-0.002117069163004535,0.34444444444444444,90,18,-0.0015249500626216383,0.34444444444444444,0.9233735383070542,-0.06329813560803077,-0.0031930507462857977,0.7,,
trend_pullback,0.4,0.0,0.03,0.75,0.5,1,80,-0.0027764716919076613,0.4,53,11,-0.002314010977990123,0.39622641509433965,0.8127619675784534,-0.03639803105280015,-0.003202761417679514,0.45,,
trend_pullback,0.4,0.0,0.0,0.75,0.35,1,80,-0.0027764716919076613,0.4,53,11,-0.002314010977990123,0.39622641509433965,0.8127619675784534,-0.03639803105280015,-0.003202761417679514,0.45,,
trend_pullback,0.4,0.0,0.03,0.75,0.35,1,80,-0.0027764716919076613,0.4,53,11,-0.002314010977990123,0.39622641509433965,0.8127619675784534,-0.03639803105280015,-0.003202761417679514,0.45,,
trend_pullback,0.4,0.0,0.0,0.75,0.5,1,80,-0.0027764716919076613,0.4,53,11,-0.002314010977990123,0.39622641509433965,0.8127619675784534,-0.03639803105280015,-0.003202761417679514,0.45,,
flow_trend,0.4,0.03,0.03,1.0,0.65,1,80,-0.0020107958299271055,0.45,54,11,-0.002236228215767076,0.4444444444444444,0.8458787189544807,-0.03978018348305978,-0.0032181640405202494,,,
flow_trend,0.4,0.03,-0.03,1.0,0.35,1,80,-0.001847212320413364,0.45,54,11,-0.002236228215767076,0.4444444444444444,0.8458787189544807,-0.03978018348305978,-0.0032181640405202494,,,
flow_trend,0.4,0.03,0.0,1.0,0.35,1,80,-0.001847212320413364,0.45,54,11,-0.002236228215767076,0.4444444444444444,0.8458787189544807,-0.03978018348305978,-0.0032181640405202494,,,
flow_trend,0.4,0.03,0.0,1.0,0.65,1,80,-0.0020107958299271055,0.45,54,11,-0.002236228215767076,0.4444444444444444,0.8458787189544807,-0.03978018348305978,-0.0032181640405202494,,,
flow_trend,0.4,0.03,-0.03,1.0,0.5,1,80,-0.001847212320413364,0.45,54,11,-0.002236228215767076,0.4444444444444444,0.8458787189544807,-0.03978018348305978,-0.0032181640405202494,,,
flow_trend,0.4,0.03,0.03,1.0,0.5,1,80,-0.001847212320413364,0.45,54,11,-0.002236228215767076,0.4444444444444444,0.8458787189544807,-0.03978018348305978,-0.0032181640405202494,,,
flow_trend,0.4,0.03,-0.03,1.0,0.65,1,80,-0.0020107958299271055,0.45,54,11,-0.002236228215767076,0.4444444444444444,0.8458787189544807,-0.03978018348305978,-0.0032181640405202494,,,
flow_trend,0.4,0.03,0.03,1.0,0.35,1,80,-0.001847212320413364,0.45,54,11,-0.002236228215767076,0.4444444444444444,0.8458787189544807,-0.03978018348305978,-0.0032181640405202494,,,
flow_trend,0.4,0.03,0.0,1.0,0.5,1,80,-0.001847212320413364,0.45,54,11,-0.002236228215767076,0.4444444444444444,0.8458787189544807,-0.03978018348305978,-0.0032181640405202494,,,
flow_trend,0.3,0.03,0.0,1.0,0.35,1,90,-0.0021517047743874456,0.4444444444444444,88,18,-0.0016599143004992906,0.4318181818181818,0.8893560513206376,-0.0602468710894396,-0.003244981420352319,,,
flow_trend,0.3,0.03,0.03,1.0,0.65,1,90,-0.0022971123383996603,0.4444444444444444,88,18,-0.0016599143004992906,0.4318181818181818,0.8893560513206376,-0.0602468710894396,-0.003244981420352319,,,
flow_trend,0.3,0.03,0.0,1.0,0.5,1,90,-0.0021517047743874456,0.4444444444444444,88,18,-0.0016599143004992906,0.4318181818181818,0.8893560513206376,-0.0602468710894396,-0.003244981420352319,,,
flow_trend,0.3,0.03,-0.03,1.0,0.65,1,90,-0.0022971123383996603,0.4444444444444444,88,18,-0.0016599143004992906,0.4318181818181818,0.8893560513206376,-0.0602468710894396,-0.003244981420352319,,,
flow_trend,0.3,0.03,0.03,1.0,0.35,1,90,-0.0021517047743874456,0.4444444444444444,88,18,-0.0016599143004992906,0.4318181818181818,0.8893560513206376,-0.0602468710894396,-0.003244981420352319,,,
flow_trend,0.3,0.03,-0.03,1.0,0.5,1,90,-0.0021517047743874456,0.4444444444444444,88,18,-0.0016599143004992906,0.4318181818181818,0.8893560513206376,-0.0602468710894396,-0.003244981420352319,,,
flow_trend,0.3,0.03,-0.03,1.0,0.35,1,90,-0.0021517047743874456,0.4444444444444444,88,18,-0.0016599143004992906,0.4318181818181818,0.8893560513206376,-0.0602468710894396,-0.003244981420352319,,,
flow_trend,0.3,0.03,0.03,1.0,0.5,1,90,-0.0021517047743874456,0.4444444444444444,88,18,-0.0016599143004992906,0.4318181818181818,0.8893560513206376,-0.0602468710894396,-0.003244981420352319,,,
flow_trend,0.3,0.03,0.0,1.0,0.65,1,90,-0.0022971123383996603,0.4444444444444444,88,18,-0.0016599143004992906,0.4318181818181818,0.8893560513206376,-0.0602468710894396,-0.003244981420352319,,,
trend_pullback,0.3,0.0,0.03,1.0,0.35,1,90,0.0008556446639391177,0.43333333333333335,90,18,-0.0019220384477415195,0.37777777777777777,0.8826059343808342,-0.05147540531848682,-0.0032456491237009156,0.7,,
volume_breakout,0.4,0.03,-0.03,1.0,0.65,2,80,0.0013684240427805847,0.425,52,11,-0.0021335929655941248,0.3269230769230769,0.8974070442551094,-0.04466006224783703,-0.003249043071965458,,0.0,1.1
volume_breakout,0.4,0.03,-0.03,1.0,0.35,2,80,0.0013684240427805847,0.425,52,11,-0.0021335929655941248,0.3269230769230769,0.8974070442551094,-0.04466006224783703,-0.003249043071965458,,0.0,1.1
volume_breakout,0.4,0.03,-0.03,1.0,0.5,2,80,0.0013684240427805847,0.425,52,11,-0.0021335929655941248,0.3269230769230769,0.8974070442551094,-0.04466006224783703,-0.003249043071965458,,0.0,1.1
volume_breakout,0.4,0.03,0.03,1.0,0.65,2,80,0.0013684240427805847,0.425,52,11,-0.0021335929655941248,0.3269230769230769,0.8974070442551094,-0.04466006224783703,-0.003249043071965458,,0.0,1.1
volume_breakout,0.4,0.03,0.03,1.0,0.35,2,80,0.0013684240427805847,0.425,52,11,-0.0021335929655941248,0.3269230769230769,0.8974070442551094,-0.04466006224783703,-0.003249043071965458,,0.0,1.1
volume_breakout,0.4,0.03,0.03,1.0,0.5,2,80,0.0013684240427805847,0.425,52,11,-0.0021335929655941248,0.3269230769230769,0.8974070442551094,-0.04466006224783703,-0.003249043071965458,,0.0,1.1
volume_breakout,0.4,0.03,0.0,1.0,0.5,2,80,0.0013684240427805847,0.425,52,11,-0.0021335929655941248,0.3269230769230769,0.8974070442551094,-0.04466006224783703,-0.003249043071965458,,0.0,1.1
volume_breakout,0.4,0.03,0.0,1.0,0.35,2,80,0.0013684240427805847,0.425,52,11,-0.0021335929655941248,0.3269230769230769,0.8974070442551094,-0.04466006224783703,-0.003249043071965458,,0.0,1.1
volume_breakout,0.4,0.03,0.0,1.0,0.65,2,80,0.0013684240427805847,0.425,52,11,-0.0021335929655941248,0.3269230769230769,0.8974070442551094,-0.04466006224783703,-0.003249043071965458,,0.0,1.1
flow_trend,0.4,0.03,0.0,0.75,0.35,1,80,-0.001847212320413364,0.45,52,11,-0.00228211364226009,0.4423076923076923,0.8358710507792836,-0.03978018348305978,-0.0032665513840570625,,,
flow_trend,0.4,0.03,-0.03,0.75,0.65,1,80,-0.0020107958299271055,0.45,52,11,-0.00228211364226009,0.4423076923076923,0.8358710507792836,-0.03978018348305978,-0.0032665513840570625,,,
flow_trend,0.4,0.03,0.0,0.75,0.65,1,80,-0.0020107958299271055,0.45,52,11,-0.00228211364226009,0.4423076923076923,0.8358710507792836,-0.03978018348305978,-0.0032665513840570625,,,
flow_trend,0.4,0.03,0.03,0.75,0.5,1,80,-0.001847212320413364,0.45,52,11,-0.00228211364226009,0.4423076923076923,0.8358710507792836,-0.03978018348305978,-0.0032665513840570625,,,
flow_trend,0.4,0.03,0.03,0.75,0.65,1,80,-0.0020107958299271055,0.45,52,11,-0.00228211364226009,0.4423076923076923,0.8358710507792836,-0.03978018348305978,-0.0032665513840570625,,,
flow_trend,0.4,0.03,0.03,0.75,0.35,1,80,-0.001847212320413364,0.45,52,11,-0.00228211364226009,0.4423076923076923,0.8358710507792836,-0.03978018348305978,-0.0032665513840570625,,,
flow_trend,0.4,0.03,-0.03,0.75,0.35,1,80,-0.001847212320413364,0.45,52,11,-0.00228211364226009,0.4423076923076923,0.8358710507792836,-0.03978018348305978,-0.0032665513840570625,,,
flow_trend,0.4,0.03,0.0,0.75,0.5,1,80,-0.001847212320413364,0.45,52,11,-0.00228211364226009,0.4423076923076923,0.8358710507792836,-0.03978018348305978,-0.0032665513840570625,,,
flow_trend,0.4,0.03,-0.03,0.75,0.5,1,80,-0.001847212320413364,0.45,52,11,-0.00228211364226009,0.4423076923076923,0.8358710507792836,-0.03978018348305978,-0.0032665513840570625,,,
trend_pullback,0.5,0.0,0.0,0.75,0.65,1,75,-0.0011702985665131445,0.41333333333333333,35,7,-0.0026341581088639224,0.37142857142857144,0.8160116806252509,-0.0280473147518695,-0.0032715746312636947,0.45,,
trend_pullback,0.5,0.03,0.0,0.75,0.65,1,75,-0.0003218680732396022,0.4266666666666667,35,7,-0.0026341581088639224,0.37142857142857144,0.8160116806252509,-0.0280473147518695,-0.0032715746312636947,0.45,,
trend_pullback,0.5,0.0,0.03,0.75,0.65,1,75,-0.0011702985665131445,0.41333333333333333,35,7,-0.0026341581088639224,0.37142857142857144,0.8160116806252509,-0.0280473147518695,-0.0032715746312636947,0.45,,
trend_pullback,0.5,0.03,-0.03,0.75,0.65,1,75,-0.0003218680732396022,0.4266666666666667,35,7,-0.0026341581088639224,0.37142857142857144,0.8160116806252509,-0.0280473147518695,-0.0032715746312636947,0.45,,
trend_pullback,0.5,-0.03,0.0,0.75,0.65,1,75,-0.0016081353771280837,0.4,35,7,-0.0026341581088639224,0.37142857142857144,0.8160116806252509,-0.0280473147518695,-0.0032715746312636947,0.45,,
trend_pullback,0.5,-0.03,0.03,0.75,0.65,1,75,-0.0016081353771280837,0.4,35,7,-0.0026341581088639224,0.37142857142857144,0.8160116806252509,-0.0280473147518695,-0.0032715746312636947,0.45,,
trend_pullback,0.5,0.03,0.03,0.75,0.65,1,75,-0.0003218680732396022,0.4266666666666667,35,7,-0.0026341581088639224,0.37142857142857144,0.8160116806252509,-0.0280473147518695,-0.0032715746312636947,0.45,,
trend_pullback,0.5,0.0,-0.03,0.75,0.65,1,75,-0.0011702985665131445,0.41333333333333333,35,7,-0.0026341581088639224,0.37142857142857144,0.8160116806252509,-0.0280473147518695,-0.0032715746312636947,0.45,,
trend_pullback,0.5,-0.03,-0.03,0.75,0.65,1,75,-0.0016081353771280837,0.4,35,7,-0.0026341581088639224,0.37142857142857144,0.8160116806252509,-0.0280473147518695,-0.0032715746312636947,0.45,,
trend_pullback,0.3,-0.03,0.03,1.0,0.65,2,90,-0.001819080337243882,0.36666666666666664,90,18,-0.0018920201212509634,0.3333333333333333,0.9014606936881192,-0.05495694105572424,-0.003315363179500661,0.7,,
volume_breakout,0.5,0.03,0.0,1.0,0.35,3,75,0.0019679976528758415,0.41333333333333333,35,7,-0.0022666666666666764,0.34285714285714286,0.8908457163823142,-0.042384624988033304,-0.003315493987212097,,0.0,0.8
volume_breakout,0.5,0.03,0.03,1.0,0.65,3,75,0.0019679976528758415,0.41333333333333333,35,7,-0.0022666666666666764,0.34285714285714286,0.8908457163823142,-0.042384624988033304,-0.003315493987212097,,0.0,0.8
volume_breakout,0.5,0.03,0.03,1.0,0.65,3,75,0.0019679976528758415,0.41333333333333333,35,7,-0.0022666666666666764,0.34285714285714286,0.8908457163823142,-0.042384624988033304,-0.003315493987212097,,0.0,1.1
volume_breakout,0.5,-0.03,-0.03,1.0,0.35,3,75,0.0019679976528758415,0.41333333333333333,35,7,-0.0022666666666666764,0.34285714285714286,0.8908457163823142,-0.042384624988033304,-0.003315493987212097,,0.0,0.8
volume_breakout,0.5,0.0,0.0,1.0,0.35,3,75,0.0019679976528758415,0.41333333333333333,35,7,-0.0022666666666666764,0.34285714285714286,0.8908457163823142,-0.042384624988033304,-0.003315493987212097,,0.0,1.1
volume_breakout,0.5,0.03,0.03,1.0,0.35,3,75,0.0019679976528758415,0.41333333333333333,35,7,-0.0022666666666666764,0.34285714285714286,0.8908457163823142,-0.042384624988033304,-0.003315493987212097,,0.0,1.1
volume_breakout,0.5,0.03,0.03,1.0,0.35,3,75,0.0019679976528758415,0.41333333333333333,35,7,-0.0022666666666666764,0.34285714285714286,0.8908457163823142,-0.042384624988033304,-0.003315493987212097,,0.0,0.8
volume_breakout,0.5,0.03,0.0,1.0,0.5,3,75,0.0019679976528758415,0.41333333333333333,35,7,-0.0022666666666666764,0.34285714285714286,0.8908457163823142,-0.042384624988033304,-0.003315493987212097,,0.0,0.8
volume_breakout,0.5,0.03,0.0,1.0,0.5,3,75,0.0019679976528758415,0.41333333333333333,35,7,-0.0022666666666666764,0.34285714285714286,0.8908457163823142,-0.042384624988033304,-0.003315493987212097,,0.0,1.1
volume_breakout,0.5,0.03,0.0,1.0,0.65,3,75,0.0019679976528758415,0.41333333333333333,35,7,-0.0022666666666666764,0.34285714285714286,0.8908457163823142,-0.042384624988033304,-0.003315493987212097,,0.0,0.8
volume_breakout,0.5,0.03,0.0,1.0,0.65,3,75,0.0019679976528758415,0.41333333333333333,35,7,-0.0022666666666666764,0.34285714285714286,0.8908457163823142,-0.042384624988033304,-0.003315493987212097,,0.0,1.1
volume_breakout,0.5,0.0,0.03,1.0,0.5,3,75,0.0019679976528758415,0.41333333333333333,35,7,-0.0022666666666666764,0.34285714285714286,0.8908457163823142,-0.042384624988033304,-0.003315493987212097,,0.0,0.8
volume_breakout,0.5,0.03,-0.03,1.0,0.5,3,75,0.0019679976528758415,0.41333333333333333,35,7,-0.0022666666666666764,0.34285714285714286,0.8908457163823142,-0.042384624988033304,-0.003315493987212097,,0.0,0.8
volume_breakout,0.5,-0.03,0.0,1.0,0.65,3,75,0.0019679976528758415,0.41333333333333333,35,7,-0.0022666666666666764,0.34285714285714286,0.8908457163823142,-0.042384624988033304,-0.003315493987212097,,0.0,0.8
volume_breakout,0.5,-0.03,0.03,1.0,0.35,3,75,0.0019679976528758415,0.41333333333333333,35,7,-0.0022666666666666764,0.34285714285714286,0.8908457163823142,-0.042384624988033304,-0.003315493987212097,,0.0,0.8
volume_breakout,0.5,-0.03,0.03,1.0,0.35,3,75,0.0019679976528758415,0.41333333333333333,35,7,-0.0022666666666666764,0.34285714285714286,0.8908457163823142,-0.042384624988033304,-0.003315493987212097,,0.0,1.1
volume_breakout,0.5,-0.03,0.0,1.0,0.65,3,75,0.0019679976528758415,0.41333333333333333,35,7,-0.0022666666666666764,0.34285714285714286,0.8908457163823142,-0.042384624988033304,-0.003315493987212097,,0.0,1.1
volume_breakout,0.5,0.0,0.0,1.0,0.65,3,75,0.0019679976528758415,0.41333333333333333,35,7,-0.0022666666666666764,0.34285714285714286,0.8908457163823142,-0.042384624988033304,-0.003315493987212097,,0.0,0.8
volume_breakout,0.5,0.03,-0.03,1.0,0.65,3,75,0.0019679976528758415,0.41333333333333333,35,7,-0.0022666666666666764,0.34285714285714286,0.8908457163823142,-0.042384624988033304,-0.003315493987212097,,0.0,1.1
volume_breakout,0.5,0.03,-0.03,1.0,0.65,3,75,0.0019679976528758415,0.41333333333333333,35,7,-0.0022666666666666764,0.34285714285714286,0.8908457163823142,-0.042384624988033304,-0.003315493987212097,,0.0,0.8
volume_breakout,0.5,0.03,-0.03,1.0,0.5,3,75,0.0019679976528758415,0.41333333333333333,35,7,-0.0022666666666666764,0.34285714285714286,0.8908457163823142,-0.042384624988033304,-0.003315493987212097,,0.0,1.1
volume_breakout,0.5,-0.03,0.0,1.0,0.5,3,75,0.0019679976528758415,0.41333333333333333,35,7,-0.0022666666666666764,0.34285714285714286,0.8908457163823142,-0.042384624988033304,-0.003315493987212097,,0.0,0.8
volume_breakout,0.5,-0.03,0.0,1.0,0.35,3,75,0.0019679976528758415,0.41333333333333333,35,7,-0.0022666666666666764,0.34285714285714286,0.8908457163823142,-0.042384624988033304,-0.003315493987212097,,0.0,0.8
volume_breakout,0.5,-0.03,0.0,1.0,0.35,3,75,0.0019679976528758415,0.41333333333333333,35,7,-0.0022666666666666764,0.34285714285714286,0.8908457163823142,-0.042384624988033304,-0.003315493987212097,,0.0,1.1
volume_breakout,0.5,0.0,-0.03,1.0,0.65,3,75,0.0019679976528758415,0.41333333333333333,35,7,-0.0022666666666666764,0.34285714285714286,0.8908457163823142,-0.042384624988033304,-0.003315493987212097,,0.0,0.8
volume_breakout,0.5,-0.03,-0.03,1.0,0.65,3,75,0.0019679976528758415,0.41333333333333333,35,7,-0.0022666666666666764,0.34285714285714286,0.8908457163823142,-0.042384624988033304,-0.003315493987212097,,0.0,1.1
volume_breakout,0.5,-0.03,-0.03,1.0,0.65,3,75,0.0019679976528758415,0.41333333333333333,35,7,-0.0022666666666666764,0.34285714285714286,0.8908457163823142,-0.042384624988033304,-0.003315493987212097,,0.0,0.8
volume_breakout,0.5,0.0,-0.03,1.0,0.35,3,75,0.0019679976528758415,0.41333333333333333,35,7,-0.0022666666666666764,0.34285714285714286,0.8908457163823142,-0.042384624988033304,-0.003315493987212097,,0.0,1.1
volume_breakout,0.5,0.0,-0.03,1.0,0.5,3,75,0.0019679976528758415,0.41333333333333333,35,7,-0.0022666666666666764,0.34285714285714286,0.8908457163823142,-0.042384624988033304,-0.003315493987212097,,0.0,0.8
volume_breakout,0.5,-0.03,-0.03,1.0,0.5,3,75,0.0019679976528758415,0.41333333333333333,35,7,-0.0022666666666666764,0.34285714285714286,0.8908457163823142,-0.042384624988033304,-0.003315493987212097,,0.0,0.8
volume_breakout,0.5,-0.03,-0.03,1.0,0.35,3,75,0.0019679976528758415,0.41333333333333333,35,7,-0.0022666666666666764,0.34285714285714286,0.8908457163823142,-0.042384624988033304,-0.003315493987212097,,0.0,1.1
volume_breakout,0.5,0.0,0.0,1.0,0.35,3,75,0.0019679976528758415,0.41333333333333333,35,7,-0.0022666666666666764,0.34285714285714286,0.8908457163823142,-0.042384624988033304,-0.003315493987212097,,0.0,0.8
volume_breakout,0.5,0.03,0.03,1.0,0.5,3,75,0.0019679976528758415,0.41333333333333333,35,7,-0.0022666666666666764,0.34285714285714286,0.8908457163823142,-0.042384624988033304,-0.003315493987212097,,0.0,1.1
volume_breakout,0.5,-0.03,0.0,1.0,0.5,3,75,0.0019679976528758415,0.41333333333333333,35,7,-0.0022666666666666764,0.34285714285714286,0.8908457163823142,-0.042384624988033304,-0.003315493987212097,,0.0,1.1
volume_breakout,0.5,0.03,0.03,1.0,0.5,3,75,0.0019679976528758415,0.41333333333333333,35,7,-0.0022666666666666764,0.34285714285714286,0.8908457163823142,-0.042384624988033304,-0.003315493987212097,,0.0,0.8
volume_breakout,0.5,0.03,0.0,1.0,0.35,3,75,0.0019679976528758415,0.41333333333333333,35,7,-0.0022666666666666764,0.34285714285714286,0.8908457163823142,-0.042384624988033304,-0.003315493987212097,,0.0,1.1
volume_breakout,0.5,0.0,0.0,1.0,0.5,3,75,0.0019679976528758415,0.41333333333333333,35,7,-0.0022666666666666764,0.34285714285714286,0.8908457163823142,-0.042384624988033304,-0.003315493987212097,,0.0,0.8
volume_breakout,0.5,0.0,0.03,1.0,0.35,3,75,0.0019679976528758415,0.41333333333333333,35,7,-0.0022666666666666764,0.34285714285714286,0.8908457163823142,-0.042384624988033304,-0.003315493987212097,,0.0,0.8
volume_breakout,0.5,0.0,0.03,1.0,0.35,3,75,0.0019679976528758415,0.41333333333333333,35,7,-0.0022666666666666764,0.34285714285714286,0.8908457163823142,-0.042384624988033304,-0.003315493987212097,,0.0,1.1
volume_breakout,0.5,0.03,-0.03,1.0,0.35,3,75,0.0019679976528758415,0.41333333333333333,35,7,-0.0022666666666666764,0.34285714285714286,0.8908457163823142,-0.042384624988033304,-0.003315493987212097,,0.0,0.8
volume_breakout,0.5,0.0,-0.03,1.0,0.5,3,75,0.0019679976528758415,0.41333333333333333,35,7,-0.0022666666666666764,0.34285714285714286,0.8908457163823142,-0.042384624988033304,-0.003315493987212097,,0.0,1.1
volume_breakout,0.5,0.0,-0.03,1.0,0.35,3,75,0.0019679976528758415,0.41333333333333333,35,7,-0.0022666666666666764,0.34285714285714286,0.8908457163823142,-0.042384624988033304,-0.003315493987212097,,0.0,0.8
volume_breakout,0.5,0.03,-0.03,1.0,0.35,3,75,0.0019679976528758415,0.41333333333333333,35,7,-0.0022666666666666764,0.34285714285714286,0.8908457163823142,-0.042384624988033304,-0.003315493987212097,,0.0,1.1
volume_breakout,0.5,-0.03,0.03,1.0,0.5,3,75,0.0019679976528758415,0.41333333333333333,35,7,-0.0022666666666666764,0.34285714285714286,0.8908457163823142,-0.042384624988033304,-0.003315493987212097,,0.0,1.1
volume_breakout,0.5,-0.03,0.03,1.0,0.65,3,75,0.0019679976528758415,0.41333333333333333,35,7,-0.0022666666666666764,0.34285714285714286,0.8908457163823142,-0.042384624988033304,-0.003315493987212097,,0.0,0.8
volume_breakout,0.5,0.0,-0.03,1.0,0.65,3,75,0.0019679976528758415,0.41333333333333333,35,7,-0.0022666666666666764,0.34285714285714286,0.8908457163823142,-0.042384624988033304,-0.003315493987212097,,0.0,1.1
volume_breakout,0.5,-0.03,0.03,1.0,0.5,3,75,0.0019679976528758415,0.41333333333333333,35,7,-0.0022666666666666764,0.34285714285714286,0.8908457163823142,-0.042384624988033304,-0.003315493987212097,,0.0,0.8
volume_breakout,0.5,0.0,0.03,1.0,0.65,3,75,0.0019679976528758415,0.41333333333333333,35,7,-0.0022666666666666764,0.34285714285714286,0.8908457163823142,-0.042384624988033304,-0.003315493987212097,,0.0,0.8
volume_breakout,0.5,-0.03,0.03,1.0,0.65,3,75,0.0019679976528758415,0.41333333333333333,35,7,-0.0022666666666666764,0.34285714285714286,0.8908457163823142,-0.042384624988033304,-0.003315493987212097,,0.0,1.1
volume_breakout,0.5,0.0,0.03,1.0,0.65,3,75,0.0019679976528758415,0.41333333333333333,35,7,-0.0022666666666666764,0.34285714285714286,0.8908457163823142,-0.042384624988033304,-0.003315493987212097,,0.0,1.1
volume_breakout,0.5,0.0,0.03,1.0,0.5,3,75,0.0019679976528758415,0.41333333333333333,35,7,-0.0022666666666666764,0.34285714285714286,0.8908457163823142,-0.042384624988033304,-0.003315493987212097,,0.0,1.1
volume_breakout,0.5,-0.03,-0.03,1.0,0.5,3,75,0.0019679976528758415,0.41333333333333333,35,7,-0.0022666666666666764,0.34285714285714286,0.8908457163823142,-0.042384624988033304,-0.003315493987212097,,0.0,1.1
volume_breakout,0.5,0.0,0.0,1.0,0.5,3,75,0.0019679976528758415,0.41333333333333333,35,7,-0.0022666666666666764,0.34285714285714286,0.8908457163823142,-0.042384624988033304,-0.003315493987212097,,0.0,1.1
volume_breakout,0.5,0.0,0.0,1.0,0.65,3,75,0.0019679976528758415,0.41333333333333333,35,7,-0.0022666666666666764,0.34285714285714286,0.8908457163823142,-0.042384624988033304,-0.003315493987212097,,0.0,1.1
volume_breakout,0.4,0.03,0.0,0.75,0.35,1,80,0.004221164666641126,0.5,52,11,-0.0016224189423679064,0.34615384615384615,0.8910412191931689,-0.06521171155516547,-0.003356009984224578,,-0.05,0.8
volume_breakout,0.4,0.03,0.0,0.75,0.35,1,80,0.004221164666641126,0.5,52,11,-0.0016224189423679064,0.34615384615384615,0.8910412191931689,-0.06521171155516547,-0.003356009984224578,,-0.05,1.1
volume_breakout,0.4,0.03,0.03,0.75,0.65,1,80,0.004221164666641126,0.5,52,11,-0.0016224189423679064,0.34615384615384615,0.8910412191931689,-0.06521171155516547,-0.003356009984224578,,-0.05,0.8
volume_breakout,0.4,0.03,0.03,0.75,0.5,1,80,0.004221164666641126,0.5,52,11,-0.0016224189423679064,0.34615384615384615,0.8910412191931689,-0.06521171155516547,-0.003356009984224578,,-0.05,1.1
volume_breakout,0.4,0.03,0.03,0.75,0.35,1,80,0.004221164666641126,0.5,52,11,-0.0016224189423679064,0.34615384615384615,0.8910412191931689,-0.06521171155516547,-0.003356009984224578,,-0.05,1.1
volume_breakout,0.4,0.03,0.03,0.75,0.5,1,80,0.004221164666641126,0.5,52,11,-0.0016224189423679064,0.34615384615384615,0.8910412191931689,-0.06521171155516547,-0.003356009984224578,,-0.05,0.8
volume_breakout,0.4,0.03,0.03,0.75,0.65,1,80,0.004221164666641126,0.5,52,11,-0.0016224189423679064,0.34615384615384615,0.8910412191931689,-0.06521171155516547,-0.003356009984224578,,-0.05,1.1
volume_breakout,0.4,0.03,0.0,0.75,0.65,1,80,0.004221164666641126,0.5,52,11,-0.0016224189423679064,0.34615384615384615,0.8910412191931689,-0.06521171155516547,-0.003356009984224578,,-0.05,0.8
volume_breakout,0.4,0.03,0.0,0.75,0.5,1,80,0.004221164666641126,0.5,52,11,-0.0016224189423679064,0.34615384615384615,0.8910412191931689,-0.06521171155516547,-0.003356009984224578,,-0.05,1.1
volume_breakout,0.4,0.03,-0.03,0.75,0.65,1,80,0.004221164666641126,0.5,52,11,-0.0016224189423679064,0.34615384615384615,0.8910412191931689,-0.06521171155516547,-0.003356009984224578,,-0.05,1.1
volume_breakout,0.4,0.03,-0.03,0.75,0.5,1,80,0.004221164666641126,0.5,52,11,-0.0016224189423679064,0.34615384615384615,0.8910412191931689,-0.06521171155516547,-0.003356009984224578,,-0.05,0.8
volume_breakout,0.4,0.03,-0.03,0.75,0.65,1,80,0.004221164666641126,0.5,52,11,-0.0016224189423679064,0.34615384615384615,0.8910412191931689,-0.06521171155516547,-0.003356009984224578,,-0.05,0.8
volume_breakout,0.4,0.03,0.0,0.75,0.5,1,80,0.004221164666641126,0.5,52,11,-0.0016224189423679064,0.34615384615384615,0.8910412191931689,-0.06521171155516547,-0.003356009984224578,,-0.05,0.8
volume_breakout,0.4,0.03,0.03,0.75,0.35,1,80,0.004221164666641126,0.5,52,11,-0.0016224189423679064,0.34615384615384615,0.8910412191931689,-0.06521171155516547,-0.003356009984224578,,-0.05,0.8
volume_breakout,0.4,0.03,0.0,0.75,0.65,1,80,0.004221164666641126,0.5,52,11,-0.0016224189423679064,0.34615384615384615,0.8910412191931689,-0.06521171155516547,-0.003356009984224578,,-0.05,1.1
volume_breakout,0.4,0.03,-0.03,0.75,0.35,1,80,0.004221164666641126,0.5,52,11,-0.0016224189423679064,0.34615384615384615,0.8910412191931689,-0.06521171155516547,-0.003356009984224578,,-0.05,0.8
volume_breakout,0.4,0.03,-0.03,0.75,0.35,1,80,0.004221164666641126,0.5,52,11,-0.0016224189423679064,0.34615384615384615,0.8910412191931689,-0.06521171155516547,-0.003356009984224578,,-0.05,1.1
volume_breakout,0.4,0.03,-0.03,0.75,0.5,1,80,0.004221164666641126,0.5,52,11,-0.0016224189423679064,0.34615384615384615,0.8910412191931689,-0.06521171155516547,-0.003356009984224578,,-0.05,1.1
trend_pullback,0.4,0.0,0.03,0.75,0.5,2,80,-0.005490789955153255,0.3375,53,11,-0.002366598774728803,0.3584905660377358,0.8649186727417087,-0.040755501226858226,-0.0033730341433491225,0.7,,
trend_pullback,0.4,0.0,0.0,0.75,0.5,2,80,-0.005490789955153255,0.3375,53,11,-0.002366598774728803,0.3584905660377358,0.8649186727417087,-0.040755501226858226,-0.0033730341433491225,0.7,,
trend_pullback,0.3,0.0,0.03,1.0,0.5,1,90,0.0008556446639391177,0.43333333333333335,89,18,-0.001935293182357769,0.38202247191011235,0.8830508175311607,-0.05665686515912949,-0.0034142364327488634,0.7,,
trend_pullback,0.4,0.03,-0.03,0.75,0.65,2,80,-0.002550384143384949,0.375,51,11,-0.0021228039111247476,0.35294117647058826,0.8773307201624765,-0.05057778890291631,-0.0034208048981716178,0.45,,
trend_pullback,0.4,0.03,0.0,0.75,0.65,2,80,-0.002550384143384949,0.375,51,11,-0.0021228039111247476,0.35294117647058826,0.8773307201624765,-0.05057778890291631,-0.0034208048981716178,0.45,,
trend_pullback,0.4,0.0,0.03,1.0,0.65,3,80,-0.0021009736417134358,0.35,54,11,-0.0027053527237864052,0.3333333333333333,0.8659403693925654,-0.03160000000000007,-0.003436867631438266,0.7,,
trend_pullback,0.4,0.0,-0.03,1.0,0.65,3,80,-0.0021009736417134358,0.35,54,11,-0.0027053527237864052,0.3333333333333333,0.8659403693925654,-0.03160000000000007,-0.003436867631438266,0.7,,
trend_pullback,0.4,0.0,0.0,1.0,0.65,3,80,-0.0021009736417134358,0.35,54,11,-0.0027053527237864052,0.3333333333333333,0.8659403693925654,-0.03160000000000007,-0.003436867631438266,0.7,,
flow_trend,0.4,0.0,-0.03,0.75,0.65,1,80,-0.002420461764926828,0.4375,55,11,-0.00229086330533883,0.43636363636363634,0.8331308155941355,-0.04536916603139873,-0.003443655582382258,,,
flow_trend,0.4,0.0,0.03,0.75,0.35,1,80,-0.002256878255413087,0.4375,55,11,-0.00229086330533883,0.43636363636363634,0.8331308155941355,-0.04536916603139873,-0.003443655582382258,,,
flow_trend,0.4,0.0,-0.03,0.75,0.5,1,80,-0.002256878255413087,0.4375,55,11,-0.00229086330533883,0.43636363636363634,0.8331308155941355,-0.04536916603139873,-0.003443655582382258,,,
flow_trend,0.4,0.0,-0.03,0.75,0.35,1,80,-0.002256878255413087,0.4375,55,11,-0.00229086330533883,0.43636363636363634,0.8331308155941355,-0.04536916603139873,-0.003443655582382258,,,
flow_trend,0.4,0.0,0.0,0.75,0.65,1,80,-0.002420461764926828,0.4375,55,11,-0.00229086330533883,0.43636363636363634,0.8331308155941355,-0.04536916603139873,-0.003443655582382258,,,
flow_trend,0.4,0.0,0.03,0.75,0.5,1,80,-0.002256878255413087,0.4375,55,11,-0.00229086330533883,0.43636363636363634,0.8331308155941355,-0.04536916603139873,-0.003443655582382258,,,
flow_trend,0.4,0.0,0.03,0.75,0.65,1,80,-0.002420461764926828,0.4375,55,11,-0.00229086330533883,0.43636363636363634,0.8331308155941355,-0.04536916603139873,-0.003443655582382258,,,
flow_trend,0.4,0.0,0.0,0.75,0.35,1,80,-0.002256878255413087,0.4375,55,11,-0.00229086330533883,0.43636363636363634,0.8331308155941355,-0.04536916603139873,-0.003443655582382258,,,
flow_trend,0.4,0.0,0.0,0.75,0.5,1,80,-0.002256878255413087,0.4375,55,11,-0.00229086330533883,0.43636363636363634,0.8331308155941355,-0.04536916603139873,-0.003443655582382258,,,
trend_pullback,0.4,0.0,-0.03,0.75,0.5,1,80,-0.0027764716919076613,0.4,54,11,-0.0025529406412293227,0.3888888888888889,0.7943097216080013,-0.036920010086796684,-0.003461963513431223,0.45,,
trend_pullback,0.4,0.0,-0.03,0.75,0.35,1,80,-0.0027764716919076613,0.4,54,11,-0.0025529406412293227,0.3888888888888889,0.7943097216080013,-0.036920010086796684,-0.003461963513431223,0.45,,
trend_pullback,0.3,-0.03,-0.03,1.0,0.35,3,90,-0.0004445650071189387,0.36666666666666664,90,18,-0.0015723725247093494,0.3333333333333333,0.9207631641777898,-0.07088530461783049,-0.0034687408721998164,0.45,,
trend_pullback,0.3,-0.03,0.0,1.0,0.5,3,90,-0.0004445650071189387,0.36666666666666664,90,18,-0.0015723725247093494,0.3333333333333333,0.9207631641777898,-0.07088530461783049,-0.0034687408721998164,0.45,,
trend_pullback,0.3,-0.03,0.0,1.0,0.35,3,90,-0.0004445650071189387,0.36666666666666664,90,18,-0.0015723725247093494,0.3333333333333333,0.9207631641777898,-0.07088530461783049,-0.0034687408721998164,0.45,,
trend_pullback,0.3,-0.03,-0.03,1.0,0.5,3,90,-0.0004445650071189387,0.36666666666666664,90,18,-0.0015723725247093494,0.3333333333333333,0.9207631641777898,-0.07088530461783049,-0.0034687408721998164,0.45,,
trend_pullback,0.4,0.0,0.03,1.0,0.65,1,80,0.0012489744418696792,0.45,54,11,-0.0025690051837563314,0.3888888888888889,0.8401211080337759,-0.037423644246119436,-0.003481684234131471,0.7,,
trend_pullback,0.4,0.0,-0.03,1.0,0.65,1,80,0.0012489744418696792,0.45,54,11,-0.0025690051837563314,0.3888888888888889,0.8401211080337759,-0.037423644246119436,-0.003481684234131471,0.7,,
trend_pullback,0.4,0.0,0.0,1.0,0.65,1,80,0.0012489744418696792,0.45,54,11,-0.0025690051837563314,0.3888888888888889,0.8401211080337759,-0.037423644246119436,-0.003481684234131471,0.7,,
trend_pullback,0.3,-0.03,-0.03,1.0,0.5,1,90,0.0002940476058881559,0.43333333333333335,90,18,-0.0019467903417512385,0.36666666666666664,0.8832844133698163,-0.05920161615226949,-0.003502017722976869,0.7,,
trend_pullback,0.3,-0.03,-0.03,1.0,0.35,1,90,0.0002940476058881559,0.43333333333333335,90,18,-0.0019467903417512385,0.36666666666666664,0.8832844133698163,-0.05920161615226949,-0.003502017722976869,0.7,,
trend_pullback,0.3,-0.03,0.0,1.0,0.5,1,90,0.0002940476058881559,0.43333333333333335,90,18,-0.0019467903417512385,0.36666666666666664,0.8832844133698163,-0.05920161615226949,-0.003502017722976869,0.7,,
trend_pullback,0.3,-0.03,0.0,1.0,0.35,1,90,0.0002940476058881559,0.43333333333333335,90,18,-0.0019467903417512385,0.36666666666666664,0.8832844133698163,-0.05920161615226949,-0.003502017722976869,0.7,,
trend_pullback,0.5,0.0,0.0,0.75,0.35,2,75,-0.005833692301533125,0.32,35,7,-0.0031124358604132374,0.34285714285714286,0.8124876518569827,-0.02029748470428283,-0.003518238488577477,0.7,,
trend_pullback,0.5,0.0,0.0,0.75,0.5,2,75,-0.005833692301533125,0.32,35,7,-0.0031124358604132374,0.34285714285714286,0.8124876518569827,-0.02029748470428283,-0.003518238488577477,0.7,,
trend_pullback,0.5,-0.03,-0.03,0.75,0.35,2,75,-0.005833692301533125,0.32,35,7,-0.0031124358604132374,0.34285714285714286,0.8124876518569827,-0.02029748470428283,-0.003518238488577477,0.7,,
trend_pullback,0.5,-0.03,-0.03,0.75,0.5,2,75,-0.005833692301533125,0.32,35,7,-0.0031124358604132374,0.34285714285714286,0.8124876518569827,-0.02029748470428283,-0.003518238488577477,0.7,,
trend_pullback,0.5,-0.03,0.0,0.75,0.35,2,75,-0.005833692301533125,0.32,35,7,-0.0031124358604132374,0.34285714285714286,0.8124876518569827,-0.02029748470428283,-0.003518238488577477,0.7,,
trend_pullback,0.5,-0.03,0.0,0.75,0.5,2,75,-0.005833692301533125,0.32,35,7,-0.0031124358604132374,0.34285714285714286,0.8124876518569827,-0.02029748470428283,-0.003518238488577477,0.7,,
trend_pullback,0.5,0.03,0.0,0.75,0.5,2,75,-0.004633692301533124,0.3333333333333333,35,7,-0.0031124358604132374,0.34285714285714286,0.8124876518569827,-0.02029748470428283,-0.003518238488577477,0.7,,
trend_pullback,0.5,0.03,0.0,0.75,0.35,2,75,-0.004633692301533124,0.3333333333333333,35,7,-0.0031124358604132374,0.34285714285714286,0.8124876518569827,-0.02029748470428283,-0.003518238488577477,0.7,,
trend_pullback,0.5,-0.03,0.03,0.75,0.5,2,75,-0.005833692301533125,0.32,35,7,-0.0031124358604132374,0.34285714285714286,0.8124876518569827,-0.02029748470428283,-0.003518238488577477,0.7,,
trend_pullback,0.5,-0.03,0.03,0.75,0.35,2,75,-0.005833692301533125,0.32,35,7,-0.0031124358604132374,0.34285714285714286,0.8124876518569827,-0.02029748470428283,-0.003518238488577477,0.7,,
trend_pullback,0.5,0.03,0.03,0.75,0.5,2,75,-0.004633692301533124,0.3333333333333333,35,7,-0.0031124358604132374,0.34285714285714286,0.8124876518569827,-0.02029748470428283,-0.003518238488577477,0.7,,
trend_pullback,0.5,0.03,0.03,0.75,0.35,2,75,-0.004633692301533124,0.3333333333333333,35,7,-0.0031124358604132374,0.34285714285714286,0.8124876518569827,-0.02029748470428283,-0.003518238488577477,0.7,,
trend_pullback,0.5,0.0,-0.03,0.75,0.35,2,75,-0.005833692301533125,0.32,35,7,-0.0031124358604132374,0.34285714285714286,0.8124876518569827,-0.02029748470428283,-0.003518238488577477,0.7,,
trend_pullback,0.5,0.0,-0.03,0.75,0.5,2,75,-0.005833692301533125,0.32,35,7,-0.0031124358604132374,0.34285714285714286,0.8124876518569827,-0.02029748470428283,-0.003518238488577477,0.7,,
trend_pullback,0.5,0.0,0.03,0.75,0.35,2,75,-0.005833692301533125,0.32,35,7,-0.0031124358604132374,0.34285714285714286,0.8124876518569827,-0.02029748470428283,-0.003518238488577477,0.7,,
trend_pullback,0.5,0.03,-0.03,0.75,0.5,2,75,-0.004633692301533124,0.3333333333333333,35,7,-0.0031124358604132374,0.34285714285714286,0.8124876518569827,-0.02029748470428283,-0.003518238488577477,0.7,,
trend_pullback,0.5,0.03,-0.03,0.75,0.35,2,75,-0.004633692301533124,0.3333333333333333,35,7,-0.0031124358604132374,0.34285714285714286,0.8124876518569827,-0.02029748470428283,-0.003518238488577477,0.7,,
trend_pullback,0.5,0.0,0.03,0.75,0.5,2,75,-0.005833692301533125,0.32,35,7,-0.0031124358604132374,0.34285714285714286,0.8124876518569827,-0.02029748470428283,-0.003518238488577477,0.7,,
trend_pullback,0.3,-0.03,-0.03,1.0,0.5,2,90,-0.0015896372137004875,0.36666666666666664,90,18,-0.0018760776673765074,0.3333333333333333,0.9022098051838718,-0.06324454157606874,-0.003547861463362601,0.45,,
trend_pullback,0.3,-0.03,0.0,1.0,0.5,2,90,-0.0015896372137004875,0.36666666666666664,90,18,-0.0018760776673765074,0.3333333333333333,0.9022098051838718,-0.06324454157606874,-0.003547861463362601,0.45,,
trend_pullback,0.3,-0.03,0.0,1.0,0.35,2,90,-0.0015896372137004875,0.36666666666666664,90,18,-0.0018760776673765074,0.3333333333333333,0.9022098051838718,-0.06324454157606874,-0.003547861463362601,0.45,,
trend_pullback,0.3,-0.03,-0.03,1.0,0.35,2,90,-0.0015896372137004875,0.36666666666666664,90,18,-0.0018760776673765074,0.3333333333333333,0.9022098051838718,-0.06324454157606874,-0.003547861463362601,0.45,,
trend_pullback,0.4,0.0,0.0,0.75,0.35,1,80,-0.0024936526098920664,0.4,54,11,-0.002757089958033637,0.3888888888888889,0.7818693283329387,-0.03338705030299227,-0.0035632341350401706,0.7,,
trend_pullback,0.4,0.0,0.03,0.75,0.35,1,80,-0.0024936526098920664,0.4,54,11,-0.002757089958033637,0.3888888888888889,0.7818693283329387,-0.03338705030299227,-0.0035632341350401706,0.7,,
volume_breakout,0.3,-0.03,0.03,1.0,0.35,1,90,0.0032419264637986167,0.4444444444444444,90,18,-0.001651403632407285,0.3333333333333333,0.9089299965997942,-0.07188188163102238,-0.003580627582188008,,0.0,0.8
volume_breakout,0.3,-0.03,0.0,1.0,0.35,1,90,0.0032419264637986167,0.4444444444444444,90,18,-0.001651403632407285,0.3333333333333333,0.9089299965997942,-0.07188188163102238,-0.003580627582188008,,0.0,0.8
volume_breakout,0.3,-0.03,-0.03,1.0,0.5,1,90,0.0032419264637986167,0.4444444444444444,90,18,-0.001651403632407285,0.3333333333333333,0.9089299965997942,-0.07188188163102238,-0.003580627582188008,,0.0,0.8
volume_breakout,0.3,-0.03,0.0,1.0,0.65,1,90,0.0032419264637986167,0.4444444444444444,90,18,-0.001651403632407285,0.3333333333333333,0.9089299965997942,-0.07188188163102238,-0.003580627582188008,,0.0,1.1
volume_breakout,0.3,-0.03,-0.03,1.0,0.5,1,90,0.0032419264637986167,0.4444444444444444,90,18,-0.001651403632407285,0.3333333333333333,0.9089299965997942,-0.07188188163102238,-0.003580627582188008,,0.0,1.1
volume_breakout,0.3,-0.03,0.0,1.0,0.5,1,90,0.0032419264637986167,0.4444444444444444,90,18,-0.001651403632407285,0.3333333333333333,0.9089299965997942,-0.07188188163102238,-0.003580627582188008,,0.0,0.8
volume_breakout,0.3,-0.03,0.0,1.0,0.65,1,90,0.0032419264637986167,0.4444444444444444,90,18,-0.001651403632407285,0.3333333333333333,0.9089299965997942,-0.07188188163102238,-0.003580627582188008,,0.0,0.8
volume_breakout,0.3,-0.03,0.0,1.0,0.35,1,90,0.0032419264637986167,0.4444444444444444,90,18,-0.001651403632407285,0.3333333333333333,0.9089299965997942,-0.07188188163102238,-0.003580627582188008,,0.0,1.1
volume_breakout,0.3,-0.03,-0.03,1.0,0.35,1,90,0.0032419264637986167,0.4444444444444444,90,18,-0.001651403632407285,0.3333333333333333,0.9089299965997942,-0.07188188163102238,-0.003580627582188008,,0.0,1.1
volume_breakout,0.3,-0.03,0.03,1.0,0.65,1,90,0.0032419264637986167,0.4444444444444444,90,18,-0.001651403632407285,0.3333333333333333,0.9089299965997942,-0.07188188163102238,-0.003580627582188008,,0.0,1.1
volume_breakout,0.3,-0.03,-0.03,1.0,0.35,1,90,0.0032419264637986167,0.4444444444444444,90,18,-0.001651403632407285,0.3333333333333333,0.9089299965997942,-0.07188188163102238,-0.003580627582188008,,0.0,0.8
volume_breakout,0.3,-0.03,-0.03,1.0,0.65,1,90,0.0032419264637986167,0.4444444444444444,90,18,-0.001651403632407285,0.3333333333333333,0.9089299965997942,-0.07188188163102238,-0.003580627582188008,,0.0,1.1
volume_breakout,0.3,-0.03,-0.03,1.0,0.65,1,90,0.0032419264637986167,0.4444444444444444,90,18,-0.001651403632407285,0.3333333333333333,0.9089299965997942,-0.07188188163102238,-0.003580627582188008,,0.0,0.8
volume_breakout,0.3,-0.03,0.03,1.0,0.35,1,90,0.0032419264637986167,0.4444444444444444,90,18,-0.001651403632407285,0.3333333333333333,0.9089299965997942,-0.07188188163102238,-0.003580627582188008,,0.0,1.1
volume_breakout,0.3,-0.03,0.03,1.0,0.5,1,90,0.0032419264637986167,0.4444444444444444,90,18,-0.001651403632407285,0.3333333333333333,0.9089299965997942,-0.07188188163102238,-0.003580627582188008,,0.0,0.8
volume_breakout,0.3,-0.03,0.03,1.0,0.65,1,90,0.0032419264637986167,0.4444444444444444,90,18,-0.001651403632407285,0.3333333333333333,0.9089299965997942,-0.07188188163102238,-0.003580627582188008,,0.0,0.8
volume_breakout,0.3,-0.03,0.03,1.0,0.5,1,90,0.0032419264637986167,0.4444444444444444,90,18,-0.001651403632407285,0.3333333333333333,0.9089299965997942,-0.07188188163102238,-0.003580627582188008,,0.0,1.1
volume_breakout,0.3,-0.03,0.0,1.0,0.5,1,90,0.0032419264637986167,0.4444444444444444,90,18,-0.001651403632407285,0.3333333333333333,0.9089299965997942,-0.07188188163102238,-0.003580627582188008,,0.0,1.1
trend_pullback,0.3,-0.03,0.0,1.0,0.65,2,90,-0.0028190803372438824,0.35555555555555557,90,18,-0.0020808827427376965,0.3333333333333333,0.8926800652481913,-0.05810165498102382,-0.003600762375856363,0.7,,
trend_pullback,0.3,-0.03,-0.03,1.0,0.65,2,90,-0.0028190803372438824,0.35555555555555557,90,18,-0.0020808827427376965,0.3333333333333333,0.8926800652481913,-0.05810165498102382,-0.003600762375856363,0.7,,
trend_pullback,0.3,0.0,-0.03,0.75,0.65,1,90,-0.004141611099707786,0.3888888888888889,87,18,-0.002030069720081803,0.41379310344827586,0.8604963769019673,-0.06005068519258738,-0.0036164661816339323,0.7,,
trend_pullback,0.3,0.0,0.0,0.75,0.65,1,90,-0.004141611099707786,0.3888888888888889,87,18,-0.002030069720081803,0.41379310344827586,0.8604963769019673,-0.06005068519258738,-0.0036164661816339323,0.7,,
flow_trend,0.3,0.03,-0.03,0.75,0.65,1,90,-0.0022971123383996603,0.4444444444444444,86,18,-0.001902243281253989,0.43023255813953487,0.869255565466808,-0.06476297163836664,-0.003627818539038286,,,
flow_trend,0.3,0.03,0.03,0.75,0.35,1,90,-0.0021517047743874456,0.4444444444444444,86,18,-0.001902243281253989,0.43023255813953487,0.869255565466808,-0.06476297163836664,-0.003627818539038286,,,
flow_trend,0.3,0.03,0.03,0.75,0.5,1,90,-0.0021517047743874456,0.4444444444444444,86,18,-0.001902243281253989,0.43023255813953487,0.869255565466808,-0.06476297163836664,-0.003627818539038286,,,
flow_trend,0.3,0.03,0.0,0.75,0.5,1,90,-0.0021517047743874456,0.4444444444444444,86,18,-0.001902243281253989,0.43023255813953487,0.869255565466808,-0.06476297163836664,-0.003627818539038286,,,
flow_trend,0.3,0.03,-0.03,0.75,0.5,1,90,-0.0021517047743874456,0.4444444444444444,86,18,-0.001902243281253989,0.43023255813953487,0.869255565466808,-0.06476297163836664,-0.003627818539038286,,,
flow_trend,0.3,0.03,0.03,0.75,0.65,1,90,-0.0022971123383996603,0.4444444444444444,86,18,-0.001902243281253989,0.43023255813953487,0.869255565466808,-0.06476297163836664,-0.003627818539038286,,,
flow_trend,0.3,0.03,0.0,0.75,0.35,1,90,-0.0021517047743874456,0.4444444444444444,86,18,-0.001902243281253989,0.43023255813953487,0.869255565466808,-0.06476297163836664,-0.003627818539038286,,,
flow_trend,0.3,0.03,-0.03,0.75,0.35,1,90,-0.0021517047743874456,0.4444444444444444,86,18,-0.001902243281253989,0.43023255813953487,0.869255565466808,-0.06476297163836664,-0.003627818539038286,,,
flow_trend,0.3,0.03,0.0,0.75,0.65,1,90,-0.0022971123383996603,0.4444444444444444,86,18,-0.001902243281253989,0.43023255813953487,0.869255565466808,-0.06476297163836664,-0.003627818539038286,,,
volume_breakout,0.3,0.03,0.03,0.75,0.5,1,90,0.004934167948867821,0.5111111111111111,85,18,-0.0019439720195764884,0.3411764705882353,0.879293252917679,-0.06521171155516547,-0.003680500053002033,,-0.05,1.1
volume_breakout,0.3,0.03,0.03,0.75,0.35,1,90,0.004934167948867821,0.5111111111111111,85,18,-0.0019439720195764884,0.3411764705882353,0.879293252917679,-0.06521171155516547,-0.003680500053002033,,-0.05,0.8
volume_breakout,0.3,0.03,0.0,0.75,0.35,1,90,0.004934167948867821,0.5111111111111111,85,18,-0.0019439720195764884,0.3411764705882353,0.879293252917679,-0.06521171155516547,-0.003680500053002033,,-0.05,0.8
volume_breakout,0.3,0.03,-0.03,0.75,0.35,1,90,0.004934167948867821,0.5111111111111111,85,18,-0.0019439720195764884,0.3411764705882353,0.879293252917679,-0.06521171155516547,-0.003680500053002033,,-0.05,1.1
volume_breakout,0.3,0.03,-0.03,0.75,0.5,1,90,0.004934167948867821,0.5111111111111111,85,18,-0.0019439720195764884,0.3411764705882353,0.879293252917679,-0.06521171155516547,-0.003680500053002033,,-0.05,1.1
volume_breakout,0.3,0.03,0.03,0.75,0.35,1,90,0.004934167948867821,0.5111111111111111,85,18,-0.0019439720195764884,0.3411764705882353,0.879293252917679,-0.06521171155516547,-0.003680500053002033,,-0.05,1.1
volume_breakout,0.3,0.03,-0.03,0.75,0.35,1,90,0.004934167948867821,0.5111111111111111,85,18,-0.0019439720195764884,0.3411764705882353,0.879293252917679,-0.06521171155516547,-0.003680500053002033,,-0.05,0.8
volume_breakout,0.3,0.03,0.03,0.75,0.65,1,90,0.004934167948867821,0.5111111111111111,85,18,-0.0019439720195764884,0.3411764705882353,0.879293252917679,-0.06521171155516547,-0.003680500053002033,,-0.05,0.8
volume_breakout,0.3,0.03,0.03,0.75,0.5,1,90,0.004934167948867821,0.5111111111111111,85,18,-0.0019439720195764884,0.3411764705882353,0.879293252917679,-0.06521171155516547,-0.003680500053002033,,-0.05,0.8
volume_breakout,0.3,0.03,-0.03,0.75,0.65,1,90,0.004934167948867821,0.5111111111111111,85,18,-0.0019439720195764884,0.3411764705882353,0.879293252917679,-0.06521171155516547,-0.003680500053002033,,-0.05,1.1
volume_breakout,0.3,0.03,0.0,0.75,0.65,1,90,0.004934167948867821,0.5111111111111111,85,18,-0.0019439720195764884,0.3411764705882353,0.879293252917679,-0.06521171155516547,-0.003680500053002033,,-0.05,1.1
volume_breakout,0.3,0.03,0.03,0.75,0.65,1,90,0.004934167948867821,0.5111111111111111,85,18,-0.0019439720195764884,0.3411764705882353,0.879293252917679,-0.06521171155516547,-0.003680500053002033,,-0.05,1.1
volume_breakout,0.3,0.03,0.0,0.75,0.35,1,90,0.004934167948867821,0.5111111111111111,85,18,-0.0019439720195764884,0.3411764705882353,0.879293252917679,-0.06521171155516547,-0.003680500053002033,,-0.05,1.1
volume_breakout,0.3,0.03,-0.03,0.75,0.65,1,90,0.004934167948867821,0.5111111111111111,85,18,-0.0019439720195764884,0.3411764705882353,0.879293252917679,-0.06521171155516547,-0.003680500053002033,,-0.05,0.8
volume_breakout,0.3,0.03,0.0,0.75,0.5,1,90,0.004934167948867821,0.5111111111111111,85,18,-0.0019439720195764884,0.3411764705882353,0.879293252917679,-0.06521171155516547,-0.003680500053002033,,-0.05,0.8
volume_breakout,0.3,0.03,0.0,0.75,0.65,1,90,0.004934167948867821,0.5111111111111111,85,18,-0.0019439720195764884,0.3411764705882353,0.879293252917679,-0.06521171155516547,-0.003680500053002033,,-0.05,0.8
volume_breakout,0.3,0.03,-0.03,0.75,0.5,1,90,0.004934167948867821,0.5111111111111111,85,18,-0.0019439720195764884,0.3411764705882353,0.879293252917679,-0.06521171155516547,-0.003680500053002033,,-0.05,0.8
volume_breakout,0.3,0.03,0.0,0.75,0.5,1,90,0.004934167948867821,0.5111111111111111,85,18,-0.0019439720195764884,0.3411764705882353,0.879293252917679,-0.06521171155516547,-0.003680500053002033,,-0.05,1.1
trend_pullback,0.3,0.0,0.0,1.0,0.35,1,90,0.0002940476058881559,0.43333333333333335,90,18,-0.0022658930658839204,0.36666666666666664,0.8643466841541632,-0.05449702198343753,-0.003684717054348506,0.7,,
trend_pullback,0.4,0.03,0.0,0.75,0.65,1,80,-0.0023605366057147053,0.4,52,11,-0.002552873835431491,0.4230769230769231,0.8170804313205122,-0.04468123711658867,-0.003689040841099023,0.7,,
trend_pullback,0.4,0.03,-0.03,0.75,0.65,1,80,-0.0023605366057147053,0.4,52,11,-0.002552873835431491,0.4230769230769231,0.8170804313205122,-0.04468123711658867,-0.003689040841099023,0.7,,
trend_pullback,0.4,0.0,0.03,0.75,0.5,1,80,-0.0024936526098920664,0.4,53,11,-0.0027951035974890775,0.39622641509433965,0.782720657540625,-0.03639803105280015,-0.0036913643646879256,0.7,,
trend_pullback,0.4,0.0,0.0,0.75,0.5,1,80,-0.0024936526098920664,0.4,53,11,-0.0027951035974890775,0.39622641509433965,0.782720657540625,-0.03639803105280015,-0.0036913643646879256,0.7,,
trend_pullback,0.4,-0.03,0.03,1.0,0.35,1,80,0.0020388946968897172,0.4625,55,11,-0.0027993610161533445,0.36363636363636365,0.821523303410679,-0.03707625946273718,-0.00370626797418279,0.45,,
trend_pullback,0.4,-0.03,0.0,1.0,0.5,1,80,0.0012489744418696792,0.45,55,11,-0.0027993610161533445,0.36363636363636365,0.821523303410679,-0.03707625946273718,-0.00370626797418279,0.7,,
trend_pullback,0.4,-0.03,0.03,1.0,0.5,1,80,0.0012489744418696792,0.45,55,11,-0.0027993610161533445,0.36363636363636365,0.821523303410679,-0.03707625946273718,-0.00370626797418279,0.7,,
trend_pullback,0.4,-0.03,0.03,1.0,0.35,1,80,0.0012489744418696792,0.45,55,11,-0.0027993610161533445,0.36363636363636365,0.821523303410679,-0.03707625946273718,-0.00370626797418279,0.7,,
trend_pullback,0.4,-0.03,-0.03,1.0,0.35,1,80,0.0020388946968897172,0.4625,55,11,-0.0027993610161533445,0.36363636363636365,0.821523303410679,-0.03707625946273718,-0.00370626797418279,0.45,,
trend_pullback,0.4,-0.03,-0.03,1.0,0.35,1,80,0.0012489744418696792,0.45,55,11,-0.0027993610161533445,0.36363636363636365,0.821523303410679,-0.03707625946273718,-0.00370626797418279,0.7,,
trend_pullback,0.4,-0.03,-0.03,1.0,0.5,1,80,0.0020388946968897172,0.4625,55,11,-0.0027993610161533445,0.36363636363636365,0.821523303410679,-0.03707625946273718,-0.00370626797418279,0.45,,
trend_pullback,0.4,-0.03,0.03,1.0,0.5,1,80,0.0020388946968897172,0.4625,55,11,-0.0027993610161533445,0.36363636363636365,0.821523303410679,-0.03707625946273718,-0.00370626797418279,0.45,,
trend_pullback,0.4,-0.03,0.0,1.0,0.5,1,80,0.0020388946968897172,0.4625,55,11,-0.0027993610161533445,0.36363636363636365,0.821523303410679,-0.03707625946273718,-0.00370626797418279,0.45,,
trend_pullback,0.4,-0.03,-0.03,1.0,0.5,1,80,0.0012489744418696792,0.45,55,11,-0.0027993610161533445,0.36363636363636365,0.821523303410679,-0.03707625946273718,-0.00370626797418279,0.7,,
trend_pullback,0.4,-0.03,0.0,1.0,0.35,1,80,0.0012489744418696792,0.45,55,11,-0.0027993610161533445,0.36363636363636365,0.821523303410679,-0.03707625946273718,-0.00370626797418279,0.7,,
trend_pullback,0.4,-0.03,0.0,1.0,0.35,1,80,0.0020388946968897172,0.4625,55,11,-0.0027993610161533445,0.36363636363636365,0.821523303410679,-0.03707625946273718,-0.00370626797418279,0.45,,
trend_pullback,0.4,0.03,0.03,0.75,0.65,1,80,-0.0023605366057147053,0.4,52,11,-0.0025779640134840653,0.4230769230769231,0.8152826595372886,-0.04492837549666295,-0.003721994613499632,0.7,,
flow_trend,0.5,0.03,0.03,1.0,0.5,1,75,-0.0005524535919717551,0.48,35,7,-0.0027565104555709406,0.42857142857142855,0.7936368205631101,-0.03890133712107424,-0.00372514136406239,,,
flow_trend,0.5,0.03,0.03,1.0,0.35,1,75,-0.0005524535919717551,0.48,35,7,-0.0027565104555709406,0.42857142857142855,0.7936368205631101,-0.03890133712107424,-0.00372514136406239,,,
flow_trend,0.5,0.0,-0.03,0.75,0.65,1,75,-0.0011639196661194504,0.4666666666666667,35,7,-0.0027565104555709406,0.42857142857142855,0.7936368205631101,-0.03890133712107424,-0.00372514136406239,,,
flow_trend,0.5,0.0,-0.03,0.75,0.35,1,75,-0.000989430589304793,0.4666666666666667,35,7,-0.0027565104555709406,0.42857142857142855,0.7936368205631101,-0.03890133712107424,-0.00372514136406239,,,
flow_trend,0.5,-0.03,-0.03,0.75,0.35,1,75,-0.000989430589304793,0.4666666666666667,35,7,-0.0027565104555709406,0.42857142857142855,0.7936368205631101,-0.03890133712107424,-0.00372514136406239,,,
flow_trend,0.5,-0.03,0.03,1.0,0.65,1,75,-0.0011639196661194504,0.4666666666666667,35,7,-0.0027565104555709406,0.42857142857142855,0.7936368205631101,-0.03890133712107424,-0.00372514136406239,,,
flow_trend,0.5,0.0,0.03,0.75,0.65,1,75,-0.0011639196661194504,0.4666666666666667,35,7,-0.0027565104555709406,0.42857142857142855,0.7936368205631101,-0.03890133712107424,-0.00372514136406239,,,
flow_trend,0.5,-0.03,0.03,1.0,0.5,1,75,-0.000989430589304793,0.4666666666666667,35,7,-0.0027565104555709406,0.42857142857142855,0.7936368205631101,-0.03890133712107424,-0.00372514136406239,,,
flow_trend,0.5,-0.03,0.03,1.0,0.35,1,75,-0.000989430589304793,0.4666666666666667,35,7,-0.0027565104555709406,0.42857142857142855,0.7936368205631101,-0.03890133712107424,-0.00372514136406239,,,
flow_trend,0.5,-0.03,0.03,0.75,0.65,1,75,-0.0011639196661194504,0.4666666666666667,35,7,-0.0027565104555709406,0.42857142857142855,0.7936368205631101,-0.03890133712107424,-0.00372514136406239,,,
flow_trend,0.5,-0.03,0.0,1.0,0.65,1,75,-0.0011639196661194504,0.4666666666666667,35,7,-0.0027565104555709406,0.42857142857142855,0.7936368205631101,-0.03890133712107424,-0.00372514136406239,,,
flow_trend,0.5,0.0,-0.03,1.0,0.35,1,75,-0.000989430589304793,0.4666666666666667,35,7,-0.0027565104555709406,0.42857142857142855,0.7936368205631101,-0.03890133712107424,-0.00372514136406239,,,
flow_trend,0.5,0.0,-0.03,0.75,0.5,1,75,-0.000989430589304793,0.4666666666666667,35,7,-0.0027565104555709406,0.42857142857142855,0.7936368205631101,-0.03890133712107424,-0.00372514136406239,,,
flow_trend,0.5,0.0,0.0,1.0,0.35,1,75,-0.000989430589304793,0.4666666666666667,35,7,-0.0027565104555709406,0.42857142857142855,0.7936368205631101,-0.03890133712107424,-0.00372514136406239,,,
flow_trend,0.5,0.0,0.03,0.75,0.5,1,75,-0.000989430589304793,0.4666666666666667,35,7,-0.0027565104555709406,0.42857142857142855,0.7936368205631101,-0.03890133712107424,-0.00372514136406239,,,
flow_trend,0.5,-0.03,-0.03,1.0,0.35,1,75,-0.000989430589304793,0.4666666666666667,35,7,-0.0027565104555709406,0.42857142857142855,0.7936368205631101,-0.03890133712107424,-0.00372514136406239,,,
flow_trend,0.5,-0.03,-0.03,1.0,0.5,1,75,-0.000989430589304793,0.4666666666666667,35,7,-0.0027565104555709406,0.42857142857142855,0.7936368205631101,-0.03890133712107424,-0.00372514136406239,,,
flow_trend,0.5,-0.03,-0.03,0.75,0.5,1,75,-0.000989430589304793,0.4666666666666667,35,7,-0.0027565104555709406,0.42857142857142855,0.7936368205631101,-0.03890133712107424,-0.00372514136406239,,,
flow_trend,0.5,0.0,0.0,1.0,0.5,1,75,-0.000989430589304793,0.4666666666666667,35,7,-0.0027565104555709406,0.42857142857142855,0.7936368205631101,-0.03890133712107424,-0.00372514136406239,,,
flow_trend,0.5,-0.03,0.0,0.75,0.65,1,75,-0.0011639196661194504,0.4666666666666667,35,7,-0.0027565104555709406,0.42857142857142855,0.7936368205631101,-0.03890133712107424,-0.00372514136406239,,,
flow_trend,0.5,0.03,-0.03,0.75,0.35,1,75,-0.0005524535919717551,0.48,35,7,-0.0027565104555709406,0.42857142857142855,0.7936368205631101,-0.03890133712107424,-0.00372514136406239,,,
flow_trend,0.5,0.0,0.03,1.0,0.65,1,75,-0.0011639196661194504,0.4666666666666667,35,7,-0.0027565104555709406,0.42857142857142855,0.7936368205631101,-0.03890133712107424,-0.00372514136406239,,,
flow_trend,0.5,0.03,0.0,1.0,0.5,1,75,-0.0005524535919717551,0.48,35,7,-0.0027565104555709406,0.42857142857142855,0.7936368205631101,-0.03890133712107424,-0.00372514136406239,,,
flow_trend,0.5,0.03,0.03,0.75,0.35,1,75,-0.0005524535919717551,0.48,35,7,-0.0027565104555709406,0.42857142857142855,0.7936368205631101,-0.03890133712107424,-0.00372514136406239,,,
flow_trend,0.5,0.03,0.0,1.0,0.65,1,75,-0.0007269426687864126,0.48,35,7,-0.0027565104555709406,0.42857142857142855,0.7936368205631101,-0.03890133712107424,-0.00372514136406239,,,
flow_trend,0.5,0.03,0.0,1.0,0.35,1,75,-0.0005524535919717551,0.48,35,7,-0.0027565104555709406,0.42857142857142855,0.7936368205631101,-0.03890133712107424,-0.00372514136406239,,,
flow_trend,0.5,0.03,-0.03,1.0,0.35,1,75,-0.0005524535919717551,0.48,35,7,-0.0027565104555709406,0.42857142857142855,0.7936368205631101,-0.03890133712107424,-0.00372514136406239,,,
flow_trend,0.5,0.03,-0.03,0.75,0.65,1,75,-0.0007269426687864126,0.48,35,7,-0.0027565104555709406,0.42857142857142855,0.7936368205631101,-0.03890133712107424,-0.00372514136406239,,,
flow_trend,0.5,0.03,-0.03,1.0,0.65,1,75,-0.0007269426687864126,0.48,35,7,-0.0027565104555709406,0.42857142857142855,0.7936368205631101,-0.03890133712107424,-0.00372514136406239,,,
flow_trend,0.5,-0.03,0.03,0.75,0.35,1,75,-0.000989430589304793,0.4666666666666667,35,7,-0.0027565104555709406,0.42857142857142855,0.7936368205631101,-0.03890133712107424,-0.00372514136406239,,,
flow_trend,0.5,0.0,0.03,1.0,0.5,1,75,-0.000989430589304793,0.4666666666666667,35,7,-0.0027565104555709406,0.42857142857142855,0.7936368205631101,-0.03890133712107424,-0.00372514136406239,,,
flow_trend,0.5,0.03,0.0,0.75,0.5,1,75,-0.0005524535919717551,0.48,35,7,-0.0027565104555709406,0.42857142857142855,0.7936368205631101,-0.03890133712107424,-0.00372514136406239,,,
flow_trend,0.5,0.03,0.0,0.75,0.65,1,75,-0.0007269426687864126,0.48,35,7,-0.0027565104555709406,0.42857142857142855,0.7936368205631101,-0.03890133712107424,-0.00372514136406239,,,
flow_trend,0.5,0.03,0.0,0.75,0.35,1,75,-0.0005524535919717551,0.48,35,7,-0.0027565104555709406,0.42857142857142855,0.7936368205631101,-0.03890133712107424,-0.00372514136406239,,,
flow_trend,0.5,0.0,0.0,0.75,0.65,1,75,-0.0011639196661194504,0.4666666666666667,35,7,-0.0027565104555709406,0.42857142857142855,0.7936368205631101,-0.03890133712107424,-0.00372514136406239,,,
flow_trend,0.5,0.0,0.0,0.75,0.5,1,75,-0.000989430589304793,0.4666666666666667,35,7,-0.0027565104555709406,0.42857142857142855,0.7936368205631101,-0.03890133712107424,-0.00372514136406239,,,
flow_trend,0.5,0.0,0.0,1.0,0.65,1,75,-0.0011639196661194504,0.4666666666666667,35,7,-0.0027565104555709406,0.42857142857142855,0.7936368205631101,-0.03890133712107424,-0.00372514136406239,,,
flow_trend,0.5,0.0,-0.03,1.0,0.65,1,75,-0.0011639196661194504,0.4666666666666667,35,7,-0.0027565104555709406,0.42857142857142855,0.7936368205631101,-0.03890133712107424,-0.00372514136406239,,,
flow_trend,0.5,0.03,-0.03,1.0,0.5,1,75,-0.0005524535919717551,0.48,35,7,-0.0027565104555709406,0.42857142857142855,0.7936368205631101,-0.03890133712107424,-0.00372514136406239,,,
flow_trend,0.5,0.0,0.03,0.75,0.35,1,75,-0.000989430589304793,0.4666666666666667,35,7,-0.0027565104555709406,0.42857142857142855,0.7936368205631101,-0.03890133712107424,-0.00372514136406239,,,
flow_trend,0.5,0.0,-0.03,1.0,0.5,1,75,-0.000989430589304793,0.4666666666666667,35,7,-0.0027565104555709406,0.42857142857142855,0.7936368205631101,-0.03890133712107424,-0.00372514136406239,,,
flow_trend,0.5,-0.03,-0.03,0.75,0.65,1,75,-0.0011639196661194504,0.4666666666666667,35,7,-0.0027565104555709406,0.42857142857142855,0.7936368205631101,-0.03890133712107424,-0.00372514136406239,,,
flow_trend,0.5,-0.03,-0.03,1.0,0.65,1,75,-0.0011639196661194504,0.4666666666666667,35,7,-0.0027565104555709406,0.42857142857142855,0.7936368205631101,-0.03890133712107424,-0.00372514136406239,,,
flow_trend,0.5,0.03,-0.03,0.75,0.5,1,75,-0.0005524535919717551,0.48,35,7,-0.0027565104555709406,0.42857142857142855,0.7936368205631101,-0.03890133712107424,-0.00372514136406239,,,
flow_trend,0.5,0.0,0.0,0.75,0.35,1,75,-0.000989430589304793,0.4666666666666667,35,7,-0.0027565104555709406,0.42857142857142855,0.7936368205631101,-0.03890133712107424,-0.00372514136406239,,,
flow_trend,0.5,0.0,0.03,1.0,0.35,1,75,-0.000989430589304793,0.4666666666666667,35,7,-0.0027565104555709406,0.42857142857142855,0.7936368205631101,-0.03890133712107424,-0.00372514136406239,,,
flow_trend,0.5,-0.03,0.0,1.0,0.35,1,75,-0.000989430589304793,0.4666666666666667,35,7,-0.0027565104555709406,0.42857142857142855,0.7936368205631101,-0.03890133712107424,-0.00372514136406239,,,
flow_trend,0.5,-0.03,0.0,0.75,0.35,1,75,-0.000989430589304793,0.4666666666666667,35,7,-0.0027565104555709406,0.42857142857142855,0.7936368205631101,-0.03890133712107424,-0.00372514136406239,,,
flow_trend,0.5,-0.03,0.0,0.75,0.5,1,75,-0.000989430589304793,0.4666666666666667,35,7,-0.0027565104555709406,0.42857142857142855,0.7936368205631101,-0.03890133712107424,-0.00372514136406239,,,
flow_trend,0.5,-0.03,0.03,0.75,0.5,1,75,-0.000989430589304793,0.4666666666666667,35,7,-0.0027565104555709406,0.42857142857142855,0.7936368205631101,-0.03890133712107424,-0.00372514136406239,,,
flow_trend,0.5,0.03,0.03,0.75,0.5,1,75,-0.0005524535919717551,0.48,35,7,-0.0027565104555709406,0.42857142857142855,0.7936368205631101,-0.03890133712107424,-0.00372514136406239,,,
flow_trend,0.5,0.03,0.03,0.75,0.65,1,75,-0.0007269426687864126,0.48,35,7,-0.0027565104555709406,0.42857142857142855,0.7936368205631101,-0.03890133712107424,-0.00372514136406239,,,
flow_trend,0.5,0.03,0.03,1.0,0.65,1,75,-0.0007269426687864126,0.48,35,7,-0.0027565104555709406,0.42857142857142855,0.7936368205631101,-0.03890133712107424,-0.00372514136406239,,,
flow_trend,0.5,-0.03,0.0,1.0,0.5,1,75,-0.000989430589304793,0.4666666666666667,35,7,-0.0027565104555709406,0.42857142857142855,0.7936368205631101,-0.03890133712107424,-0.00372514136406239,,,
trend_pullback,0.4,0.0,-0.03,0.75,0.35,3,80,-0.0037841693843015485,0.3875,54,11,-0.0022318746795241926,0.3333333333333333,0.8796984035526417,-0.05776136473600024,-0.003744791020716039,0.45,,
trend_pullback,0.4,0.0,-0.03,0.75,0.5,3,80,-0.0037841693843015485,0.3875,54,11,-0.0022318746795241926,0.3333333333333333,0.8796984035526417,-0.05776136473600024,-0.003744791020716039,0.45,,
trend_pullback,0.4,0.0,0.03,0.75,0.5,3,80,-0.0034230181560816414,0.3875,53,11,-0.002237126491145746,0.33962264150943394,0.8814171392798023,-0.05776136473600013,-0.0037496131484057995,0.7,,
trend_pullback,0.4,0.0,0.0,0.75,0.5,3,80,-0.0034230181560816414,0.3875,53,11,-0.002237126491145746,0.33962264150943394,0.8814171392798023,-0.05776136473600013,-0.0037496131484057995,0.7,,
volume_breakout,0.3,0.03,0.03,1.0,0.65,1,90,0.0032419264637986167,0.4444444444444444,85,18,-0.0018187905003865818,0.32941176470588235,0.9006301045311774,-0.07188188163102249,-0.003750089423184462,,0.0,1.1
volume_breakout,0.3,0.03,-0.03,1.0,0.35,1,90,0.0032419264637986167,0.4444444444444444,85,18,-0.0018187905003865818,0.32941176470588235,0.9006301045311774,-0.07188188163102249,-0.003750089423184462,,0.0,1.1
volume_breakout,0.3,0.03,0.03,1.0,0.5,1,90,0.0032419264637986167,0.4444444444444444,85,18,-0.0018187905003865818,0.32941176470588235,0.9006301045311774,-0.07188188163102249,-0.003750089423184462,,0.0,1.1
volume_breakout,0.3,0.03,0.03,1.0,0.35,1,90,0.0032419264637986167,0.4444444444444444,85,18,-0.0018187905003865818,0.32941176470588235,0.9006301045311774,-0.07188188163102249,-0.003750089423184462,,0.0,1.1
volume_breakout,0.3,0.03,0.0,1.0,0.65,1,90,0.0032419264637986167,0.4444444444444444,85,18,-0.0018187905003865818,0.32941176470588235,0.9006301045311774,-0.07188188163102249,-0.003750089423184462,,0.0,1.1
volume_breakout,0.3,0.03,-0.03,1.0,0.5,1,90,0.0032419264637986167,0.4444444444444444,85,18,-0.0018187905003865818,0.32941176470588235,0.9006301045311774,-0.07188188163102249,-0.003750089423184462,,0.0,1.1
volume_breakout,0.3,0.03,0.0,1.0,0.35,1,90,0.0032419264637986167,0.4444444444444444,85,18,-0.0018187905003865818,0.32941176470588235,0.9006301045311774,-0.07188188163102249,-0.003750089423184462,,0.0,1.1
volume_breakout,0.3,0.03,0.0,1.0,0.5,1,90,0.0032419264637986167,0.4444444444444444,85,18,-0.0018187905003865818,0.32941176470588235,0.9006301045311774,-0.07188188163102249,-0.003750089423184462,,0.0,1.1
volume_breakout,0.3,0.03,-0.03,1.0,0.65,1,90,0.0032419264637986167,0.4444444444444444,85,18,-0.0018187905003865818,0.32941176470588235,0.9006301045311774,-0.07188188163102249,-0.003750089423184462,,0.0,1.1
trend_pullback,0.5,0.03,0.03,0.75,0.5,1,75,-0.0016857490281749316,0.41333333333333333,35,7,-0.003113425308020194,0.37142857142857144,0.7547268401225781,-0.0280473147518695,-0.0037661630405456344,0.45,,
trend_pullback,0.5,0.03,0.0,0.75,0.5,1,75,-0.0016857490281749316,0.41333333333333333,35,7,-0.003113425308020194,0.37142857142857144,0.7547268401225781,-0.0280473147518695,-0.0037661630405456344,0.45,,
trend_pullback,0.5,0.03,-0.03,0.75,0.5,1,75,-0.0016857490281749316,0.41333333333333333,35,7,-0.003113425308020194,0.37142857142857144,0.7547268401225781,-0.0280473147518695,-0.0037661630405456344,0.45,,
trend_pullback,0.5,-0.03,0.03,0.75,0.5,1,75,-0.0029720163320634133,0.38666666666666666,35,7,-0.003113425308020194,0.37142857142857144,0.7547268401225781,-0.0280473147518695,-0.0037661630405456344,0.45,,
trend_pullback,0.5,-0.03,0.03,0.75,0.35,1,75,-0.0029720163320634133,0.38666666666666666,35,7,-0.003113425308020194,0.37142857142857144,0.7547268401225781,-0.0280473147518695,-0.0037661630405456344,0.45,,
trend_pullback,0.5,0.0,0.03,0.75,0.35,1,75,-0.002534179521448474,0.4,35,7,-0.003113425308020194,0.37142857142857144,0.7547268401225781,-0.0280473147518695,-0.0037661630405456344,0.45,,
trend_pullback,0.5,0.0,0.0,0.75,0.35,1,75,-0.002534179521448474,0.4,35,7,-0.003113425308020194,0.37142857142857144,0.7547268401225781,-0.0280473147518695,-0.0037661630405456344,0.45,,
trend_pullback,0.5,0.0,0.03,0.75,0.5,1,75,-0.002534179521448474,0.4,35,7,-0.003113425308020194,0.37142857142857144,0.7547268401225781,-0.0280473147518695,-0.0037661630405456344,0.45,,
trend_pullback,0.5,0.03,-0.03,0.75,0.35,1,75,-0.0016857490281749316,0.41333333333333333,35,7,-0.003113425308020194,0.37142857142857144,0.7547268401225781,-0.0280473147518695,-0.0037661630405456344,0.45,,
trend_pullback,0.5,-0.03,-0.03,0.75,0.35,1,75,-0.0029720163320634133,0.38666666666666666,35,7,-0.003113425308020194,0.37142857142857144,0.7547268401225781,-0.0280473147518695,-0.0037661630405456344,0.45,,
trend_pullback,0.5,-0.03,-0.03,0.75,0.5,1,75,-0.0029720163320634133,0.38666666666666666,35,7,-0.003113425308020194,0.37142857142857144,0.7547268401225781,-0.0280473147518695,-0.0037661630405456344,0.45,,
trend_pullback,0.5,0.03,0.03,0.75,0.35,1,75,-0.0016857490281749316,0.41333333333333333,35,7,-0.003113425308020194,0.37142857142857144,0.7547268401225781,-0.0280473147518695,-0.0037661630405456344,0.45,,
trend_pullback,0.5,-0.03,0.0,0.75,0.5,1,75,-0.0029720163320634133,0.38666666666666666,35,7,-0.003113425308020194,0.37142857142857144,0.7547268401225781,-0.0280473147518695,-0.0037661630405456344,0.45,,
trend_pullback,0.5,-0.03,0.0,0.75,0.35,1,75,-0.0029720163320634133,0.38666666666666666,35,7,-0.003113425308020194,0.37142857142857144,0.7547268401225781,-0.0280473147518695,-0.0037661630405456344,0.45,,
trend_pullback,0.5,0.0,0.0,0.75,0.5,1,75,-0.002534179521448474,0.4,35,7,-0.003113425308020194,0.37142857142857144,0.7547268401225781,-0.0280473147518695,-0.0037661630405456344,0.45,,
trend_pullback,0.5,0.0,-0.03,0.75,0.35,1,75,-0.002534179521448474,0.4,35,7,-0.003113425308020194,0.37142857142857144,0.7547268401225781,-0.0280473147518695,-0.0037661630405456344,0.45,,
trend_pullback,0.5,0.03,0.0,0.75,0.35,1,75,-0.0016857490281749316,0.41333333333333333,35,7,-0.003113425308020194,0.37142857142857144,0.7547268401225781,-0.0280473147518695,-0.0037661630405456344,0.45,,
trend_pullback,0.5,0.0,-0.03,0.75,0.5,1,75,-0.002534179521448474,0.4,35,7,-0.003113425308020194,0.37142857142857144,0.7547268401225781,-0.0280473147518695,-0.0037661630405456344,0.45,,
volume_breakout,0.3,0.0,-0.03,1.0,0.5,2,90,0.0027052658158049653,0.43333333333333335,90,18,-0.0015262237758244352,0.3333333333333333,0.9256540736625709,-0.08304235211908317,-0.0037860808209812876,,0.0,1.1
volume_breakout,0.3,0.0,0.03,1.0,0.65,2,90,0.0027052658158049653,0.43333333333333335,90,18,-0.0015262237758244352,0.3333333333333333,0.9256540736625709,-0.08304235211908317,-0.0037860808209812876,,0.0,0.8
volume_breakout,0.3,0.0,-0.03,1.0,0.35,2,90,0.0027052658158049653,0.43333333333333335,90,18,-0.0015262237758244352,0.3333333333333333,0.9256540736625709,-0.08304235211908317,-0.0037860808209812876,,0.0,0.8
volume_breakout,0.3,0.0,-0.03,1.0,0.65,2,90,0.0027052658158049653,0.43333333333333335,90,18,-0.0015262237758244352,0.3333333333333333,0.9256540736625709,-0.08304235211908317,-0.0037860808209812876,,0.0,1.1
volume_breakout,0.3,0.0,-0.03,1.0,0.35,2,90,0.0027052658158049653,0.43333333333333335,90,18,-0.0015262237758244352,0.3333333333333333,0.9256540736625709,-0.08304235211908317,-0.0037860808209812876,,0.0,1.1
volume_breakout,0.3,0.0,-0.03,1.0,0.5,2,90,0.0027052658158049653,0.43333333333333335,90,18,-0.0015262237758244352,0.3333333333333333,0.9256540736625709,-0.08304235211908317,-0.0037860808209812876,,0.0,0.8
volume_breakout,0.3,0.0,0.0,1.0,0.5,2,90,0.0027052658158049653,0.43333333333333335,90,18,-0.0015262237758244352,0.3333333333333333,0.9256540736625709,-0.08304235211908317,-0.0037860808209812876,,0.0,1.1
volume_breakout,0.3,0.0,0.0,1.0,0.65,2,90,0.0027052658158049653,0.43333333333333335,90,18,-0.0015262237758244352,0.3333333333333333,0.9256540736625709,-0.08304235211908317,-0.0037860808209812876,,0.0,0.8
volume_breakout,0.3,0.0,0.0,1.0,0.35,2,90,0.0027052658158049653,0.43333333333333335,90,18,-0.0015262237758244352,0.3333333333333333,0.9256540736625709,-0.08304235211908317,-0.0037860808209812876,,0.0,1.1
volume_breakout,0.3,0.0,0.0,1.0,0.65,2,90,0.0027052658158049653,0.43333333333333335,90,18,-0.0015262237758244352,0.3333333333333333,0.9256540736625709,-0.08304235211908317,-0.0037860808209812876,,0.0,1.1
volume_breakout,0.3,0.0,0.03,1.0,0.5,2,90,0.0027052658158049653,0.43333333333333335,90,18,-0.0015262237758244352,0.3333333333333333,0.9256540736625709,-0.08304235211908317,-0.0037860808209812876,,0.0,1.1
volume_breakout,0.3,0.0,0.0,1.0,0.35,2,90,0.0027052658158049653,0.43333333333333335,90,18,-0.0015262237758244352,0.3333333333333333,0.9256540736625709,-0.08304235211908317,-0.0037860808209812876,,0.0,0.8
volume_breakout,0.3,0.0,0.03,1.0,0.5,2,90,0.0027052658158049653,0.43333333333333335,90,18,-0.0015262237758244352,0.3333333333333333,0.9256540736625709,-0.08304235211908317,-0.0037860808209812876,,0.0,0.8
volume_breakout,0.3,0.0,0.03,1.0,0.35,2,90,0.0027052658158049653,0.43333333333333335,90,18,-0.0015262237758244352,0.3333333333333333,0.9256540736625709,-0.08304235211908317,-0.0037860808209812876,,0.0,1.1
volume_breakout,0.3,0.0,-0.03,1.0,0.65,2,90,0.0027052658158049653,0.43333333333333335,90,18,-0.0015262237758244352,0.3333333333333333,0.9256540736625709,-0.08304235211908317,-0.0037860808209812876,,0.0,0.8
volume_breakout,0.3,0.0,0.03,1.0,0.65,2,90,0.0027052658158049653,0.43333333333333335,90,18,-0.0015262237758244352,0.3333333333333333,0.9256540736625709,-0.08304235211908317,-0.0037860808209812876,,0.0,1.1
volume_breakout,0.3,0.0,0.03,1.0,0.35,2,90,0.0027052658158049653,0.43333333333333335,90,18,-0.0015262237758244352,0.3333333333333333,0.9256540736625709,-0.08304235211908317,-0.0037860808209812876,,0.0,0.8
volume_breakout,0.3,0.0,0.0,1.0,0.5,2,90,0.0027052658158049653,0.43333333333333335,90,18,-0.0015262237758244352,0.3333333333333333,0.9256540736625709,-0.08304235211908317,-0.0037860808209812876,,0.0,0.8
trend_pullback,0.3,-0.03,0.03,1.0,0.5,3,90,-0.0011170691630045344,0.35555555555555557,90,18,-0.0021167086192184527,0.3333333333333333,0.8933323428711827,-0.06329813560803066,-0.0037923196017415764,0.7,,
trend_pullback,0.3,-0.03,0.03,1.0,0.35,3,90,-0.0011170691630045344,0.35555555555555557,90,18,-0.0021167086192184527,0.3333333333333333,0.8933323428711827,-0.06329813560803066,-0.0037923196017415764,0.7,,
trend_pullback,0.3,0.0,0.03,0.75,0.65,1,90,-0.004078793040435822,0.3888888888888889,87,18,-0.0021626729165054254,0.41379310344827586,0.8513840660525005,-0.06222547361151021,-0.0038165911083376065,0.7,,
trend_pullback,0.4,0.03,0.03,0.75,0.65,2,80,-0.002550384143384949,0.375,51,11,-0.0024132624936866165,0.35294117647058826,0.8605461528462169,-0.05402269577423935,-0.003818806828702243,0.45,,
volume_breakout,0.5,0.03,-0.03,0.75,0.65,1,75,0.00466539260672336,0.52,35,7,-0.0026391573158946737,0.3142857142857143,0.8293788969168892,-0.046286965182920525,-0.0038204215471530673,,0.0,0.8
volume_breakout,0.5,0.03,-0.03,0.75,0.65,1,75,0.00466539260672336,0.52,35,7,-0.0026391573158946737,0.3142857142857143,0.8293788969168892,-0.046286965182920525,-0.0038204215471530673,,0.0,1.1
volume_breakout,0.5,0.03,0.03,0.75,0.5,1,75,0.00466539260672336,0.52,35,7,-0.0026391573158946737,0.3142857142857143,0.8293788969168892,-0.046286965182920525,-0.0038204215471530673,,0.0,0.8
volume_breakout,0.5,0.03,0.0,0.75,0.5,1,75,0.00466539260672336,0.52,35,7,-0.0026391573158946737,0.3142857142857143,0.8293788969168892,-0.046286965182920525,-0.0038204215471530673,,0.0,0.8
volume_breakout,0.5,0.03,-0.03,0.75,0.35,1,75,0.00466539260672336,0.52,35,7,-0.0026391573158946737,0.3142857142857143,0.8293788969168892,-0.046286965182920525,-0.0038204215471530673,,0.0,0.8
volume_breakout,0.5,0.03,0.03,0.75,0.35,1,75,0.00466539260672336,0.52,35,7,-0.0026391573158946737,0.3142857142857143,0.8293788969168892,-0.046286965182920525,-0.0038204215471530673,,0.0,0.8
volume_breakout,0.5,0.03,0.03,0.75,0.5,1,75,0.00466539260672336,0.52,35,7,-0.0026391573158946737,0.3142857142857143,0.8293788969168892,-0.046286965182920525,-0.0038204215471530673,,0.0,1.1
volume_breakout,0.5,0.03,0.03,0.75,0.65,1,75,0.00466539260672336,0.52,35,7,-0.0026391573158946737,0.3142857142857143,0.8293788969168892,-0.046286965182920525,-0.0038204215471530673,,0.0,0.8
volume_breakout,0.5,0.03,0.03,0.75,0.35,1,75,0.00466539260672336,0.52,35,7,-0.0026391573158946737,0.3142857142857143,0.8293788969168892,-0.046286965182920525,-0.0038204215471530673,,0.0,1.1
volume_breakout,0.5,0.03,0.0,0.75,0.35,1,75,0.00466539260672336,0.52,35,7,-0.0026391573158946737,0.3142857142857143,0.8293788969168892,-0.046286965182920525,-0.0038204215471530673,,0.0,1.1
volume_breakout,0.5,0.03,0.0,0.75,0.65,1,75,0.00466539260672336,0.52,35,7,-0.0026391573158946737,0.3142857142857143,0.8293788969168892,-0.046286965182920525,-0.0038204215471530673,,0.0,1.1
volume_breakout,0.5,0.03,0.03,0.75,0.65,1,75,0.00466539260672336,0.52,35,7,-0.0026391573158946737,0.3142857142857143,0.8293788969168892,-0.046286965182920525,-0.0038204215471530673,,0.0,1.1
volume_breakout,0.5,0.03,0.0,0.75,0.65,1,75,0.00466539260672336,0.52,35,7,-0.0026391573158946737,0.3142857142857143,0.8293788969168892,-0.046286965182920525,-0.0038204215471530673,,0.0,0.8
volume_breakout,0.5,0.03,-0.03,0.75,0.5,1,75,0.00466539260672336,0.52,35,7,-0.0026391573158946737,0.3142857142857143,0.8293788969168892,-0.046286965182920525,-0.0038204215471530673,,0.0,1.1
volume_breakout,0.5,0.03,-0.03,0.75,0.5,1,75,0.00466539260672336,0.52,35,7,-0.0026391573158946737,0.3142857142857143,0.8293788969168892,-0.046286965182920525,-0.0038204215471530673,,0.0,0.8
volume_breakout,0.5,0.03,0.0,0.75,0.5,1,75,0.00466539260672336,0.52,35,7,-0.0026391573158946737,0.3142857142857143,0.8293788969168892,-0.046286965182920525,-0.0038204215471530673,,0.0,1.1
volume_breakout,0.5,0.03,0.0,0.75,0.35,1,75,0.00466539260672336,0.52,35,7,-0.0026391573158946737,0.3142857142857143,0.8293788969168892,-0.046286965182920525,-0.0038204215471530673,,0.0,0.8
volume_breakout,0.5,0.03,-0.03,0.75,0.35,1,75,0.00466539260672336,0.52,35,7,-0.0026391573158946737,0.3142857142857143,0.8293788969168892,-0.046286965182920525,-0.0038204215471530673,,0.0,1.1
trend_pullback,0.4,0.0,-0.03,0.75,0.35,1,80,-0.0024936526098920664,0.4,55,11,-0.0029836194641222422,0.38181818181818183,0.7648188258262417,-0.034406829680151296,-0.0038246196480702208,0.7,,
trend_pullback,0.4,-0.03,0.03,0.75,0.65,1,80,-0.0032325658561717457,0.3875,55,11,-0.0027890785932665955,0.4,0.8005949035532237,-0.04163785781291496,-0.0038380656017657382,0.7,,
trend_pullback,0.4,-0.03,0.0,0.75,0.65,1,80,-0.0032325658561717457,0.3875,55,11,-0.0027890785932665955,0.4,0.8005949035532237,-0.04163785781291496,-0.0038380656017657382,0.7,,
trend_pullback,0.4,-0.03,-0.03,0.75,0.65,1,80,-0.0032325658561717457,0.3875,55,11,-0.0027890785932665955,0.4,0.8005949035532237,-0.04163785781291496,-0.0038380656017657382,0.7,,
trend_pullback,0.3,0.0,0.0,1.0,0.5,1,90,0.0002940476058881559,0.43333333333333335,89,18,-0.002283011335535477,0.3707865168539326,0.8647737252562455,-0.05966197578355059,-0.0038566771777279337,0.7,,
trend_pullback,0.4,0.0,0.0,1.0,0.65,2,80,-0.0019975418064204285,0.3625,53,11,-0.0030984132565319827,0.32075471698113206,0.8411766537382783,-0.03318420362838781,-0.0038836452019490476,0.45,,
trend_pullback,0.4,0.0,-0.03,1.0,0.65,2,80,-0.0019975418064204285,0.3625,53,11,-0.0030984132565319827,0.32075471698113206,0.8411766537382783,-0.03318420362838781,-0.0038836452019490476,0.45,,
trend_pullback,0.4,0.0,0.03,1.0,0.65,2,80,-0.0019975418064204285,0.3625,53,11,-0.0030984132565319827,0.32075471698113206,0.8411766537382783,-0.03318420362838781,-0.0038836452019490476,0.45,,
trend_pullback,0.4,0.03,0.0,0.75,0.65,1,80,-0.0007024297092118433,0.425,51,11,-0.002787300965858941,0.39215686274509803,0.8044179031015716,-0.043564674377403856,-0.0038931367214056637,0.45,,
trend_pullback,0.4,0.03,-0.03,0.75,0.65,1,80,-0.0007024297092118433,0.425,51,11,-0.002787300965858941,0.39215686274509803,0.8044179031015716,-0.043564674377403856,-0.0038931367214056637,0.45,,
volume_breakout,0.5,-0.03,-0.03,0.75,0.35,1,75,0.0057254326552826995,0.5333333333333333,35,7,-0.0027096835151327317,0.3142857142857143,0.8248193892900476,-0.04676475204195141,-0.003906421229068762,,0.0,1.1
volume_breakout,0.5,-0.03,-0.03,0.75,0.5,1,75,0.0057254326552826995,0.5333333333333333,35,7,-0.0027096835151327317,0.3142857142857143,0.8248193892900476,-0.04676475204195141,-0.003906421229068762,,0.0,0.8
volume_breakout,0.5,-0.03,-0.03,0.75,0.5,1,75,0.0057254326552826995,0.5333333333333333,35,7,-0.0027096835151327317,0.3142857142857143,0.8248193892900476,-0.04676475204195141,-0.003906421229068762,,0.0,1.1
volume_breakout,0.5,0.0,0.03,0.75,0.5,1,75,0.0057254326552826995,0.5333333333333333,35,7,-0.0027096835151327317,0.3142857142857143,0.8248193892900476,-0.04676475204195141,-0.003906421229068762,,0.0,0.8
volume_breakout,0.5,-0.03,0.0,0.75,0.35,1,75,0.0057254326552826995,0.5333333333333333,35,7,-0.0027096835151327317,0.3142857142857143,0.8248193892900476,-0.04676475204195141,-0.003906421229068762,,0.0,1.1
volume_breakout,0.5,-0.03,0.03,0.75,0.35,1,75,0.0057254326552826995,0.5333333333333333,35,7,-0.0027096835151327317,0.3142857142857143,0.8248193892900476,-0.04676475204195141,-0.003906421229068762,,0.0,1.1
volume_breakout,0.5,0.0,0.03,0.75,0.35,1,75,0.0057254326552826995,0.5333333333333333,35,7,-0.0027096835151327317,0.3142857142857143,0.8248193892900476,-0.04676475204195141,-0.003906421229068762,,0.0,1.1
volume_breakout,0.5,-0.03,-0.03,0.75,0.35,1,75,0.0057254326552826995,0.5333333333333333,35,7,-0.0027096835151327317,0.3142857142857143,0.8248193892900476,-0.04676475204195141,-0.003906421229068762,,0.0,0.8
volume_breakout,0.5,-0.03,0.0,0.75,0.5,1,75,0.0057254326552826995,0.5333333333333333,35,7,-0.0027096835151327317,0.3142857142857143,0.8248193892900476,-0.04676475204195141,-0.003906421229068762,,0.0,1.1
volume_breakout,0.5,-0.03,0.03,0.75,0.5,1,75,0.0057254326552826995,0.5333333333333333,35,7,-0.0027096835151327317,0.3142857142857143,0.8248193892900476,-0.04676475204195141,-0.003906421229068762,,0.0,1.1
volume_breakout,0.5,-0.03,0.03,0.75,0.5,1,75,0.0057254326552826995,0.5333333333333333,35,7,-0.0027096835151327317,0.3142857142857143,0.8248193892900476,-0.04676475204195141,-0.003906421229068762,,0.0,0.8
volume_breakout,0.5,-0.03,-0.03,0.75,0.65,1,75,0.0057254326552826995,0.5333333333333333,35,7,-0.0027096835151327317,0.3142857142857143,0.8248193892900476,-0.04676475204195141,-0.003906421229068762,,0.0,0.8
volume_breakout,0.5,-0.03,-0.03,0.75,0.65,1,75,0.0057254326552826995,0.5333333333333333,35,7,-0.0027096835151327317,0.3142857142857143,0.8248193892900476,-0.04676475204195141,-0.003906421229068762,,0.0,1.1
volume_breakout,0.5,0.0,-0.03,0.75,0.35,1,75,0.0057254326552826995,0.5333333333333333,35,7,-0.0027096835151327317,0.3142857142857143,0.8248193892900476,-0.04676475204195141,-0.003906421229068762,,0.0,0.8
volume_breakout,0.5,-0.03,0.0,0.75,0.65,1,75,0.0057254326552826995,0.5333333333333333,35,7,-0.0027096835151327317,0.3142857142857143,0.8248193892900476,-0.04676475204195141,-0.003906421229068762,,0.0,0.8
volume_breakout,0.5,0.0,0.03,0.75,0.35,1,75,0.0057254326552826995,0.5333333333333333,35,7,-0.0027096835151327317,0.3142857142857143,0.8248193892900476,-0.04676475204195141,-0.003906421229068762,,0.0,0.8
volume_breakout,0.5,0.0,-0.03,0.75,0.65,1,75,0.0057254326552826995,0.5333333333333333,35,7,-0.0027096835151327317,0.3142857142857143,0.8248193892900476,-0.04676475204195141,-0.003906421229068762,,0.0,1.1
volume_breakout,0.5,-0.03,0.0,0.75,0.65,1,75,0.0057254326552826995,0.5333333333333333,35,7,-0.0027096835151327317,0.3142857142857143,0.8248193892900476,-0.04676475204195141,-0.003906421229068762,,0.0,1.1
volume_breakout,0.5,0.0,0.03,0.75,0.5,1,75,0.0057254326552826995,0.5333333333333333,35,7,-0.0027096835151327317,0.3142857142857143,0.8248193892900476,-0.04676475204195141,-0.003906421229068762,,0.0,1.1
volume_breakout,0.5,-0.03,0.03,0.75,0.35,1,75,0.0057254326552826995,0.5333333333333333,35,7,-0.0027096835151327317,0.3142857142857143,0.8248193892900476,-0.04676475204195141,-0.003906421229068762,,0.0,0.8
volume_breakout,0.5,0.0,-0.03,0.75,0.5,1,75,0.0057254326552826995,0.5333333333333333,35,7,-0.0027096835151327317,0.3142857142857143,0.8248193892900476,-0.04676475204195141,-0.003906421229068762,,0.0,0.8
volume_breakout,0.5,-0.03,0.03,0.75,0.65,1,75,0.0057254326552826995,0.5333333333333333,35,7,-0.0027096835151327317,0.3142857142857143,0.8248193892900476,-0.04676475204195141,-0.003906421229068762,,0.0,1.1
volume_breakout,0.5,-0.03,0.03,0.75,0.65,1,75,0.0057254326552826995,0.5333333333333333,35,7,-0.0027096835151327317,0.3142857142857143,0.8248193892900476,-0.04676475204195141,-0.003906421229068762,,0.0,0.8
volume_breakout,0.5,0.0,-0.03,0.75,0.5,1,75,0.0057254326552826995,0.5333333333333333,35,7,-0.0027096835151327317,0.3142857142857143,0.8248193892900476,-0.04676475204195141,-0.003906421229068762,,0.0,1.1
volume_breakout,0.5,-0.03,0.0,0.75,0.35,1,75,0.0057254326552826995,0.5333333333333333,35,7,-0.0027096835151327317,0.3142857142857143,0.8248193892900476,-0.04676475204195141,-0.003906421229068762,,0.0,0.8
volume_breakout,0.5,0.0,0.03,0.75,0.65,1,75,0.0057254326552826995,0.5333333333333333,35,7,-0.0027096835151327317,0.3142857142857143,0.8248193892900476,-0.04676475204195141,-0.003906421229068762,,0.0,0.8
volume_breakout,0.5,0.0,0.03,0.75,0.65,1,75,0.0057254326552826995,0.5333333333333333,35,7,-0.0027096835151327317,0.3142857142857143,0.8248193892900476,-0.04676475204195141,-0.003906421229068762,,0.0,1.1
volume_breakout,0.5,0.0,0.0,0.75,0.5,1,75,0.0057254326552826995,0.5333333333333333,35,7,-0.0027096835151327317,0.3142857142857143,0.8248193892900476,-0.04676475204195141,-0.003906421229068762,,0.0,1.1
volume_breakout,0.5,0.0,0.0,0.75,0.65,1,75,0.0057254326552826995,0.5333333333333333,35,7,-0.0027096835151327317,0.3142857142857143,0.8248193892900476,-0.04676475204195141,-0.003906421229068762,,0.0,0.8
volume_breakout,0.5,0.0,0.0,0.75,0.65,1,75,0.0057254326552826995,0.5333333333333333,35,7,-0.0027096835151327317,0.3142857142857143,0.8248193892900476,-0.04676475204195141,-0.003906421229068762,,0.0,1.1
volume_breakout,0.5,-0.03,0.0,0.75,0.5,1,75,0.0057254326552826995,0.5333333333333333,35,7,-0.0027096835151327317,0.3142857142857143,0.8248193892900476,-0.04676475204195141,-0.003906421229068762,,0.0,0.8
volume_breakout,0.5,0.0,0.0,0.75,0.35,1,75,0.0057254326552826995,0.5333333333333333,35,7,-0.0027096835151327317,0.3142857142857143,0.8248193892900476,-0.04676475204195141,-0.003906421229068762,,0.0,1.1
volume_breakout,0.5,0.0,-0.03,0.75,0.65,1,75,0.0057254326552826995,0.5333333333333333,35,7,-0.0027096835151327317,0.3142857142857143,0.8248193892900476,-0.04676475204195141,-0.003906421229068762,,0.0,0.8
volume_breakout,0.5,0.0,0.0,0.75,0.5,1,75,0.0057254326552826995,0.5333333333333333,35,7,-0.0027096835151327317,0.3142857142857143,0.8248193892900476,-0.04676475204195141,-0.003906421229068762,,0.0,0.8
volume_breakout,0.5,0.0,-0.03,0.75,0.35,1,75,0.0057254326552826995,0.5333333333333333,35,7,-0.0027096835151327317,0.3142857142857143,0.8248193892900476,-0.04676475204195141,-0.003906421229068762,,0.0,1.1
volume_breakout,0.5,0.0,0.0,0.75,0.35,1,75,0.0057254326552826995,0.5333333333333333,35,7,-0.0027096835151327317,0.3142857142857143,0.8248193892900476,-0.04676475204195141,-0.003906421229068762,,0.0,0.8
trend_pullback,0.4,0.03,0.03,0.75,0.65,1,80,-0.0007024297092118433,0.425,51,11,-0.002812883108187055,0.39215686274509803,0.8026228299821014,-0.04387359735249641,-0.003928435321266422,0.45,,
volume_breakout,0.5,-0.03,-0.03,1.0,0.65,2,75,-0.0016045506675187449,0.41333333333333333,35,7,-0.0033016950311771927,0.34285714285714286,0.8365990036006188,-0.027874944404657098,-0.003928793612416751,,-0.05,1.1
volume_breakout,0.5,0.0,-0.03,1.0,0.65,2,75,-0.0016045506675187449,0.41333333333333333,35,7,-0.0033016950311771927,0.34285714285714286,0.8365990036006188,-0.027874944404657098,-0.003928793612416751,,-0.05,1.1
volume_breakout,0.5,0.0,-0.03,1.0,0.65,2,75,-0.0016045506675187449,0.41333333333333333,35,7,-0.0033016950311771927,0.34285714285714286,0.8365990036006188,-0.027874944404657098,-0.003928793612416751,,-0.05,0.8
volume_breakout,0.5,-0.03,-0.03,1.0,0.65,2,75,-0.0016045506675187449,0.41333333333333333,35,7,-0.0033016950311771927,0.34285714285714286,0.8365990036006188,-0.027874944404657098,-0.003928793612416751,,-0.05,0.8
volume_breakout,0.5,0.03,-0.03,1.0,0.35,2,75,-0.0016045506675187449,0.41333333333333333,35,7,-0.0033016950311771927,0.34285714285714286,0.8365990036006188,-0.027874944404657098,-0.003928793612416751,,-0.05,0.8
volume_breakout,0.5,-0.03,-0.03,1.0,0.5,2,75,-0.0016045506675187449,0.41333333333333333,35,7,-0.0033016950311771927,0.34285714285714286,0.8365990036006188,-0.027874944404657098,-0.003928793612416751,,-0.05,1.1
volume_breakout,0.5,0.03,0.03,1.0,0.5,2,75,-0.0016045506675187449,0.41333333333333333,35,7,-0.0033016950311771927,0.34285714285714286,0.8365990036006188,-0.027874944404657098,-0.003928793612416751,,-0.05,0.8
volume_breakout,0.5,0.0,0.0,1.0,0.35,2,75,-0.0016045506675187449,0.41333333333333333,35,7,-0.0033016950311771927,0.34285714285714286,0.8365990036006188,-0.027874944404657098,-0.003928793612416751,,-0.05,1.1
volume_breakout,0.5,0.03,0.0,1.0,0.35,2,75,-0.0016045506675187449,0.41333333333333333,35,7,-0.0033016950311771927,0.34285714285714286,0.8365990036006188,-0.027874944404657098,-0.003928793612416751,,-0.05,0.8
volume_breakout,0.5,0.03,0.0,1.0,0.35,2,75,-0.0016045506675187449,0.41333333333333333,35,7,-0.0033016950311771927,0.34285714285714286,0.8365990036006188,-0.027874944404657098,-0.003928793612416751,,-0.05,1.1
volume_breakout,0.5,-0.03,0.0,1.0,0.5,2,75,-0.0016045506675187449,0.41333333333333333,35,7,-0.0033016950311771927,0.34285714285714286,0.8365990036006188,-0.027874944404657098,-0.003928793612416751,,-0.05,0.8
volume_breakout,0.5,0.03,0.03,1.0,0.35,2,75,-0.0016045506675187449,0.41333333333333333,35,7,-0.0033016950311771927,0.34285714285714286,0.8365990036006188,-0.027874944404657098,-0.003928793612416751,,-0.05,1.1
volume_breakout,0.5,0.03,0.0,1.0,0.65,2,75,-0.0016045506675187449,0.41333333333333333,35,7,-0.0033016950311771927,0.34285714285714286,0.8365990036006188,-0.027874944404657098,-0.003928793612416751,,-0.05,0.8
volume_breakout,0.5,0.03,-0.03,1.0,0.35,2,75,-0.0016045506675187449,0.41333333333333333,35,7,-0.0033016950311771927,0.34285714285714286,0.8365990036006188,-0.027874944404657098,-0.003928793612416751,,-0.05,1.1
volume_breakout,0.5,0.0,0.03,1.0,0.35,2,75,-0.0016045506675187449,0.41333333333333333,35,7,-0.0033016950311771927,0.34285714285714286,0.8365990036006188,-0.027874944404657098,-0.003928793612416751,,-0.05,0.8
volume_breakout,0.5,0.0,0.03,1.0,0.35,2,75,-0.0016045506675187449,0.41333333333333333,35,7,-0.0033016950311771927,0.34285714285714286,0.8365990036006188,-0.027874944404657098,-0.003928793612416751,,-0.05,1.1
volume_breakout,0.5,0.03,-0.03,1.0,0.65,2,75,-0.0016045506675187449,0.41333333333333333,35,7,-0.0033016950311771927,0.34285714285714286,0.8365990036006188,-0.027874944404657098,-0.003928793612416751,,-0.05,0.8
volume_breakout,0.5,0.0,0.0,1.0,0.5,2,75,-0.0016045506675187449,0.41333333333333333,35,7,-0.0033016950311771927,0.34285714285714286,0.8365990036006188,-0.027874944404657098,-0.003928793612416751,,-0.05,1.1
volume_breakout,0.5,-0.03,0.03,1.0,0.35,2,75,-0.0016045506675187449,0.41333333333333333,35,7,-0.0033016950311771927,0.34285714285714286,0.8365990036006188,-0.027874944404657098,-0.003928793612416751,,-0.05,1.1
volume_breakout,0.5,0.03,0.0,1.0,0.65,2,75,-0.0016045506675187449,0.41333333333333333,35,7,-0.0033016950311771927,0.34285714285714286,0.8365990036006188,-0.027874944404657098,-0.003928793612416751,,-0.05,1.1
volume_breakout,0.5,0.03,0.0,1.0,0.5,2,75,-0.0016045506675187449,0.41333333333333333,35,7,-0.0033016950311771927,0.34285714285714286,0.8365990036006188,-0.027874944404657098,-0.003928793612416751,,-0.05,1.1
volume_breakout,0.5,-0.03,0.0,1.0,0.5,2,75,-0.0016045506675187449,0.41333333333333333,35,7,-0.0033016950311771927,0.34285714285714286,0.8365990036006188,-0.027874944404657098,-0.003928793612416751,,-0.05,1.1
volume_breakout,0.5,-0.03,0.03,1.0,0.35,2,75,-0.0016045506675187449,0.41333333333333333,35,7,-0.0033016950311771927,0.34285714285714286,0.8365990036006188,-0.027874944404657098,-0.003928793612416751,,-0.05,0.8
volume_breakout,0.5,-0.03,0.03,1.0,0.5,2,75,-0.0016045506675187449,0.41333333333333333,35,7,-0.0033016950311771927,0.34285714285714286,0.8365990036006188,-0.027874944404657098,-0.003928793612416751,,-0.05,1.1
volume_breakout,0.5,-0.03,0.03,1.0,0.65,2,75,-0.0016045506675187449,0.41333333333333333,35,7,-0.0033016950311771927,0.34285714285714286,0.8365990036006188,-0.027874944404657098,-0.003928793612416751,,-0.05,0.8
volume_breakout,0.5,0.0,-0.03,1.0,0.5,2,75,-0.0016045506675187449,0.41333333333333333,35,7,-0.0033016950311771927,0.34285714285714286,0.8365990036006188,-0.027874944404657098,-0.003928793612416751,,-0.05,0.8
volume_breakout,0.5,0.0,-0.03,1.0,0.35,2,75,-0.0016045506675187449,0.41333333333333333,35,7,-0.0033016950311771927,0.34285714285714286,0.8365990036006188,-0.027874944404657098,-0.003928793612416751,,-0.05,0.8
volume_breakout,0.5,0.0,-0.03,1.0,0.35,2,75,-0.0016045506675187449,0.41333333333333333,35,7,-0.0033016950311771927,0.34285714285714286,0.8365990036006188,-0.027874944404657098,-0.003928793612416751,,-0.05,1.1
volume_breakout,0.5,-0.03,0.03,1.0,0.5,2,75,-0.0016045506675187449,0.41333333333333333,35,7,-0.0033016950311771927,0.34285714285714286,0.8365990036006188,-0.027874944404657098,-0.003928793612416751,,-0.05,0.8
volume_breakout,0.5,-0.03,-0.03,1.0,0.35,2,75,-0.0016045506675187449,0.41333333333333333,35,7,-0.0033016950311771927,0.34285714285714286,0.8365990036006188,-0.027874944404657098,-0.003928793612416751,,-0.05,0.8
volume_breakout,0.5,0.03,-0.03,1.0,0.5,2,75,-0.0016045506675187449,0.41333333333333333,35,7,-0.0033016950311771927,0.34285714285714286,0.8365990036006188,-0.027874944404657098,-0.003928793612416751,,-0.05,0.8
volume_breakout,0.5,-0.03,-0.03,1.0,0.35,2,75,-0.0016045506675187449,0.41333333333333333,35,7,-0.0033016950311771927,0.34285714285714286,0.8365990036006188,-0.027874944404657098,-0.003928793612416751,,-0.05,1.1
volume_breakout,0.5,-0.03,0.03,1.0,0.65,2,75,-0.0016045506675187449,0.41333333333333333,35,7,-0.0033016950311771927,0.34285714285714286,0.8365990036006188,-0.027874944404657098,-0.003928793612416751,,-0.05,1.1
volume_breakout,0.5,0.0,0.03,1.0,0.65,2,75,-0.0016045506675187449,0.41333333333333333,35,7,-0.0033016950311771927,0.34285714285714286,0.8365990036006188,-0.027874944404657098,-0.003928793612416751,,-0.05,1.1
volume_breakout,0.5,0.0,0.03,1.0,0.5,2,75,-0.0016045506675187449,0.41333333333333333,35,7,-0.0033016950311771927,0.34285714285714286,0.8365990036006188,-0.027874944404657098,-0.003928793612416751,,-0.05,0.8
volume_breakout,0.5,0.0,0.03,1.0,0.65,2,75,-0.0016045506675187449,0.41333333333333333,35,7,-0.0033016950311771927,0.34285714285714286,0.8365990036006188,-0.027874944404657098,-0.003928793612416751,,-0.05,0.8
volume_breakout,0.5,0.0,0.0,1.0,0.5,2,75,-0.0016045506675187449,0.41333333333333333,35,7,-0.0033016950311771927,0.34285714285714286,0.8365990036006188,-0.027874944404657098,-0.003928793612416751,,-0.05,0.8
volume_breakout,0.5,0.0,0.0,1.0,0.35,2,75,-0.0016045506675187449,0.41333333333333333,35,7,-0.0033016950311771927,0.34285714285714286,0.8365990036006188,-0.027874944404657098,-0.003928793612416751,,-0.05,0.8
volume_breakout,0.5,0.0,0.03,1.0,0.5,2,75,-0.0016045506675187449,0.41333333333333333,35,7,-0.0033016950311771927,0.34285714285714286,0.8365990036006188,-0.027874944404657098,-0.003928793612416751,,-0.05,1.1
volume_breakout,0.5,0.0,0.0,1.0,0.65,2,75,-0.0016045506675187449,0.41333333333333333,35,7,-0.0033016950311771927,0.34285714285714286,0.8365990036006188,-0.027874944404657098,-0.003928793612416751,,-0.05,1.1
volume_breakout,0.5,0.0,0.0,1.0,0.65,2,75,-0.0016045506675187449,0.41333333333333333,35,7,-0.0033016950311771927,0.34285714285714286,0.8365990036006188,-0.027874944404657098,-0.003928793612416751,,-0.05,0.8
volume_breakout,0.5,0.03,-0.03,1.0,0.65,2,75,-0.0016045506675187449,0.41333333333333333,35,7,-0.0033016950311771927,0.34285714285714286,0.8365990036006188,-0.027874944404657098,-0.003928793612416751,,-0.05,1.1
volume_breakout,0.5,0.0,-0.03,1.0,0.5,2,75,-0.0016045506675187449,0.41333333333333333,35,7,-0.0033016950311771927,0.34285714285714286,0.8365990036006188,-0.027874944404657098,-0.003928793612416751,,-0.05,1.1
volume_breakout,0.5,-0.03,-0.03,1.0,0.5,2,75,-0.0016045506675187449,0.41333333333333333,35,7,-0.0033016950311771927,0.34285714285714286,0.8365990036006188,-0.027874944404657098,-0.003928793612416751,,-0.05,0.8
volume_breakout,0.5,0.03,-0.03,1.0,0.5,2,75,-0.0016045506675187449,0.41333333333333333,35,7,-0.0033016950311771927,0.34285714285714286,0.8365990036006188,-0.027874944404657098,-0.003928793612416751,,-0.05,1.1
volume_breakout,0.5,0.03,0.03,1.0,0.35,2,75,-0.0016045506675187449,0.41333333333333333,35,7,-0.0033016950311771927,0.34285714285714286,0.8365990036006188,-0.027874944404657098,-0.003928793612416751,,-0.05,0.8
volume_breakout,0.5,0.03,0.0,1.0,0.5,2,75,-0.0016045506675187449,0.41333333333333333,35,7,-0.0033016950311771927,0.34285714285714286,0.8365990036006188,-0.027874944404657098,-0.003928793612416751,,-0.05,0.8
volume_breakout,0.5,-0.03,0.0,1.0,0.65,2,75,-0.0016045506675187449,0.41333333333333333,35,7,-0.0033016950311771927,0.34285714285714286,0.8365990036006188,-0.027874944404657098,-0.003928793612416751,,-0.05,1.1
volume_breakout,0.5,-0.03,0.0,1.0,0.65,2,75,-0.0016045506675187449,0.41333333333333333,35,7,-0.0033016950311771927,0.34285714285714286,0.8365990036006188,-0.027874944404657098,-0.003928793612416751,,-0.05,0.8
volume_breakout,0.5,0.03,0.03,1.0,0.65,2,75,-0.0016045506675187449,0.41333333333333333,35,7,-0.0033016950311771927,0.34285714285714286,0.8365990036006188,-0.027874944404657098,-0.003928793612416751,,-0.05,1.1
volume_breakout,0.5,0.03,0.03,1.0,0.65,2,75,-0.0016045506675187449,0.41333333333333333,35,7,-0.0033016950311771927,0.34285714285714286,0.8365990036006188,-0.027874944404657098,-0.003928793612416751,,-0.05,0.8
volume_breakout,0.5,-0.03,0.0,1.0,0.35,2,75,-0.0016045506675187449,0.41333333333333333,35,7,-0.0033016950311771927,0.34285714285714286,0.8365990036006188,-0.027874944404657098,-0.003928793612416751,,-0.05,0.8
volume_breakout,0.5,-0.03,0.0,1.0,0.35,2,75,-0.0016045506675187449,0.41333333333333333,35,7,-0.0033016950311771927,0.34285714285714286,0.8365990036006188,-0.027874944404657098,-0.003928793612416751,,-0.05,1.1
volume_breakout,0.5,0.03,0.03,1.0,0.5,2,75,-0.0016045506675187449,0.41333333333333333,35,7,-0.0033016950311771927,0.34285714285714286,0.8365990036006188,-0.027874944404657098,-0.003928793612416751,,-0.05,1.1
trend_pullback,0.3,0.0,-0.03,1.0,0.5,1,90,0.0002940476058881559,0.43333333333333335,90,18,-0.002426713573950716,0.36666666666666664,0.8561041823275232,-0.05729591803473688,-0.003931565069410942,0.7,,
trend_pullback,0.3,0.0,-0.03,1.0,0.35,1,90,0.0002940476058881559,0.43333333333333335,90,18,-0.002426713573950716,0.36666666666666664,0.8561041823275232,-0.05729591803473688,-0.003931565069410942,0.7,,
trend_pullback,0.4,-0.03,-0.03,0.75,0.65,1,80,-0.0019083053066072948,0.4,55,11,-0.00288830810799203,0.38181818181818183,0.7937929447615101,-0.04163785781291518,-0.003938995606189107,0.45,,
trend_pullback,0.4,-0.03,0.03,0.75,0.65,1,80,-0.0019083053066072948,0.4,55,11,-0.00288830810799203,0.38181818181818183,0.7937929447615101,-0.04163785781291518,-0.003938995606189107,0.45,,
trend_pullback,0.4,-0.03,0.0,0.75,0.65,1,80,-0.0019083053066072948,0.4,55,11,-0.00288830810799203,0.38181818181818183,0.7937929447615101,-0.04163785781291518,-0.003938995606189107,0.45,,
trend_pullback,0.4,0.0,-0.03,0.75,0.5,1,80,-0.0024936526098920664,0.4,54,11,-0.0030251241381449635,0.3888888888888889,0.7656334100730517,-0.036920010086796906,-0.003941316088230608,0.7,,
trend_pullback,0.4,-0.03,0.03,0.75,0.65,2,80,-0.00617223118659157,0.325,55,11,-0.0025817825660754447,0.34545454545454546,0.8554997894702305,-0.05289122884593134,-0.003954644484085827,0.7,,
trend_pullback,0.4,-0.03,0.0,0.75,0.65,2,80,-0.00617223118659157,0.325,55,11,-0.0025817825660754447,0.34545454545454546,0.8554997894702305,-0.05289122884593134,-0.003954644484085827,0.7,,
trend_pullback,0.4,-0.03,-0.03,0.75,0.65,2,80,-0.00617223118659157,0.325,55,11,-0.0025817825660754447,0.34545454545454546,0.8554997894702305,-0.05289122884593134,-0.003954644484085827,0.7,,
volume_breakout,0.5,-0.03,0.0,0.75,0.35,3,75,0.006534689091244865,0.4533333333333333,35,7,-0.0022690445117691787,0.37142857142857144,0.8857644448907919,-0.06380765746172545,-0.003961833124398245,,0.0,1.1
volume_breakout,0.5,-0.03,0.0,0.75,0.5,3,75,0.006534689091244865,0.4533333333333333,35,7,-0.0022690445117691787,0.37142857142857144,0.8857644448907919,-0.06380765746172545,-0.003961833124398245,,0.0,1.1
volume_breakout,0.5,0.0,-0.03,0.75,0.35,3,75,0.006534689091244865,0.4533333333333333,35,7,-0.0022690445117691787,0.37142857142857144,0.8857644448907919,-0.06380765746172545,-0.003961833124398245,,0.0,0.8
volume_breakout,0.5,-0.03,0.0,0.75,0.65,3,75,0.006534689091244865,0.4533333333333333,35,7,-0.0022690445117691787,0.37142857142857144,0.8857644448907919,-0.06380765746172545,-0.003961833124398245,,0.0,0.8
volume_breakout,0.5,-0.03,-0.03,0.75,0.65,3,75,0.006534689091244865,0.4533333333333333,35,7,-0.0022690445117691787,0.37142857142857144,0.8857644448907919,-0.06380765746172545,-0.003961833124398245,,0.0,0.8
volume_breakout,0.5,0.0,0.03,0.75,0.5,3,75,0.006534689091244865,0.4533333333333333,35,7,-0.0022690445117691787,0.37142857142857144,0.8857644448907919,-0.06380765746172545,-0.003961833124398245,,0.0,0.8
volume_breakout,0.5,0.0,0.03,0.75,0.35,3,75,0.006534689091244865,0.4533333333333333,35,7,-0.0022690445117691787,0.37142857142857144,0.8857644448907919,-0.06380765746172545,-0.003961833124398245,,0.0,1.1
volume_breakout,0.5,-0.03,0.0,0.75,0.35,3,75,0.006534689091244865,0.4533333333333333,35,7,-0.0022690445117691787,0.37142857142857144,0.8857644448907919,-0.06380765746172545,-0.003961833124398245,,0.0,0.8
volume_breakout,0.5,-0.03,0.03,0.75,0.5,3,75,0.006534689091244865,0.4533333333333333,35,7,-0.0022690445117691787,0.37142857142857144,0.8857644448907919,-0.06380765746172545,-0.003961833124398245,,0.0,0.8
volume_breakout,0.5,-0.03,0.03,0.75,0.35,3,75,0.006534689091244865,0.4533333333333333,35,7,-0.0022690445117691787,0.37142857142857144,0.8857644448907919,-0.06380765746172545,-0.003961833124398245,,0.0,1.1
volume_breakout,0.5,-0.03,0.03,0.75,0.65,3,75,0.006534689091244865,0.4533333333333333,35,7,-0.0022690445117691787,0.37142857142857144,0.8857644448907919,-0.06380765746172545,-0.003961833124398245,,0.0,0.8
volume_breakout,0.5,0.0,-0.03,0.75,0.35,3,75,0.006534689091244865,0.4533333333333333,35,7,-0.0022690445117691787,0.37142857142857144,0.8857644448907919,-0.06380765746172545,-0.003961833124398245,,0.0,1.1
volume_breakout,0.5,-0.03,0.03,0.75,0.65,3,75,0.006534689091244865,0.4533333333333333,35,7,-0.0022690445117691787,0.37142857142857144,0.8857644448907919,-0.06380765746172545,-0.003961833124398245,,0.0,1.1
volume_breakout,0.5,0.0,0.03,0.75,0.5,3,75,0.006534689091244865,0.4533333333333333,35,7,-0.0022690445117691787,0.37142857142857144,0.8857644448907919,-0.06380765746172545,-0.003961833124398245,,0.0,1.1
volume_breakout,0.5,0.0,0.03,0.75,0.65,3,75,0.006534689091244865,0.4533333333333333,35,7,-0.0022690445117691787,0.37142857142857144,0.8857644448907919,-0.06380765746172545,-0.003961833124398245,,0.0,0.8
volume_breakout,0.5,-0.03,-0.03,0.75,0.65,3,75,0.006534689091244865,0.4533333333333333,35,7,-0.0022690445117691787,0.37142857142857144,0.8857644448907919,-0.06380765746172545,-0.003961833124398245,,0.0,1.1
volume_breakout,0.5,0.0,0.0,0.75,0.35,3,75,0.006534689091244865,0.4533333333333333,35,7,-0.0022690445117691787,0.37142857142857144,0.8857644448907919,-0.06380765746172545,-0.003961833124398245,,0.0,0.8
volume_breakout,0.5,0.0,-0.03,0.75,0.65,3,75,0.006534689091244865,0.4533333333333333,35,7,-0.0022690445117691787,0.37142857142857144,0.8857644448907919,-0.06380765746172545,-0.003961833124398245,,0.0,1.1
volume_breakout,0.5,0.0,0.0,0.75,0.35,3,75,0.006534689091244865,0.4533333333333333,35,7,-0.0022690445117691787,0.37142857142857144,0.8857644448907919,-0.06380765746172545,-0.003961833124398245,,0.0,1.1
volume_breakout,0.5,-0.03,0.0,0.75,0.5,3,75,0.006534689091244865,0.4533333333333333,35,7,-0.0022690445117691787,0.37142857142857144,0.8857644448907919,-0.06380765746172545,-0.003961833124398245,,0.0,0.8
volume_breakout,0.5,0.0,0.03,0.75,0.65,3,75,0.006534689091244865,0.4533333333333333,35,7,-0.0022690445117691787,0.37142857142857144,0.8857644448907919,-0.06380765746172545,-0.003961833124398245,,0.0,1.1
volume_breakout,0.5,0.0,0.03,0.75,0.35,3,75,0.006534689091244865,0.4533333333333333,35,7,-0.0022690445117691787,0.37142857142857144,0.8857644448907919,-0.06380765746172545,-0.003961833124398245,,0.0,0.8
volume_breakout,0.5,-0.03,0.03,0.75,0.35,3,75,0.006534689091244865,0.4533333333333333,35,7,-0.0022690445117691787,0.37142857142857144,0.8857644448907919,-0.06380765746172545,-0.003961833124398245,,0.0,0.8
volume_breakout,0.5,-0.03,0.0,0.75,0.65,3,75,0.006534689091244865,0.4533333333333333,35,7,-0.0022690445117691787,0.37142857142857144,0.8857644448907919,-0.06380765746172545,-0.003961833124398245,,0.0,1.1
volume_breakout,0.5,-0.03,0.03,0.75,0.5,3,75,0.006534689091244865,0.4533333333333333,35,7,-0.0022690445117691787,0.37142857142857144,0.8857644448907919,-0.06380765746172545,-0.003961833124398245,,0.0,1.1
volume_breakout,0.5,-0.03,-0.03,0.75,0.35,3,75,0.006534689091244865,0.4533333333333333,35,7,-0.0022690445117691787,0.37142857142857144,0.8857644448907919,-0.06380765746172545,-0.003961833124398245,,0.0,0.8
volume_breakout,0.5,-0.03,-0.03,0.75,0.35,3,75,0.006534689091244865,0.4533333333333333,35,7,-0.0022690445117691787,0.37142857142857144,0.8857644448907919,-0.06380765746172545,-0.003961833124398245,,0.0,1.1
volume_breakout,0.5,0.0,0.0,0.75,0.65,3,75,0.006534689091244865,0.4533333333333333,35,7,-0.0022690445117691787,0.37142857142857144,0.8857644448907919,-0.06380765746172545,-0.003961833124398245,,0.0,1.1
volume_breakout,0.5,0.0,-0.03,0.75,0.65,3,75,0.006534689091244865,0.4533333333333333,35,7,-0.0022690445117691787,0.37142857142857144,0.8857644448907919,-0.06380765746172545,-0.003961833124398245,,0.0,0.8
volume_breakout,0.5,0.0,0.0,0.75,0.65,3,75,0.006534689091244865,0.4533333333333333,35,7,-0.0022690445117691787,0.37142857142857144,0.8857644448907919,-0.06380765746172545,-0.003961833124398245,,0.0,0.8
volume_breakout,0.5,0.0,0.0,0.75,0.5,3,75,0.006534689091244865,0.4533333333333333,35,7,-0.0022690445117691787,0.37142857142857144,0.8857644448907919,-0.06380765746172545,-0.003961833124398245,,0.0,1.1
volume_breakout,0.5,0.0,0.0,0.75,0.5,3,75,0.006534689091244865,0.4533333333333333,35,7,-0.0022690445117691787,0.37142857142857144,0.8857644448907919,-0.06380765746172545,-0.003961833124398245,,0.0,0.8
volume_breakout,0.5,0.0,-0.03,0.75,0.5,3,75,0.006534689091244865,0.4533333333333333,35,7,-0.0022690445117691787,0.37142857142857144,0.8857644448907919,-0.06380765746172545,-0.003961833124398245,,0.0,1.1
volume_breakout,0.5,-0.03,-0.03,0.75,0.5,3,75,0.006534689091244865,0.4533333333333333,35,7,-0.0022690445117691787,0.37142857142857144,0.8857644448907919,-0.06380765746172545,-0.003961833124398245,,0.0,0.8
volume_breakout,0.5,-0.03,-0.03,0.75,0.5,3,75,0.006534689091244865,0.4533333333333333,35,7,-0.0022690445117691787,0.37142857142857144,0.8857644448907919,-0.06380765746172545,-0.003961833124398245,,0.0,1.1
volume_breakout,0.5,0.0,-0.03,0.75,0.5,3,75,0.006534689091244865,0.4533333333333333,35,7,-0.0022690445117691787,0.37142857142857144,0.8857644448907919,-0.06380765746172545,-0.003961833124398245,,0.0,0.8
volume_breakout,0.3,0.03,0.03,0.75,0.65,2,90,0.004739356033130319,0.5,85,18,-0.002485043561310665,0.35294117647058826,0.8722049784748765,-0.05859454938963082,-0.00402482879838087,,-0.05,1.1
volume_breakout,0.3,0.03,0.03,0.75,0.65,2,90,0.004739356033130319,0.5,85,18,-0.002485043561310665,0.35294117647058826,0.8722049784748765,-0.05859454938963082,-0.00402482879838087,,-0.05,0.8
volume_breakout,0.3,0.03,0.0,0.75,0.5,2,90,0.004739356033130319,0.5,85,18,-0.002485043561310665,0.35294117647058826,0.8722049784748765,-0.05859454938963082,-0.00402482879838087,,-0.05,1.1
volume_breakout,0.3,0.03,0.0,0.75,0.35,2,90,0.004739356033130319,0.5,85,18,-0.002485043561310665,0.35294117647058826,0.8722049784748765,-0.05859454938963082,-0.00402482879838087,,-0.05,1.1
volume_breakout,0.3,0.03,0.0,0.75,0.65,2,90,0.004739356033130319,0.5,85,18,-0.002485043561310665,0.35294117647058826,0.8722049784748765,-0.05859454938963082,-0.00402482879838087,,-0.05,0.8
volume_breakout,0.3,0.03,0.0,0.75,0.5,2,90,0.004739356033130319,0.5,85,18,-0.002485043561310665,0.35294117647058826,0.8722049784748765,-0.05859454938963082,-0.00402482879838087,,-0.05,0.8
volume_breakout,0.3,0.03,-0.03,0.75,0.65,2,90,0.004739356033130319,0.5,85,18,-0.002485043561310665,0.35294117647058826,0.8722049784748765,-0.05859454938963082,-0.00402482879838087,,-0.05,0.8
volume_breakout,0.3,0.03,-0.03,0.75,0.35,2,90,0.004739356033130319,0.5,85,18,-0.002485043561310665,0.35294117647058826,0.8722049784748765,-0.05859454938963082,-0.00402482879838087,,-0.05,1.1
volume_breakout,0.3,0.03,-0.03,0.75,0.5,2,90,0.004739356033130319,0.5,85,18,-0.002485043561310665,0.35294117647058826,0.8722049784748765,-0.05859454938963082,-0.00402482879838087,,-0.05,1.1
volume_breakout,0.3,0.03,-0.03,0.75,0.5,2,90,0.004739356033130319,0.5,85,18,-0.002485043561310665,0.35294117647058826,0.8722049784748765,-0.05859454938963082,-0.00402482879838087,,-0.05,0.8
volume_breakout,0.3,0.03,0.03,0.75,0.35,2,90,0.004739356033130319,0.5,85,18,-0.002485043561310665,0.35294117647058826,0.8722049784748765,-0.05859454938963082,-0.00402482879838087,,-0.05,1.1
volume_breakout,0.3,0.03,-0.03,0.75,0.35,2,90,0.004739356033130319,0.5,85,18,-0.002485043561310665,0.35294117647058826,0.8722049784748765,-0.05859454938963082,-0.00402482879838087,,-0.05,0.8
volume_breakout,0.3,0.03,0.03,0.75,0.5,2,90,0.004739356033130319,0.5,85,18,-0.002485043561310665,0.35294117647058826,0.8722049784748765,-0.05859454938963082,-0.00402482879838087,,-0.05,1.1
volume_breakout,0.3,0.03,0.03,0.75,0.35,2,90,0.004739356033130319,0.5,85,18,-0.002485043561310665,0.35294117647058826,0.8722049784748765,-0.05859454938963082,-0.00402482879838087,,-0.05,0.8
volume_breakout,0.3,0.03,0.0,0.75,0.35,2,90,0.004739356033130319,0.5,85,18,-0.002485043561310665,0.35294117647058826,0.8722049784748765,-0.05859454938963082,-0.00402482879838087,,-0.05,0.8
volume_breakout,0.3,0.03,0.03,0.75,0.5,2,90,0.004739356033130319,0.5,85,18,-0.002485043561310665,0.35294117647058826,0.8722049784748765,-0.05859454938963082,-0.00402482879838087,,-0.05,0.8
volume_breakout,0.3,0.03,-0.03,0.75,0.65,2,90,0.004739356033130319,0.5,85,18,-0.002485043561310665,0.35294117647058826,0.8722049784748765,-0.05859454938963082,-0.00402482879838087,,-0.05,1.1
volume_breakout,0.3,0.03,0.0,0.75,0.65,2,90,0.004739356033130319,0.5,85,18,-0.002485043561310665,0.35294117647058826,0.8722049784748765,-0.05859454938963082,-0.00402482879838087,,-0.05,1.1
trend_pullback,0.4,0.0,-0.03,0.75,0.5,2,80,-0.005490789955153255,0.3375,54,11,-0.00290795805667827,0.35185185185185186,0.8364528739933644,-0.04500696710414376,-0.004049053851304241,0.7,,
trend_pullback,0.4,0.0,0.0,0.75,0.35,2,80,-0.005490789955153255,0.3375,54,11,-0.00290795805667827,0.35185185185185186,0.8364528739933644,-0.04500696710414376,-0.004049053851304241,0.7,,
trend_pullback,0.4,0.0,0.03,0.75,0.35,2,80,-0.005490789955153255,0.3375,54,11,-0.00290795805667827,0.35185185185185186,0.8364528739933644,-0.04500696710414376,-0.004049053851304241,0.7,,
flow_trend,0.4,0.0,0.0,1.0,0.65,1,80,-0.002420461764926828,0.4375,55,11,-0.0027593114912069874,0.41818181818181815,0.79928849227302,-0.05018749417485513,-0.0040651141933843865,,,
flow_trend,0.4,0.0,-0.03,1.0,0.35,1,80,-0.002256878255413087,0.4375,55,11,-0.0027593114912069874,0.41818181818181815,0.79928849227302,-0.05018749417485513,-0.0040651141933843865,,,
flow_trend,0.4,0.0,-0.03,1.0,0.5,1,80,-0.002256878255413087,0.4375,55,11,-0.0027593114912069874,0.41818181818181815,0.79928849227302,-0.05018749417485513,-0.0040651141933843865,,,
flow_trend,0.4,0.0,0.0,1.0,0.5,1,80,-0.002256878255413087,0.4375,55,11,-0.0027593114912069874,0.41818181818181815,0.79928849227302,-0.05018749417485513,-0.0040651141933843865,,,
flow_trend,0.4,0.0,0.03,1.0,0.5,1,80,-0.002256878255413087,0.4375,55,11,-0.0027593114912069874,0.41818181818181815,0.79928849227302,-0.05018749417485513,-0.0040651141933843865,,,
flow_trend,0.4,0.0,0.03,1.0,0.35,1,80,-0.002256878255413087,0.4375,55,11,-0.0027593114912069874,0.41818181818181815,0.79928849227302,-0.05018749417485513,-0.0040651141933843865,,,
flow_trend,0.4,0.0,-0.03,1.0,0.65,1,80,-0.002420461764926828,0.4375,55,11,-0.0027593114912069874,0.41818181818181815,0.79928849227302,-0.05018749417485513,-0.0040651141933843865,,,
flow_trend,0.4,0.0,0.03,1.0,0.65,1,80,-0.002420461764926828,0.4375,55,11,-0.0027593114912069874,0.41818181818181815,0.79928849227302,-0.05018749417485513,-0.0040651141933843865,,,
flow_trend,0.4,0.0,0.0,1.0,0.35,1,80,-0.002256878255413087,0.4375,55,11,-0.0027593114912069874,0.41818181818181815,0.79928849227302,-0.05018749417485513,-0.0040651141933843865,,,
trend_pullback,0.3,-0.03,0.03,1.0,0.5,2,90,-0.001819080337243882,0.36666666666666664,90,18,-0.0025672104484746865,0.32222222222222224,0.8664786472307473,-0.05810165498102393,-0.004093640436097718,0.7,,
trend_pullback,0.3,-0.03,0.03,1.0,0.35,2,90,-0.001819080337243882,0.36666666666666664,90,18,-0.0025672104484746865,0.32222222222222224,0.8664786472307473,-0.05810165498102393,-0.004093640436097718,0.7,,
trend_pullback,0.3,0.0,0.03,1.0,0.35,2,90,-0.0005896372137004877,0.37777777777777777,87,18,-0.0026619338412563,0.3218390804597701,0.8633717784341673,-0.05565634370752304,-0.004115781207873449,0.45,,
trend_pullback,0.3,0.0,0.03,1.0,0.5,2,90,-0.0005896372137004877,0.37777777777777777,87,18,-0.0026619338412563,0.3218390804597701,0.8633717784341673,-0.05565634370752304,-0.004115781207873449,0.45,,
trend_pullback,0.3,0.0,0.03,0.75,0.35,1,90,-0.00315193148465033,0.4,89,18,-0.0024915487992300997,0.4157303370786517,0.8202833993333235,-0.06106512038253942,-0.004118431560872951,0.7,,
trend_pullback,0.4,0.0,0.03,1.0,0.35,3,80,-0.00021940646634214001,0.375,53,11,-0.003165043720343001,0.32075471698113206,0.8406943079742044,-0.04141515138327534,-0.00419732468484771,0.45,,
trend_pullback,0.4,0.0,0.0,1.0,0.5,3,80,-0.00021940646634214001,0.375,53,11,-0.003165043720343001,0.32075471698113206,0.8406943079742044,-0.04141515138327534,-0.00419732468484771,0.45,,
trend_pullback,0.4,0.0,0.0,1.0,0.35,3,80,-0.00021940646634214001,0.375,53,11,-0.003165043720343001,0.32075471698113206,0.8406943079742044,-0.04141515138327534,-0.00419732468484771,0.45,,
trend_pullback,0.4,0.0,0.03,1.0,0.5,3,80,-0.00021940646634214001,0.375,53,11,-0.003165043720343001,0.32075471698113206,0.8406943079742044,-0.04141515138327534,-0.00419732468484771,0.45,,
volume_breakout,0.3,0.03,0.03,1.0,0.5,2,90,0.0027052658158049653,0.43333333333333335,86,18,-0.0019533517706278912,0.32558139534883723,0.9046285006435952,-0.08304235211908317,-0.004218465209039487,,0.0,0.8
volume_breakout,0.3,0.03,0.03,1.0,0.35,2,90,0.0027052658158049653,0.43333333333333335,86,18,-0.0019533517706278912,0.32558139534883723,0.9046285006435952,-0.08304235211908317,-0.004218465209039487,,0.0,0.8
volume_breakout,0.3,0.03,0.0,1.0,0.65,2,90,0.0027052658158049653,0.43333333333333335,86,18,-0.0019533517706278912,0.32558139534883723,0.9046285006435952,-0.08304235211908317,-0.004218465209039487,,0.0,0.8
volume_breakout,0.3,0.03,0.0,1.0,0.5,2,90,0.0027052658158049653,0.43333333333333335,86,18,-0.0019533517706278912,0.32558139534883723,0.9046285006435952,-0.08304235211908317,-0.004218465209039487,,0.0,0.8
volume_breakout,0.3,0.03,-0.03,1.0,0.35,2,90,0.0027052658158049653,0.43333333333333335,86,18,-0.0019533517706278912,0.32558139534883723,0.9046285006435952,-0.08304235211908317,-0.004218465209039487,,0.0,0.8
volume_breakout,0.3,0.03,0.03,1.0,0.65,2,90,0.0027052658158049653,0.43333333333333335,86,18,-0.0019533517706278912,0.32558139534883723,0.9046285006435952,-0.08304235211908317,-0.004218465209039487,,0.0,0.8
volume_breakout,0.3,0.03,0.0,1.0,0.35,2,90,0.0027052658158049653,0.43333333333333335,86,18,-0.0019533517706278912,0.32558139534883723,0.9046285006435952,-0.08304235211908317,-0.004218465209039487,,0.0,0.8
volume_breakout,0.3,0.03,-0.03,1.0,0.5,2,90,0.0027052658158049653,0.43333333333333335,86,18,-0.0019533517706278912,0.32558139534883723,0.9046285006435952,-0.08304235211908317,-0.004218465209039487,,0.0,0.8
volume_breakout,0.3,0.03,-0.03,1.0,0.65,2,90,0.0027052658158049653,0.43333333333333335,86,18,-0.0019533517706278912,0.32558139534883723,0.9046285006435952,-0.08304235211908317,-0.004218465209039487,,0.0,0.8
trend_pullback,0.3,0.0,0.03,0.75,0.5,1,90,-0.003601341428546636,0.3888888888888889,88,18,-0.0025114258643702675,0.42045454545454547,0.8207772240064702,-0.06398988447631404,-0.004225928092658071,0.7,,
trend_pullback,0.4,-0.03,0.0,0.75,0.35,2,80,-0.005784189764485917,0.3375,55,11,-0.002849223244249937,0.34545454545454546,0.834216361380974,-0.05289122884593134,-0.004227406019282633,0.45,,
trend_pullback,0.4,-0.03,-0.03,0.75,0.5,2,80,-0.005784189764485917,0.3375,55,11,-0.002849223244249937,0.34545454545454546,0.834216361380974,-0.05289122884593134,-0.004227406019282633,0.45,,
trend_pullback,0.4,-0.03,0.03,0.75,0.35,2,80,-0.005784189764485917,0.3375,55,11,-0.002849223244249937,0.34545454545454546,0.834216361380974,-0.05289122884593134,-0.004227406019282633,0.45,,
trend_pullback,0.4,-0.03,-0.03,0.75,0.35,2,80,-0.005784189764485917,0.3375,55,11,-0.002849223244249937,0.34545454545454546,0.834216361380974,-0.05289122884593134,-0.004227406019282633,0.45,,
trend_pullback,0.4,-0.03,0.0,0.75,0.5,2,80,-0.005784189764485917,0.3375,55,11,-0.002849223244249937,0.34545454545454546,0.834216361380974,-0.05289122884593134,-0.004227406019282633,0.45,,
trend_pullback,0.4,-0.03,0.03,0.75,0.5,2,80,-0.005784189764485917,0.3375,55,11,-0.002849223244249937,0.34545454545454546,0.834216361380974,-0.05289122884593134,-0.004227406019282633,0.45,,
trend_pullback,0.4,0.03,0.0,0.75,0.35,1,80,-0.0019810681044637153,0.4125,51,11,-0.0031162098280250097,0.39215686274509803,0.7627966701019577,-0.04356467437740397,-0.0042324508918216396,0.45,,
trend_pullback,0.4,0.03,-0.03,0.75,0.5,1,80,-0.0019810681044637153,0.4125,51,11,-0.0031162098280250097,0.39215686274509803,0.7627966701019577,-0.04356467437740397,-0.0042324508918216396,0.45,,
trend_pullback,0.4,0.03,0.0,0.75,0.5,1,80,-0.0019810681044637153,0.4125,51,11,-0.0031162098280250097,0.39215686274509803,0.7627966701019577,-0.04356467437740397,-0.0042324508918216396,0.45,,
trend_pullback,0.4,0.03,-0.03,0.75,0.35,1,80,-0.0019810681044637153,0.4125,51,11,-0.0031162098280250097,0.39215686274509803,0.7627966701019577,-0.04356467437740397,-0.0042324508918216396,0.45,,
trend_pullback,0.4,-0.03,0.03,0.75,0.5,1,80,-0.0031869437018591665,0.3875,55,11,-0.00319329632563693,0.38181818181818183,0.7538664925136719,-0.04163785781291507,-0.004253965436895964,0.45,,
trend_pullback,0.4,-0.03,-0.03,0.75,0.35,1,80,-0.0031869437018591665,0.3875,55,11,-0.00319329632563693,0.38181818181818183,0.7538664925136719,-0.04163785781291507,-0.004253965436895964,0.45,,
trend_pullback,0.4,-0.03,-0.03,0.75,0.5,1,80,-0.0031869437018591665,0.3875,55,11,-0.00319329632563693,0.38181818181818183,0.7538664925136719,-0.04163785781291507,-0.004253965436895964,0.45,,
trend_pullback,0.4,-0.03,0.03,0.75,0.35,1,80,-0.0031869437018591665,0.3875,55,11,-0.00319329632563693,0.38181818181818183,0.7538664925136719,-0.04163785781291507,-0.004253965436895964,0.45,,
trend_pullback,0.4,-0.03,0.0,0.75,0.5,1,80,-0.0031869437018591665,0.3875,55,11,-0.00319329632563693,0.38181818181818183,0.7538664925136719,-0.04163785781291507,-0.004253965436895964,0.45,,
trend_pullback,0.4,-0.03,0.0,0.75,0.35,1,80,-0.0031869437018591665,0.3875,55,11,-0.00319329632563693,0.38181818181818183,0.7538664925136719,-0.04163785781291507,-0.004253965436895964,0.45,,
trend_pullback,0.4,0.03,0.03,0.75,0.35,1,80,-0.0019810681044637153,0.4125,51,11,-0.003141791970353124,0.39215686274509803,0.7608493784621003,-0.04387359735249641,-0.00426778754631249,0.45,,
trend_pullback,0.4,0.03,0.03,0.75,0.5,1,80,-0.0019810681044637153,0.4125,51,11,-0.003141791970353124,0.39215686274509803,0.7608493784621003,-0.04387359735249641,-0.00426778754631249,0.45,,
trend_pullback,0.4,-0.03,0.03,0.75,0.5,3,80,-0.004138256382389502,0.3875,55,11,-0.002765840594441935,0.32727272727272727,0.8527990636295925,-0.05776136473600024,-0.004285481770614543,0.45,,
trend_pullback,0.4,-0.03,0.0,0.75,0.5,3,80,-0.004138256382389502,0.3875,55,11,-0.002765840594441935,0.32727272727272727,0.8527990636295925,-0.05776136473600024,-0.004285481770614543,0.45,,
trend_pullback,0.4,-0.03,-0.03,0.75,0.5,3,80,-0.004138256382389502,0.3875,55,11,-0.002765840594441935,0.32727272727272727,0.8527990636295925,-0.05776136473600024,-0.004285481770614543,0.45,,
trend_pullback,0.4,-0.03,0.0,0.75,0.35,3,80,-0.004138256382389502,0.3875,55,11,-0.002765840594441935,0.32727272727272727,0.8527990636295925,-0.05776136473600024,-0.004285481770614543,0.45,,
trend_pullback,0.4,-0.03,-0.03,0.75,0.35,3,80,-0.004138256382389502,0.3875,55,11,-0.002765840594441935,0.32727272727272727,0.8527990636295925,-0.05776136473600024,-0.004285481770614543,0.45,,
trend_pullback,0.4,-0.03,0.03,0.75,0.35,3,80,-0.004138256382389502,0.3875,55,11,-0.002765840594441935,0.32727272727272727,0.8527990636295925,-0.05776136473600024,-0.004285481770614543,0.45,,
trend_pullback,0.4,0.0,0.0,0.75,0.35,3,80,-0.0034230181560816414,0.3875,54,11,-0.0027808834079763806,0.3333333333333333,0.8544141991995,-0.05776136473600013,-0.00430012080025651,0.7,,
trend_pullback,0.4,0.0,-0.03,0.75,0.5,3,80,-0.0034230181560816414,0.3875,54,11,-0.0027808834079763806,0.3333333333333333,0.8544141991995,-0.05776136473600013,-0.00430012080025651,0.7,,
trend_pullback,0.4,0.0,0.03,0.75,0.35,3,80,-0.0034230181560816414,0.3875,54,11,-0.0027808834079763806,0.3333333333333333,0.8544141991995,-0.05776136473600013,-0.00430012080025651,0.7,,
trend_pullback,0.3,0.0,0.03,1.0,0.5,3,90,0.0005554349928810618,0.37777777777777777,87,18,-0.0026059026117682916,0.3218390804597701,0.8707711053690621,-0.06508004636037912,-0.0043406112262374,0.45,,
trend_pullback,0.3,0.0,0.03,1.0,0.35,3,90,0.0005554349928810618,0.37777777777777777,87,18,-0.0026059026117682916,0.3218390804597701,0.8707711053690621,-0.06508004636037912,-0.0043406112262374,0.45,,
trend_pullback,0.3,-0.03,-0.03,0.75,0.65,1,90,-0.004141611099707786,0.3888888888888889,90,18,-0.002495543675857369,0.4111111111111111,0.8304381739704099,-0.0686927981808304,-0.004348718077789679,0.7,,
trend_pullback,0.3,-0.03,0.0,0.75,0.65,1,90,-0.004141611099707786,0.3888888888888889,90,18,-0.002495543675857369,0.4111111111111111,0.8304381739704099,-0.0686927981808304,-0.004348718077789679,0.7,,
volume_breakout,0.5,-0.03,0.0,1.0,0.65,2,75,-3.368102103404246e-05,0.41333333333333333,35,7,-0.0032499095488827115,0.3142857142857143,0.844995113333339,-0.04466006224783703,-0.004378462637984488,,0.0,0.8
volume_breakout,0.5,0.0,-0.03,1.0,0.35,2,75,-3.368102103404246e-05,0.41333333333333333,35,7,-0.0032499095488827115,0.3142857142857143,0.844995113333339,-0.04466006224783703,-0.004378462637984488,,0.0,0.8
volume_breakout,0.5,0.0,-0.03,1.0,0.35,2,75,-3.368102103404246e-05,0.41333333333333333,35,7,-0.0032499095488827115,0.3142857142857143,0.844995113333339,-0.04466006224783703,-0.004378462637984488,,0.0,1.1
volume_breakout,0.5,0.0,-0.03,1.0,0.5,2,75,-3.368102103404246e-05,0.41333333333333333,35,7,-0.0032499095488827115,0.3142857142857143,0.844995113333339,-0.04466006224783703,-0.004378462637984488,,0.0,1.1
volume_breakout,0.5,0.03,0.0,1.0,0.5,2,75,-3.368102103404246e-05,0.41333333333333333,35,7,-0.0032499095488827115,0.3142857142857143,0.844995113333339,-0.04466006224783703,-0.004378462637984488,,0.0,1.1
volume_breakout,0.5,-0.03,0.03,1.0,0.5,2,75,-3.368102103404246e-05,0.41333333333333333,35,7,-0.0032499095488827115,0.3142857142857143,0.844995113333339,-0.04466006224783703,-0.004378462637984488,,0.0,1.1
volume_breakout,0.5,-0.03,-0.03,1.0,0.35,2,75,-3.368102103404246e-05,0.41333333333333333,35,7,-0.0032499095488827115,0.3142857142857143,0.844995113333339,-0.04466006224783703,-0.004378462637984488,,0.0,1.1
volume_breakout,0.5,0.0,0.03,1.0,0.65,2,75,-3.368102103404246e-05,0.41333333333333333,35,7,-0.0032499095488827115,0.3142857142857143,0.844995113333339,-0.04466006224783703,-0.004378462637984488,,0.0,0.8
volume_breakout,0.5,0.0,0.03,1.0,0.65,2,75,-3.368102103404246e-05,0.41333333333333333,35,7,-0.0032499095488827115,0.3142857142857143,0.844995113333339,-0.04466006224783703,-0.004378462637984488,,0.0,1.1
volume_breakout,0.5,-0.03,0.03,1.0,0.35,2,75,-3.368102103404246e-05,0.41333333333333333,35,7,-0.0032499095488827115,0.3142857142857143,0.844995113333339,-0.04466006224783703,-0.004378462637984488,,0.0,1.1
volume_breakout,0.5,0.0,0.0,1.0,0.35,2,75,-3.368102103404246e-05,0.41333333333333333,35,7,-0.0032499095488827115,0.3142857142857143,0.844995113333339,-0.04466006224783703,-0.004378462637984488,,0.0,0.8
volume_breakout,0.5,0.0,0.0,1.0,0.35,2,75,-3.368102103404246e-05,0.41333333333333333,35,7,-0.0032499095488827115,0.3142857142857143,0.844995113333339,-0.04466006224783703,-0.004378462637984488,,0.0,1.1
volume_breakout,0.5,-0.03,-0.03,1.0,0.65,2,75,-3.368102103404246e-05,0.41333333333333333,35,7,-0.0032499095488827115,0.3142857142857143,0.844995113333339,-0.04466006224783703,-0.004378462637984488,,0.0,0.8
volume_breakout,0.5,0.03,-0.03,1.0,0.35,2,75,-3.368102103404246e-05,0.41333333333333333,35,7,-0.0032499095488827115,0.3142857142857143,0.844995113333339,-0.04466006224783703,-0.004378462637984488,,0.0,1.1
volume_breakout,0.5,0.0,-0.03,1.0,0.65,2,75,-3.368102103404246e-05,0.41333333333333333,35,7,-0.0032499095488827115,0.3142857142857143,0.844995113333339,-0.04466006224783703,-0.004378462637984488,,0.0,1.1
volume_breakout,0.5,0.0,-0.03,1.0,0.65,2,75,-3.368102103404246e-05,0.41333333333333333,35,7,-0.0032499095488827115,0.3142857142857143,0.844995113333339,-0.04466006224783703,-0.004378462637984488,,0.0,0.8
volume_breakout,0.5,-0.03,-0.03,1.0,0.65,2,75,-3.368102103404246e-05,0.41333333333333333,35,7,-0.0032499095488827115,0.3142857142857143,0.844995113333339,-0.04466006224783703,-0.004378462637984488,,0.0,1.1
volume_breakout,0.5,-0.03,0.03,1.0,0.35,2,75,-3.368102103404246e-05,0.41333333333333333,35,7,-0.0032499095488827115,0.3142857142857143,0.844995113333339,-0.04466006224783703,-0.004378462637984488,,0.0,0.8
volume_breakout,0.5,0.03,-0.03,1.0,0.35,2,75,-3.368102103404246e-05,0.41333333333333333,35,7,-0.0032499095488827115,0.3142857142857143,0.844995113333339,-0.04466006224783703,-0.004378462637984488,,0.0,0.8
volume_breakout,0.5,0.0,0.0,1.0,0.5,2,75,-3.368102103404246e-05,0.41333333333333333,35,7,-0.0032499095488827115,0.3142857142857143,0.844995113333339,-0.04466006224783703,-0.004378462637984488,,0.0,1.1
volume_breakout,0.5,-0.03,0.03,1.0,0.5,2,75,-3.368102103404246e-05,0.41333333333333333,35,7,-0.0032499095488827115,0.3142857142857143,0.844995113333339,-0.04466006224783703,-0.004378462637984488,,0.0,0.8
volume_breakout,0.5,-0.03,-0.03,1.0,0.5,2,75,-3.368102103404246e-05,0.41333333333333333,35,7,-0.0032499095488827115,0.3142857142857143,0.844995113333339,-0.04466006224783703,-0.004378462637984488,,0.0,1.1
volume_breakout,0.5,0.0,-0.03,1.0,0.5,2,75,-3.368102103404246e-05,0.41333333333333333,35,7,-0.0032499095488827115,0.3142857142857143,0.844995113333339,-0.04466006224783703,-0.004378462637984488,,0.0,0.8
volume_breakout,0.5,-0.03,-0.03,1.0,0.35,2,75,-3.368102103404246e-05,0.41333333333333333,35,7,-0.0032499095488827115,0.3142857142857143,0.844995113333339,-0.04466006224783703,-0.004378462637984488,,0.0,0.8
volume_breakout,0.5,0.03,-0.03,1.0,0.5,2,75,-3.368102103404246e-05,0.41333333333333333,35,7,-0.0032499095488827115,0.3142857142857143,0.844995113333339,-0.04466006224783703,-0.004378462637984488,,0.0,1.1
volume_breakout,0.5,-0.03,0.0,1.0,0.35,2,75,-3.368102103404246e-05,0.41333333333333333,35,7,-0.0032499095488827115,0.3142857142857143,0.844995113333339,-0.04466006224783703,-0.004378462637984488,,0.0,0.8
volume_breakout,0.5,0.03,0.0,1.0,0.65,2,75,-3.368102103404246e-05,0.41333333333333333,35,7,-0.0032499095488827115,0.3142857142857143,0.844995113333339,-0.04466006224783703,-0.004378462637984488,,0.0,0.8
volume_breakout,0.5,0.03,0.03,1.0,0.65,2,75,-3.368102103404246e-05,0.41333333333333333,35,7,-0.0032499095488827115,0.3142857142857143,0.844995113333339,-0.04466006224783703,-0.004378462637984488,,0.0,1.1
volume_breakout,0.5,0.03,0.0,1.0,0.65,2,75,-3.368102103404246e-05,0.41333333333333333,35,7,-0.0032499095488827115,0.3142857142857143,0.844995113333339,-0.04466006224783703,-0.004378462637984488,,0.0,1.1
volume_breakout,0.5,0.03,0.03,1.0,0.65,2,75,-3.368102103404246e-05,0.41333333333333333,35,7,-0.0032499095488827115,0.3142857142857143,0.844995113333339,-0.04466006224783703,-0.004378462637984488,,0.0,0.8
volume_breakout,0.5,0.03,-0.03,1.0,0.65,2,75,-3.368102103404246e-05,0.41333333333333333,35,7,-0.0032499095488827115,0.3142857142857143,0.844995113333339,-0.04466006224783703,-0.004378462637984488,,0.0,1.1
volume_breakout,0.5,0.0,0.03,1.0,0.35,2,75,-3.368102103404246e-05,0.41333333333333333,35,7,-0.0032499095488827115,0.3142857142857143,0.844995113333339,-0.04466006224783703,-0.004378462637984488,,0.0,0.8
volume_breakout,0.5,0.0,0.03,1.0,0.5,2,75,-3.368102103404246e-05,0.41333333333333333,35,7,-0.0032499095488827115,0.3142857142857143,0.844995113333339,-0.04466006224783703,-0.004378462637984488,,0.0,1.1
volume_breakout,0.5,-0.03,0.0,1.0,0.35,2,75,-3.368102103404246e-05,0.41333333333333333,35,7,-0.0032499095488827115,0.3142857142857143,0.844995113333339,-0.04466006224783703,-0.004378462637984488,,0.0,1.1
volume_breakout,0.5,0.0,0.0,1.0,0.65,2,75,-3.368102103404246e-05,0.41333333333333333,35,7,-0.0032499095488827115,0.3142857142857143,0.844995113333339,-0.04466006224783703,-0.004378462637984488,,0.0,1.1
volume_breakout,0.5,0.0,0.0,1.0,0.65,2,75,-3.368102103404246e-05,0.41333333333333333,35,7,-0.0032499095488827115,0.3142857142857143,0.844995113333339,-0.04466006224783703,-0.004378462637984488,,0.0,0.8
volume_breakout,0.5,-0.03,0.0,1.0,0.5,2,75,-3.368102103404246e-05,0.41333333333333333,35,7,-0.0032499095488827115,0.3142857142857143,0.844995113333339,-0.04466006224783703,-0.004378462637984488,,0.0,0.8
volume_breakout,0.5,0.03,-0.03,1.0,0.65,2,75,-3.368102103404246e-05,0.41333333333333333,35,7,-0.0032499095488827115,0.3142857142857143,0.844995113333339,-0.04466006224783703,-0.004378462637984488,,0.0,0.8
volume_breakout,0.5,0.0,0.03,1.0,0.35,2,75,-3.368102103404246e-05,0.41333333333333333,35,7,-0.0032499095488827115,0.3142857142857143,0.844995113333339,-0.04466006224783703,-0.004378462637984488,,0.0,1.1
volume_breakout,0.5,0.0,0.0,1.0,0.5,2,75,-3.368102103404246e-05,0.41333333333333333,35,7,-0.0032499095488827115,0.3142857142857143,0.844995113333339,-0.04466006224783703,-0.004378462637984488,,0.0,0.8
volume_breakout,0.5,-0.03,0.0,1.0,0.5,2,75,-3.368102103404246e-05,0.41333333333333333,35,7,-0.0032499095488827115,0.3142857142857143,0.844995113333339,-0.04466006224783703,-0.004378462637984488,,0.0,1.1
volume_breakout,0.5,0.0,0.03,1.0,0.5,2,75,-3.368102103404246e-05,0.41333333333333333,35,7,-0.0032499095488827115,0.3142857142857143,0.844995113333339,-0.04466006224783703,-0.004378462637984488,,0.0,0.8
volume_breakout,0.5,-0.03,0.03,1.0,0.65,2,75,-3.368102103404246e-05,0.41333333333333333,35,7,-0.0032499095488827115,0.3142857142857143,0.844995113333339,-0.04466006224783703,-0.004378462637984488,,0.0,1.1
volume_breakout,0.5,0.03,0.0,1.0,0.35,2,75,-3.368102103404246e-05,0.41333333333333333,35,7,-0.0032499095488827115,0.3142857142857143,0.844995113333339,-0.04466006224783703,-0.004378462637984488,,0.0,0.8
volume_breakout,0.5,0.03,0.0,1.0,0.5,2,75,-3.368102103404246e-05,0.41333333333333333,35,7,-0.0032499095488827115,0.3142857142857143,0.844995113333339,-0.04466006224783703,-0.004378462637984488,,0.0,0.8
volume_breakout,0.5,0.03,0.03,1.0,0.35,2,75,-3.368102103404246e-05,0.41333333333333333,35,7,-0.0032499095488827115,0.3142857142857143,0.844995113333339,-0.04466006224783703,-0.004378462637984488,,0.0,0.8
volume_breakout,0.5,-0.03,0.03,1.0,0.65,2,75,-3.368102103404246e-05,0.41333333333333333,35,7,-0.0032499095488827115,0.3142857142857143,0.844995113333339,-0.04466006224783703,-0.004378462637984488,,0.0,0.8
volume_breakout,0.5,-0.03,-0.03,1.0,0.5,2,75,-3.368102103404246e-05,0.41333333333333333,35,7,-0.0032499095488827115,0.3142857142857143,0.844995113333339,-0.04466006224783703,-0.004378462637984488,,0.0,0.8
volume_breakout,0.5,0.03,-0.03,1.0,0.5,2,75,-3.368102103404246e-05,0.41333333333333333,35,7,-0.0032499095488827115,0.3142857142857143,0.844995113333339,-0.04466006224783703,-0.004378462637984488,,0.0,0.8
volume_breakout,0.5,0.03,0.0,1.0,0.35,2,75,-3.368102103404246e-05,0.41333333333333333,35,7,-0.0032499095488827115,0.3142857142857143,0.844995113333339,-0.04466006224783703,-0.004378462637984488,,0.0,1.1
volume_breakout,0.5,0.03,0.03,1.0,0.35,2,75,-3.368102103404246e-05,0.41333333333333333,35,7,-0.0032499095488827115,0.3142857142857143,0.844995113333339,-0.04466006224783703,-0.004378462637984488,,0.0,1.1
volume_breakout,0.5,-0.03,0.0,1.0,0.65,2,75,-3.368102103404246e-05,0.41333333333333333,35,7,-0.0032499095488827115,0.3142857142857143,0.844995113333339,-0.04466006224783703,-0.004378462637984488,,0.0,1.1
volume_breakout,0.5,0.03,0.03,1.0,0.5,2,75,-3.368102103404246e-05,0.41333333333333333,35,7,-0.0032499095488827115,0.3142857142857143,0.844995113333339,-0.04466006224783703,-0.004378462637984488,,0.0,0.8
volume_breakout,0.5,0.03,0.03,1.0,0.5,2,75,-3.368102103404246e-05,0.41333333333333333,35,7,-0.0032499095488827115,0.3142857142857143,0.844995113333339,-0.04466006224783703,-0.004378462637984488,,0.0,1.1
trend_pullback,0.3,0.0,0.0,0.75,0.35,1,90,-0.0030757519205252925,0.4,89,18,-0.002666547247628289,0.4044943820224719,0.8124635559163842,-0.06384874614153757,-0.00437889374289532,0.7,,
trend_pullback,0.4,0.0,0.03,1.0,0.65,2,80,-0.002672414019605172,0.3625,54,11,-0.0036262204184480573,0.3148148148148148,0.8162307543070297,-0.03318420362838781,-0.004417688838722934,0.7,,
trend_pullback,0.4,0.0,0.0,1.0,0.65,2,80,-0.002672414019605172,0.3625,54,11,-0.0036262204184480573,0.3148148148148148,0.8162307543070297,-0.03318420362838781,-0.004417688838722934,0.7,,
trend_pullback,0.4,0.0,-0.03,1.0,0.65,2,80,-0.002672414019605172,0.3625,54,11,-0.0036262204184480573,0.3148148148148148,0.8162307543070297,-0.03318420362838781,-0.004417688838722934,0.7,,
volume_breakout,0.3,0.0,0.0,1.0,0.5,3,90,0.004373331377396536,0.43333333333333335,90,18,-0.002024809424809413,0.3333333333333333,0.9031139905192739,-0.0875361056103422,-0.004425114095489861,,0.0,1.1
volume_breakout,0.3,0.0,0.03,1.0,0.35,3,90,0.004373331377396536,0.43333333333333335,90,18,-0.002024809424809413,0.3333333333333333,0.9031139905192739,-0.0875361056103422,-0.004425114095489861,,0.0,1.1
volume_breakout,0.3,0.0,0.0,1.0,0.65,3,90,0.004373331377396536,0.43333333333333335,90,18,-0.002024809424809413,0.3333333333333333,0.9031139905192739,-0.0875361056103422,-0.004425114095489861,,0.0,1.1
volume_breakout,0.3,0.0,0.03,1.0,0.35,3,90,0.004373331377396536,0.43333333333333335,90,18,-0.002024809424809413,0.3333333333333333,0.9031139905192739,-0.0875361056103422,-0.004425114095489861,,0.0,0.8
volume_breakout,0.3,0.0,0.0,1.0,0.5,3,90,0.004373331377396536,0.43333333333333335,90,18,-0.002024809424809413,0.3333333333333333,0.9031139905192739,-0.0875361056103422,-0.004425114095489861,,0.0,0.8
volume_breakout,0.3,0.0,0.0,1.0,0.65,3,90,0.004373331377396536,0.43333333333333335,90,18,-0.002024809424809413,0.3333333333333333,0.9031139905192739,-0.0875361056103422,-0.004425114095489861,,0.0,0.8
volume_breakout,0.3,0.0,0.03,1.0,0.5,3,90,0.004373331377396536,0.43333333333333335,90,18,-0.002024809424809413,0.3333333333333333,0.9031139905192739,-0.0875361056103422,-0.004425114095489861,,0.0,0.8
volume_breakout,0.3,0.0,-0.03,1.0,0.35,3,90,0.004373331377396536,0.43333333333333335,90,18,-0.002024809424809413,0.3333333333333333,0.9031139905192739,-0.0875361056103422,-0.004425114095489861,,0.0,1.1
volume_breakout,0.3,0.0,-0.03,1.0,0.65,3,90,0.004373331377396536,0.43333333333333335,90,18,-0.002024809424809413,0.3333333333333333,0.9031139905192739,-0.0875361056103422,-0.004425114095489861,,0.0,0.8
volume_breakout,0.3,0.0,-0.03,1.0,0.5,3,90,0.004373331377396536,0.43333333333333335,90,18,-0.002024809424809413,0.3333333333333333,0.9031139905192739,-0.0875361056103422,-0.004425114095489861,,0.0,1.1
volume_breakout,0.3,0.0,-0.03,1.0,0.35,3,90,0.004373331377396536,0.43333333333333335,90,18,-0.002024809424809413,0.3333333333333333,0.9031139905192739,-0.0875361056103422,-0.004425114095489861,,0.0,0.8
volume_breakout,0.3,0.0,-0.03,1.0,0.5,3,90,0.004373331377396536,0.43333333333333335,90,18,-0.002024809424809413,0.3333333333333333,0.9031139905192739,-0.0875361056103422,-0.004425114095489861,,0.0,0.8
volume_breakout,0.3,0.0,-0.03,1.0,0.65,3,90,0.004373331377396536,0.43333333333333335,90,18,-0.002024809424809413,0.3333333333333333,0.9031139905192739,-0.0875361056103422,-0.004425114095489861,,0.0,1.1
volume_breakout,0.3,0.0,0.03,1.0,0.65,3,90,0.004373331377396536,0.43333333333333335,90,18,-0.002024809424809413,0.3333333333333333,0.9031139905192739,-0.0875361056103422,-0.004425114095489861,,0.0,1.1
volume_breakout,0.3,0.0,0.0,1.0,0.35,3,90,0.004373331377396536,0.43333333333333335,90,18,-0.002024809424809413,0.3333333333333333,0.9031139905192739,-0.0875361056103422,-0.004425114095489861,,0.0,1.1
volume_breakout,0.3,0.0,0.03,1.0,0.5,3,90,0.004373331377396536,0.43333333333333335,90,18,-0.002024809424809413,0.3333333333333333,0.9031139905192739,-0.0875361056103422,-0.004425114095489861,,0.0,1.1
volume_breakout,0.3,0.0,0.0,1.0,0.35,3,90,0.004373331377396536,0.43333333333333335,90,18,-0.002024809424809413,0.3333333333333333,0.9031139905192739,-0.0875361056103422,-0.004425114095489861,,0.0,0.8
volume_breakout,0.3,0.0,0.03,1.0,0.65,3,90,0.004373331377396536,0.43333333333333335,90,18,-0.002024809424809413,0.3333333333333333,0.9031139905192739,-0.0875361056103422,-0.004425114095489861,,0.0,0.8
volume_breakout,0.5,0.03,-0.03,1.0,0.35,1,75,-3.876161870092426e-05,0.4,35,7,-0.003366024001757882,0.3142857142857143,0.8024172573390379,-0.0431120662484199,-0.00445878167487572,,0.0,0.8
volume_breakout,0.5,-0.03,0.03,1.0,0.35,1,75,-3.876161870092426e-05,0.4,35,7,-0.003366024001757882,0.3142857142857143,0.8024172573390379,-0.0431120662484199,-0.00445878167487572,,0.0,1.1
volume_breakout,0.5,-0.03,-0.03,1.0,0.65,1,75,-3.876161870092426e-05,0.4,35,7,-0.003366024001757882,0.3142857142857143,0.8024172573390379,-0.0431120662484199,-0.00445878167487572,,0.0,1.1
volume_breakout,0.5,-0.03,0.0,1.0,0.5,1,75,-3.876161870092426e-05,0.4,35,7,-0.003366024001757882,0.3142857142857143,0.8024172573390379,-0.0431120662484199,-0.00445878167487572,,0.0,0.8
volume_breakout,0.5,0.0,0.0,1.0,0.35,1,75,-3.876161870092426e-05,0.4,35,7,-0.003366024001757882,0.3142857142857143,0.8024172573390379,-0.0431120662484199,-0.00445878167487572,,0.0,0.8
volume_breakout,0.5,0.0,0.0,1.0,0.65,1,75,-3.876161870092426e-05,0.4,35,7,-0.003366024001757882,0.3142857142857143,0.8024172573390379,-0.0431120662484199,-0.00445878167487572,,0.0,1.1
volume_breakout,0.5,-0.03,0.0,1.0,0.35,1,75,-3.876161870092426e-05,0.4,35,7,-0.003366024001757882,0.3142857142857143,0.8024172573390379,-0.0431120662484199,-0.00445878167487572,,0.0,1.1
volume_breakout,0.5,0.0,0.03,1.0,0.35,1,75,-3.876161870092426e-05,0.4,35,7,-0.003366024001757882,0.3142857142857143,0.8024172573390379,-0.0431120662484199,-0.00445878167487572,,0.0,1.1
volume_breakout,0.5,0.03,-0.03,1.0,0.35,1,75,-3.876161870092426e-05,0.4,35,7,-0.003366024001757882,0.3142857142857143,0.8024172573390379,-0.0431120662484199,-0.00445878167487572,,0.0,1.1
volume_breakout,0.5,0.0,-0.03,1.0,0.65,1,75,-3.876161870092426e-05,0.4,35,7,-0.003366024001757882,0.3142857142857143,0.8024172573390379,-0.0431120662484199,-0.00445878167487572,,0.0,0.8
volume_breakout,0.5,0.0,-0.03,1.0,0.65,1,75,-3.876161870092426e-05,0.4,35,7,-0.003366024001757882,0.3142857142857143,0.8024172573390379,-0.0431120662484199,-0.00445878167487572,,0.0,1.1
volume_breakout,0.5,0.03,0.0,1.0,0.65,1,75,-3.876161870092426e-05,0.4,35,7,-0.003366024001757882,0.3142857142857143,0.8024172573390379,-0.0431120662484199,-0.00445878167487572,,0.0,0.8
volume_breakout,0.5,0.03,0.0,1.0,0.5,1,75,-3.876161870092426e-05,0.4,35,7,-0.003366024001757882,0.3142857142857143,0.8024172573390379,-0.0431120662484199,-0.00445878167487572,,0.0,0.8
volume_breakout,0.5,0.03,0.03,1.0,0.35,1,75,-3.876161870092426e-05,0.4,35,7,-0.003366024001757882,0.3142857142857143,0.8024172573390379,-0.0431120662484199,-0.00445878167487572,,0.0,0.8
volume_breakout,0.5,0.03,0.03,1.0,0.65,1,75,-3.876161870092426e-05,0.4,35,7,-0.003366024001757882,0.3142857142857143,0.8024172573390379,-0.0431120662484199,-0.00445878167487572,,0.0,1.1
volume_breakout,0.5,0.03,0.0,1.0,0.65,1,75,-3.876161870092426e-05,0.4,35,7,-0.003366024001757882,0.3142857142857143,0.8024172573390379,-0.0431120662484199,-0.00445878167487572,,0.0,1.1
volume_breakout,0.5,0.03,0.0,1.0,0.35,1,75,-3.876161870092426e-05,0.4,35,7,-0.003366024001757882,0.3142857142857143,0.8024172573390379,-0.0431120662484199,-0.00445878167487572,,0.0,0.8
volume_breakout,0.5,-0.03,0.0,1.0,0.35,1,75,-3.876161870092426e-05,0.4,35,7,-0.003366024001757882,0.3142857142857143,0.8024172573390379,-0.0431120662484199,-0.00445878167487572,,0.0,0.8
volume_breakout,0.5,0.0,0.0,1.0,0.5,1,75,-3.876161870092426e-05,0.4,35,7,-0.003366024001757882,0.3142857142857143,0.8024172573390379,-0.0431120662484199,-0.00445878167487572,,0.0,0.8
volume_breakout,0.5,0.0,0.03,1.0,0.35,1,75,-3.876161870092426e-05,0.4,35,7,-0.003366024001757882,0.3142857142857143,0.8024172573390379,-0.0431120662484199,-0.00445878167487572,,0.0,0.8
volume_breakout,0.5,0.0,0.0,1.0,0.35,1,75,-3.876161870092426e-05,0.4,35,7,-0.003366024001757882,0.3142857142857143,0.8024172573390379,-0.0431120662484199,-0.00445878167487572,,0.0,1.1
volume_breakout,0.5,0.0,0.0,1.0,0.5,1,75,-3.876161870092426e-05,0.4,35,7,-0.003366024001757882,0.3142857142857143,0.8024172573390379,-0.0431120662484199,-0.00445878167487572,,0.0,1.1
volume_breakout,0.5,0.0,0.0,1.0,0.65,1,75,-3.876161870092426e-05,0.4,35,7,-0.003366024001757882,0.3142857142857143,0.8024172573390379,-0.0431120662484199,-0.00445878167487572,,0.0,0.8
volume_breakout,0.5,0.03,-0.03,1.0,0.5,1,75,-3.876161870092426e-05,0.4,35,7,-0.003366024001757882,0.3142857142857143,0.8024172573390379,-0.0431120662484199,-0.00445878167487572,,0.0,0.8
volume_breakout,0.5,0.0,0.03,1.0,0.5,1,75,-3.876161870092426e-05,0.4,35,7,-0.003366024001757882,0.3142857142857143,0.8024172573390379,-0.0431120662484199,-0.00445878167487572,,0.0,1.1
volume_breakout,0.5,0.03,-0.03,1.0,0.65,1,75,-3.876161870092426e-05,0.4,35,7,-0.003366024001757882,0.3142857142857143,0.8024172573390379,-0.0431120662484199,-0.00445878167487572,,0.0,1.1
volume_breakout,0.5,-0.03,0.0,1.0,0.5,1,75,-3.876161870092426e-05,0.4,35,7,-0.003366024001757882,0.3142857142857143,0.8024172573390379,-0.0431120662484199,-0.00445878167487572,,0.0,1.1
volume_breakout,0.5,-0.03,-0.03,1.0,0.65,1,75,-3.876161870092426e-05,0.4,35,7,-0.003366024001757882,0.3142857142857143,0.8024172573390379,-0.0431120662484199,-0.00445878167487572,,0.0,0.8
volume_breakout,0.5,-0.03,-0.03,1.0,0.35,1,75,-3.876161870092426e-05,0.4,35,7,-0.003366024001757882,0.3142857142857143,0.8024172573390379,-0.0431120662484199,-0.00445878167487572,,0.0,0.8
volume_breakout,0.5,0.03,0.03,1.0,0.35,1,75,-3.876161870092426e-05,0.4,35,7,-0.003366024001757882,0.3142857142857143,0.8024172573390379,-0.0431120662484199,-0.00445878167487572,,0.0,1.1
volume_breakout,0.5,0.0,0.03,1.0,0.65,1,75,-3.876161870092426e-05,0.4,35,7,-0.003366024001757882,0.3142857142857143,0.8024172573390379,-0.0431120662484199,-0.00445878167487572,,0.0,1.1
volume_breakout,0.5,0.0,-0.03,1.0,0.35,1,75,-3.876161870092426e-05,0.4,35,7,-0.003366024001757882,0.3142857142857143,0.8024172573390379,-0.0431120662484199,-0.00445878167487572,,0.0,0.8
volume_breakout,0.5,0.0,0.03,1.0,0.65,1,75,-3.876161870092426e-05,0.4,35,7,-0.003366024001757882,0.3142857142857143,0.8024172573390379,-0.0431120662484199,-0.00445878167487572,,0.0,0.8
volume_breakout,0.5,0.03,-0.03,1.0,0.5,1,75,-3.876161870092426e-05,0.4,35,7,-0.003366024001757882,0.3142857142857143,0.8024172573390379,-0.0431120662484199,-0.00445878167487572,,0.0,1.1
volume_breakout,0.5,-0.03,0.03,1.0,0.65,1,75,-3.876161870092426e-05,0.4,35,7,-0.003366024001757882,0.3142857142857143,0.8024172573390379,-0.0431120662484199,-0.00445878167487572,,0.0,1.1
volume_breakout,0.5,-0.03,-0.03,1.0,0.5,1,75,-3.876161870092426e-05,0.4,35,7,-0.003366024001757882,0.3142857142857143,0.8024172573390379,-0.0431120662484199,-0.00445878167487572,,0.0,0.8
volume_breakout,0.5,-0.03,0.03,1.0,0.65,1,75,-3.876161870092426e-05,0.4,35,7,-0.003366024001757882,0.3142857142857143,0.8024172573390379,-0.0431120662484199,-0.00445878167487572,,0.0,0.8
volume_breakout,0.5,-0.03,0.03,1.0,0.5,1,75,-3.876161870092426e-05,0.4,35,7,-0.003366024001757882,0.3142857142857143,0.8024172573390379,-0.0431120662484199,-0.00445878167487572,,0.0,1.1
volume_breakout,0.5,-0.03,0.0,1.0,0.65,1,75,-3.876161870092426e-05,0.4,35,7,-0.003366024001757882,0.3142857142857143,0.8024172573390379,-0.0431120662484199,-0.00445878167487572,,0.0,0.8
volume_breakout,0.5,0.03,0.0,1.0,0.5,1,75,-3.876161870092426e-05,0.4,35,7,-0.003366024001757882,0.3142857142857143,0.8024172573390379,-0.0431120662484199,-0.00445878167487572,,0.0,1.1
volume_breakout,0.5,-0.03,0.03,1.0,0.35,1,75,-3.876161870092426e-05,0.4,35,7,-0.003366024001757882,0.3142857142857143,0.8024172573390379,-0.0431120662484199,-0.00445878167487572,,0.0,0.8
volume_breakout,0.5,0.03,0.03,1.0,0.5,1,75,-3.876161870092426e-05,0.4,35,7,-0.003366024001757882,0.3142857142857143,0.8024172573390379,-0.0431120662484199,-0.00445878167487572,,0.0,1.1
volume_breakout,0.5,0.03,0.03,1.0,0.5,1,75,-3.876161870092426e-05,0.4,35,7,-0.003366024001757882,0.3142857142857143,0.8024172573390379,-0.0431120662484199,-0.00445878167487572,,0.0,0.8
volume_breakout,0.5,0.03,0.03,1.0,0.65,1,75,-3.876161870092426e-05,0.4,35,7,-0.003366024001757882,0.3142857142857143,0.8024172573390379,-0.0431120662484199,-0.00445878167487572,,0.0,0.8
volume_breakout,0.5,0.03,0.0,1.0,0.35,1,75,-3.876161870092426e-05,0.4,35,7,-0.003366024001757882,0.3142857142857143,0.8024172573390379,-0.0431120662484199,-0.00445878167487572,,0.0,1.1
volume_breakout,0.5,0.0,-0.03,1.0,0.35,1,75,-3.876161870092426e-05,0.4,35,7,-0.003366024001757882,0.3142857142857143,0.8024172573390379,-0.0431120662484199,-0.00445878167487572,,0.0,1.1
volume_breakout,0.5,-0.03,0.0,1.0,0.65,1,75,-3.876161870092426e-05,0.4,35,7,-0.003366024001757882,0.3142857142857143,0.8024172573390379,-0.0431120662484199,-0.00445878167487572,,0.0,1.1
volume_breakout,0.5,0.0,0.03,1.0,0.5,1,75,-3.876161870092426e-05,0.4,35,7,-0.003366024001757882,0.3142857142857143,0.8024172573390379,-0.0431120662484199,-0.00445878167487572,,0.0,0.8
volume_breakout,0.5,0.03,-0.03,1.0,0.65,1,75,-3.876161870092426e-05,0.4,35,7,-0.003366024001757882,0.3142857142857143,0.8024172573390379,-0.0431120662484199,-0.00445878167487572,,0.0,0.8
volume_breakout,0.5,-0.03,-0.03,1.0,0.35,1,75,-3.876161870092426e-05,0.4,35,7,-0.003366024001757882,0.3142857142857143,0.8024172573390379,-0.0431120662484199,-0.00445878167487572,,0.0,1.1
volume_breakout,0.5,-0.03,-0.03,1.0,0.5,1,75,-3.876161870092426e-05,0.4,35,7,-0.003366024001757882,0.3142857142857143,0.8024172573390379,-0.0431120662484199,-0.00445878167487572,,0.0,1.1
volume_breakout,0.5,0.0,-0.03,1.0,0.5,1,75,-3.876161870092426e-05,0.4,35,7,-0.003366024001757882,0.3142857142857143,0.8024172573390379,-0.0431120662484199,-0.00445878167487572,,0.0,0.8
volume_breakout,0.5,0.0,-0.03,1.0,0.5,1,75,-3.876161870092426e-05,0.4,35,7,-0.003366024001757882,0.3142857142857143,0.8024172573390379,-0.0431120662484199,-0.00445878167487572,,0.0,1.1
volume_breakout,0.5,-0.03,0.03,1.0,0.5,1,75,-3.876161870092426e-05,0.4,35,7,-0.003366024001757882,0.3142857142857143,0.8024172573390379,-0.0431120662484199,-0.00445878167487572,,0.0,0.8
trend_pullback,0.3,-0.03,-0.03,1.0,0.5,3,90,-0.002117069163004535,0.34444444444444444,90,18,-0.0025723725247093505,0.32222222222222224,0.8726237391031977,-0.07088530461783049,-0.0044807757284684654,0.7,,
trend_pullback,0.3,-0.03,0.0,1.0,0.35,3,90,-0.002117069163004535,0.34444444444444444,90,18,-0.0025723725247093505,0.32222222222222224,0.8726237391031977,-0.07088530461783049,-0.0044807757284684654,0.7,,
trend_pullback,0.3,-0.03,0.0,1.0,0.5,3,90,-0.002117069163004535,0.34444444444444444,90,18,-0.0025723725247093505,0.32222222222222224,0.8726237391031977,-0.07088530461783049,-0.0044807757284684654,0.7,,
trend_pullback,0.3,-0.03,-0.03,1.0,0.35,3,90,-0.002117069163004535,0.34444444444444444,90,18,-0.0025723725247093505,0.32222222222222224,0.8726237391031977,-0.07088530461783049,-0.0044807757284684654,0.7,,
trend_pullback,0.3,0.0,0.0,0.75,0.5,1,90,-0.0035251618644215987,0.3888888888888889,88,18,-0.002688412931500255,0.4090909090909091,0.8129404520694492,-0.0667648392946033,-0.004488122997320992,0.7,,
flow_trend,0.3,0.0,0.03,0.75,0.65,1,90,-0.0026612598361771917,0.43333333333333335,90,18,-0.002307680615616186,0.4222222222222222,0.8397096987602698,-0.07970794763752365,-0.004488991620051828,,,
flow_trend,0.3,0.0,0.0,0.75,0.5,1,90,-0.002515852272164977,0.43333333333333335,90,18,-0.002307680615616186,0.4222222222222222,0.8397096987602698,-0.07970794763752365,-0.004488991620051828,,,
flow_trend,0.3,0.0,0.0,0.75,0.35,1,90,-0.002515852272164977,0.43333333333333335,90,18,-0.002307680615616186,0.4222222222222222,0.8397096987602698,-0.07970794763752365,-0.004488991620051828,,,
flow_trend,0.3,0.0,-0.03,0.75,0.5,1,90,-0.002515852272164977,0.43333333333333335,90,18,-0.002307680615616186,0.4222222222222222,0.8397096987602698,-0.07970794763752365,-0.004488991620051828,,,
flow_trend,0.3,0.0,-0.03,0.75,0.35,1,90,-0.002515852272164977,0.43333333333333335,90,18,-0.002307680615616186,0.4222222222222222,0.8397096987602698,-0.07970794763752365,-0.004488991620051828,,,
flow_trend,0.3,0.0,0.03,0.75,0.5,1,90,-0.002515852272164977,0.43333333333333335,90,18,-0.002307680615616186,0.4222222222222222,0.8397096987602698,-0.07970794763752365,-0.004488991620051828,,,
flow_trend,0.3,0.0,0.0,0.75,0.65,1,90,-0.0026612598361771917,0.43333333333333335,90,18,-0.002307680615616186,0.4222222222222222,0.8397096987602698,-0.07970794763752365,-0.004488991620051828,,,
flow_trend,0.3,0.0,0.03,0.75,0.35,1,90,-0.002515852272164977,0.43333333333333335,90,18,-0.002307680615616186,0.4222222222222222,0.8397096987602698,-0.07970794763752365,-0.004488991620051828,,,
flow_trend,0.3,0.0,-0.03,0.75,0.65,1,90,-0.0026612598361771917,0.43333333333333335,90,18,-0.002307680615616186,0.4222222222222222,0.8397096987602698,-0.07970794763752365,-0.004488991620051828,,,
volume_breakout,0.3,0.0,-0.03,0.75,0.5,1,90,0.004934167948867821,0.5111111111111111,90,18,-0.0026965414857190273,0.34444444444444444,0.8271041803365404,-0.06687466713478651,-0.0044960054546784875,,-0.05,0.8
volume_breakout,0.3,0.0,-0.03,0.75,0.35,1,90,0.004934167948867821,0.5111111111111111,90,18,-0.0026965414857190273,0.34444444444444444,0.8271041803365404,-0.06687466713478651,-0.0044960054546784875,,-0.05,1.1
volume_breakout,0.3,0.0,-0.03,0.75,0.65,1,90,0.004934167948867821,0.5111111111111111,90,18,-0.0026965414857190273,0.34444444444444444,0.8271041803365404,-0.06687466713478651,-0.0044960054546784875,,-0.05,0.8
volume_breakout,0.3,0.0,-0.03,0.75,0.5,1,90,0.004934167948867821,0.5111111111111111,90,18,-0.0026965414857190273,0.34444444444444444,0.8271041803365404,-0.06687466713478651,-0.0044960054546784875,,-0.05,1.1
volume_breakout,0.3,0.0,0.0,0.75,0.5,1,90,0.004934167948867821,0.5111111111111111,90,18,-0.0026965414857190273,0.34444444444444444,0.8271041803365404,-0.06687466713478651,-0.0044960054546784875,,-0.05,1.1
volume_breakout,0.3,0.0,-0.03,0.75,0.35,1,90,0.004934167948867821,0.5111111111111111,90,18,-0.0026965414857190273,0.34444444444444444,0.8271041803365404,-0.06687466713478651,-0.0044960054546784875,,-0.05,0.8
volume_breakout,0.3,0.0,0.0,0.75,0.35,1,90,0.004934167948867821,0.5111111111111111,90,18,-0.0026965414857190273,0.34444444444444444,0.8271041803365404,-0.06687466713478651,-0.0044960054546784875,,-0.05,0.8
volume_breakout,0.3,0.0,0.0,0.75,0.5,1,90,0.004934167948867821,0.5111111111111111,90,18,-0.0026965414857190273,0.34444444444444444,0.8271041803365404,-0.06687466713478651,-0.0044960054546784875,,-0.05,0.8
volume_breakout,0.3,0.0,-0.03,0.75,0.65,1,90,0.004934167948867821,0.5111111111111111,90,18,-0.0026965414857190273,0.34444444444444444,0.8271041803365404,-0.06687466713478651,-0.0044960054546784875,,-0.05,1.1
volume_breakout,0.3,0.0,0.03,0.75,0.65,1,90,0.004934167948867821,0.5111111111111111,90,18,-0.0026965414857190273,0.34444444444444444,0.8271041803365404,-0.06687466713478651,-0.0044960054546784875,,-0.05,1.1
volume_breakout,0.3,0.0,0.03,0.75,0.5,1,90,0.004934167948867821,0.5111111111111111,90,18,-0.0026965414857190273,0.34444444444444444,0.8271041803365404,-0.06687466713478651,-0.0044960054546784875,,-0.05,0.8
volume_breakout,0.3,0.0,0.03,0.75,0.65,1,90,0.004934167948867821,0.5111111111111111,90,18,-0.0026965414857190273,0.34444444444444444,0.8271041803365404,-0.06687466713478651,-0.0044960054546784875,,-0.05,0.8
volume_breakout,0.3,0.0,0.03,0.75,0.5,1,90,0.004934167948867821,0.5111111111111111,90,18,-0.0026965414857190273,0.34444444444444444,0.8271041803365404,-0.06687466713478651,-0.0044960054546784875,,-0.05,1.1
volume_breakout,0.3,0.0,0.03,0.75,0.35,1,90,0.004934167948867821,0.5111111111111111,90,18,-0.0026965414857190273,0.34444444444444444,0.8271041803365404,-0.06687466713478651,-0.0044960054546784875,,-0.05,1.1
volume_breakout,0.3,0.0,0.03,0.75,0.35,1,90,0.004934167948867821,0.5111111111111111,90,18,-0.0026965414857190273,0.34444444444444444,0.8271041803365404,-0.06687466713478651,-0.0044960054546784875,,-0.05,0.8
volume_breakout,0.3,0.0,0.0,0.75,0.65,1,90,0.004934167948867821,0.5111111111111111,90,18,-0.0026965414857190273,0.34444444444444444,0.8271041803365404,-0.06687466713478651,-0.0044960054546784875,,-0.05,1.1
volume_breakout,0.3,0.0,0.0,0.75,0.65,1,90,0.004934167948867821,0.5111111111111111,90,18,-0.0026965414857190273,0.34444444444444444,0.8271041803365404,-0.06687466713478651,-0.0044960054546784875,,-0.05,0.8
volume_breakout,0.3,0.0,0.0,0.75,0.35,1,90,0.004934167948867821,0.5111111111111111,90,18,-0.0026965414857190273,0.34444444444444444,0.8271041803365404,-0.06687466713478651,-0.0044960054546784875,,-0.05,1.1
trend_pullback,0.5,-0.03,-0.03,0.75,0.35,1,75,-0.002541400029447903,0.38666666666666666,35,7,-0.0038419369889757544,0.37142857142857144,0.7145470629604223,-0.0280473147518695,-0.004504719665791733,0.7,,
trend_pullback,0.5,0.03,0.03,0.75,0.5,1,75,-0.0016112354956270606,0.4,35,7,-0.0038419369889757544,0.37142857142857144,0.7145470629604223,-0.0280473147518695,-0.004504719665791733,0.7,,
trend_pullback,0.5,0.03,0.03,0.75,0.35,1,75,-0.0016112354956270606,0.4,35,7,-0.0038419369889757544,0.37142857142857144,0.7145470629604223,-0.0280473147518695,-0.004504719665791733,0.7,,
trend_pullback,0.5,-0.03,-0.03,0.75,0.5,1,75,-0.002541400029447903,0.38666666666666666,35,7,-0.0038419369889757544,0.37142857142857144,0.7145470629604223,-0.0280473147518695,-0.004504719665791733,0.7,,
trend_pullback,0.5,-0.03,0.03,0.75,0.35,1,75,-0.002541400029447903,0.38666666666666666,35,7,-0.0038419369889757544,0.37142857142857144,0.7145470629604223,-0.0280473147518695,-0.004504719665791733,0.7,,
trend_pullback,0.5,-0.03,0.0,0.75,0.5,1,75,-0.002541400029447903,0.38666666666666666,35,7,-0.0038419369889757544,0.37142857142857144,0.7145470629604223,-0.0280473147518695,-0.004504719665791733,0.7,,
trend_pullback,0.5,-0.03,0.0,0.75,0.35,1,75,-0.002541400029447903,0.38666666666666666,35,7,-0.0038419369889757544,0.37142857142857144,0.7145470629604223,-0.0280473147518695,-0.004504719665791733,0.7,,
trend_pullback,0.5,0.0,-0.03,0.75,0.5,1,75,-0.002541400029447903,0.38666666666666666,35,7,-0.0038419369889757544,0.37142857142857144,0.7145470629604223,-0.0280473147518695,-0.004504719665791733,0.7,,
trend_pullback,0.5,0.0,-0.03,0.75,0.35,1,75,-0.002541400029447903,0.38666666666666666,35,7,-0.0038419369889757544,0.37142857142857144,0.7145470629604223,-0.0280473147518695,-0.004504719665791733,0.7,,
trend_pullback,0.5,0.03,0.0,0.75,0.5,1,75,-0.0016112354956270606,0.4,35,7,-0.0038419369889757544,0.37142857142857144,0.7145470629604223,-0.0280473147518695,-0.004504719665791733,0.7,,
trend_pullback,0.5,0.03,0.0,0.75,0.35,1,75,-0.0016112354956270606,0.4,35,7,-0.0038419369889757544,0.37142857142857144,0.7145470629604223,-0.0280473147518695,-0.004504719665791733,0.7,,
trend_pullback,0.5,0.0,0.0,0.75,0.5,1,75,-0.002541400029447903,0.38666666666666666,35,7,-0.0038419369889757544,0.37142857142857144,0.7145470629604223,-0.0280473147518695,-0.004504719665791733,0.7,,
trend_pullback,0.5,0.0,0.0,0.75,0.35,1,75,-0.002541400029447903,0.38666666666666666,35,7,-0.0038419369889757544,0.37142857142857144,0.7145470629604223,-0.0280473147518695,-0.004504719665791733,0.7,,
trend_pullback,0.5,0.03,-0.03,0.75,0.35,1,75,-0.0016112354956270606,0.4,35,7,-0.0038419369889757544,0.37142857142857144,0.7145470629604223,-0.0280473147518695,-0.004504719665791733,0.7,,
trend_pullback,0.5,0.0,0.03,0.75,0.35,1,75,-0.002541400029447903,0.38666666666666666,35,7,-0.0038419369889757544,0.37142857142857144,0.7145470629604223,-0.0280473147518695,-0.004504719665791733,0.7,,
trend_pullback,0.5,0.03,-0.03,0.75,0.5,1,75,-0.0016112354956270606,0.4,35,7,-0.0038419369889757544,0.37142857142857144,0.7145470629604223,-0.0280473147518695,-0.004504719665791733,0.7,,
trend_pullback,0.5,-0.03,0.03,0.75,0.5,1,75,-0.002541400029447903,0.38666666666666666,35,7,-0.0038419369889757544,0.37142857142857144,0.7145470629604223,-0.0280473147518695,-0.004504719665791733,0.7,,
trend_pullback,0.5,0.0,0.03,0.75,0.5,1,75,-0.002541400029447903,0.38666666666666666,35,7,-0.0038419369889757544,0.37142857142857144,0.7145470629604223,-0.0280473147518695,-0.004504719665791733,0.7,,
trend_pullback,0.4,0.03,0.03,0.75,0.65,3,80,-0.0033555832296430577,0.375,52,11,-0.0025046623450988106,0.34615384615384615,0.8712442902867683,-0.07495550041600019,-0.004535516285007124,0.7,,
trend_pullback,0.4,0.03,-0.03,0.75,0.65,3,80,-0.0033555832296430577,0.375,52,11,-0.0025046623450988106,0.34615384615384615,0.8712442902867683,-0.07495550041600019,-0.004535516285007124,0.7,,
trend_pullback,0.4,0.03,0.0,0.75,0.65,3,80,-0.0033555832296430577,0.375,52,11,-0.0025046623450988106,0.34615384615384615,0.8712442902867683,-0.07495550041600019,-0.004535516285007124,0.7,,
volume_breakout,0.4,0.03,0.03,0.75,0.65,2,80,0.003855675333346508,0.4875,52,11,-0.0029897477126160097,0.34615384615384615,0.8428470466591702,-0.05859454938963082,-0.0045368724326401415,,-0.05,1.1
volume_breakout,0.4,0.03,-0.03,0.75,0.35,2,80,0.003855675333346508,0.4875,52,11,-0.0029897477126160097,0.34615384615384615,0.8428470466591702,-0.05859454938963082,-0.0045368724326401415,,-0.05,1.1
volume_breakout,0.4,0.03,0.03,0.75,0.35,2,80,0.003855675333346508,0.4875,52,11,-0.0029897477126160097,0.34615384615384615,0.8428470466591702,-0.05859454938963082,-0.0045368724326401415,,-0.05,0.8
volume_breakout,0.4,0.03,-0.03,0.75,0.65,2,80,0.003855675333346508,0.4875,52,11,-0.0029897477126160097,0.34615384615384615,0.8428470466591702,-0.05859454938963082,-0.0045368724326401415,,-0.05,0.8
volume_breakout,0.4,0.03,0.03,0.75,0.35,2,80,0.003855675333346508,0.4875,52,11,-0.0029897477126160097,0.34615384615384615,0.8428470466591702,-0.05859454938963082,-0.0045368724326401415,,-0.05,1.1
volume_breakout,0.4,0.03,-0.03,0.75,0.35,2,80,0.003855675333346508,0.4875,52,11,-0.0029897477126160097,0.34615384615384615,0.8428470466591702,-0.05859454938963082,-0.0045368724326401415,,-0.05,0.8
volume_breakout,0.4,0.03,0.03,0.75,0.65,2,80,0.003855675333346508,0.4875,52,11,-0.0029897477126160097,0.34615384615384615,0.8428470466591702,-0.05859454938963082,-0.0045368724326401415,,-0.05,0.8
volume_breakout,0.4,0.03,0.03,0.75,0.5,2,80,0.003855675333346508,0.4875,52,11,-0.0029897477126160097,0.34615384615384615,0.8428470466591702,-0.05859454938963082,-0.0045368724326401415,,-0.05,1.1
volume_breakout,0.4,0.03,0.03,0.75,0.5,2,80,0.003855675333346508,0.4875,52,11,-0.0029897477126160097,0.34615384615384615,0.8428470466591702,-0.05859454938963082,-0.0045368724326401415,,-0.05,0.8
volume_breakout,0.4,0.03,-0.03,0.75,0.5,2,80,0.003855675333346508,0.4875,52,11,-0.0029897477126160097,0.34615384615384615,0.8428470466591702,-0.05859454938963082,-0.0045368724326401415,,-0.05,1.1
volume_breakout,0.4,0.03,-0.03,0.75,0.5,2,80,0.003855675333346508,0.4875,52,11,-0.0029897477126160097,0.34615384615384615,0.8428470466591702,-0.05859454938963082,-0.0045368724326401415,,-0.05,0.8
volume_breakout,0.4,0.03,-0.03,0.75,0.65,2,80,0.003855675333346508,0.4875,52,11,-0.0029897477126160097,0.34615384615384615,0.8428470466591702,-0.05859454938963082,-0.0045368724326401415,,-0.05,1.1
volume_breakout,0.4,0.03,0.0,0.75,0.35,2,80,0.003855675333346508,0.4875,52,11,-0.0029897477126160097,0.34615384615384615,0.8428470466591702,-0.05859454938963082,-0.0045368724326401415,,-0.05,1.1
volume_breakout,0.4,0.03,0.0,0.75,0.5,2,80,0.003855675333346508,0.4875,52,11,-0.0029897477126160097,0.34615384615384615,0.8428470466591702,-0.05859454938963082,-0.0045368724326401415,,-0.05,1.1
volume_breakout,0.4,0.03,0.0,0.75,0.5,2,80,0.003855675333346508,0.4875,52,11,-0.0029897477126160097,0.34615384615384615,0.8428470466591702,-0.05859454938963082,-0.0045368724326401415,,-0.05,0.8
volume_breakout,0.4,0.03,0.0,0.75,0.35,2,80,0.003855675333346508,0.4875,52,11,-0.0029897477126160097,0.34615384615384615,0.8428470466591702,-0.05859454938963082,-0.0045368724326401415,,-0.05,0.8
volume_breakout,0.4,0.03,0.0,0.75,0.65,2,80,0.003855675333346508,0.4875,52,11,-0.0029897477126160097,0.34615384615384615,0.8428470466591702,-0.05859454938963082,-0.0045368724326401415,,-0.05,1.1
volume_breakout,0.4,0.03,0.0,0.75,0.65,2,80,0.003855675333346508,0.4875,52,11,-0.0029897477126160097,0.34615384615384615,0.8428470466591702,-0.05859454938963082,-0.0045368724326401415,,-0.05,0.8
trend_pullback,0.3,-0.03,0.03,0.75,0.65,1,90,-0.004078793040435822,0.3888888888888889,90,18,-0.002623726765733537,0.4111111111111111,0.821728665499054,-0.07084759108835081,-0.0045437223320092986,0.7,,
trend_pullback,0.3,0.0,-0.03,0.75,0.35,1,90,-0.0030757519205252925,0.4,90,18,-0.0028059879759091627,0.4,0.8028104740320531,-0.06483638834401939,-0.004550377007721731,0.7,,
trend_pullback,0.3,-0.03,-0.03,1.0,0.35,2,90,-0.0028190803372438824,0.35555555555555557,90,18,-0.0028760776673765085,0.32222222222222224,0.8527793668715004,-0.06324454157606874,-0.004560219072940696,0.7,,
trend_pullback,0.3,-0.03,-0.03,1.0,0.5,2,90,-0.0028190803372438824,0.35555555555555557,90,18,-0.0028760776673765085,0.32222222222222224,0.8527793668715004,-0.06324454157606874,-0.004560219072940696,0.7,,
trend_pullback,0.3,-0.03,0.0,1.0,0.5,2,90,-0.0028190803372438824,0.35555555555555557,90,18,-0.0028760776673765085,0.32222222222222224,0.8527793668715004,-0.06324454157606874,-0.004560219072940696,0.7,,
trend_pullback,0.3,-0.03,0.0,1.0,0.35,2,90,-0.0028190803372438824,0.35555555555555557,90,18,-0.0028760776673765085,0.32222222222222224,0.8527793668715004,-0.06324454157606874,-0.004560219072940696,0.7,,
trend_pullback,0.4,0.03,0.0,1.0,0.65,3,80,-0.001842038717811463,0.35,52,11,-0.00332478936700896,0.3269230769230769,0.8366091619387451,-0.04830597858321051,-0.004564816434020589,0.45,,
trend_pullback,0.4,0.03,-0.03,1.0,0.65,3,80,-0.001842038717811463,0.35,52,11,-0.00332478936700896,0.3269230769230769,0.8366091619387451,-0.04830597858321051,-0.004564816434020589,0.45,,
trend_pullback,0.3,0.0,0.03,1.0,0.65,2,90,-0.001819080337243882,0.36666666666666664,88,18,-0.0033229672129450358,0.3181818181818182,0.8334596847147846,-0.049078057912747775,-0.004586944029148773,0.7,,
trend_pullback,0.3,0.0,-0.03,1.0,0.65,2,90,-0.0028190803372438824,0.35555555555555557,88,18,-0.0033229672129450358,0.3181818181818182,0.8334596847147846,-0.049078057912747775,-0.004586944029148773,0.7,,
trend_pullback,0.3,0.0,0.0,1.0,0.65,2,90,-0.0028190803372438824,0.35555555555555557,88,18,-0.0033229672129450358,0.3181818181818182,0.8334596847147846,-0.049078057912747775,-0.004586944029148773,0.7,,
trend_pullback,0.4,0.03,0.0,0.75,0.5,1,80,-0.001621623359435026,0.4125,52,11,-0.003470756222235587,0.40384615384615385,0.7409847952187172,-0.04468123711658889,-0.004625947136928574,0.7,,
trend_pullback,0.4,0.03,0.0,0.75,0.35,1,80,-0.001621623359435026,0.4125,52,11,-0.003470756222235587,0.40384615384615385,0.7409847952187172,-0.04468123711658889,-0.004625947136928574,0.7,,
trend_pullback,0.4,0.03,-0.03,0.75,0.5,1,80,-0.001621623359435026,0.4125,52,11,-0.003470756222235587,0.40384615384615385,0.7409847952187172,-0.04468123711658889,-0.004625947136928574,0.7,,
trend_pullback,0.4,0.03,-0.03,0.75,0.35,1,80,-0.001621623359435026,0.4125,52,11,-0.003470756222235587,0.40384615384615385,0.7409847952187172,-0.04468123711658889,-0.004625947136928574,0.7,,
trend_pullback,0.3,0.0,-0.03,0.75,0.5,1,90,-0.0035251618644215987,0.3888888888888889,89,18,-0.0028291747276958353,0.4044943820224719,0.8032761020144655,-0.06727036875943959,-0.004646466764975407,0.7,,
trend_pullback,0.4,0.0,-0.03,0.75,0.35,2,80,-0.005490789955153255,0.3375,55,11,-0.003429631546556847,0.34545454545454546,0.8098010796837357,-0.04755784663051488,-0.004653916675551359,0.7,,
trend_pullback,0.4,0.03,0.03,0.75,0.5,1,80,-0.001621623359435026,0.4125,52,11,-0.0034958464002881606,0.40384615384615385,0.7391123682344618,-0.04492837549666295,-0.004658919573129434,0.7,,
trend_pullback,0.4,0.03,0.03,0.75,0.35,1,80,-0.001621623359435026,0.4125,52,11,-0.0034958464002881606,0.40384615384615385,0.7391123682344618,-0.04492837549666295,-0.004658919573129434,0.7,,
trend_pullback,0.4,0.0,0.03,1.0,0.35,1,80,0.0020388946968897172,0.4625,53,11,-0.003723458105444038,0.3584905660377358,0.7716088863473122,-0.039602910511804645,-0.0047186431992113495,0.45,,
trend_pullback,0.4,0.0,0.03,1.0,0.5,1,80,0.0020388946968897172,0.4625,53,11,-0.003723458105444038,0.3584905660377358,0.7716088863473122,-0.039602910511804645,-0.0047186431992113495,0.45,,
trend_pullback,0.4,0.0,0.0,1.0,0.35,1,80,0.0020388946968897172,0.4625,53,11,-0.003723458105444038,0.3584905660377358,0.7716088863473122,-0.039602910511804645,-0.0047186431992113495,0.45,,
trend_pullback,0.4,0.0,0.0,1.0,0.5,1,80,0.0020388946968897172,0.4625,53,11,-0.003723458105444038,0.3584905660377358,0.7716088863473122,-0.039602910511804645,-0.0047186431992113495,0.45,,
trend_pullback,0.4,-0.03,0.03,0.75,0.5,1,80,-0.0024936526098920664,0.4,55,11,-0.0036568946680631954,0.38181818181818183,0.7283321133650583,-0.04163785781291518,-0.004723947374109386,0.7,,
trend_pullback,0.4,-0.03,0.0,0.75,0.35,1,80,-0.0024936526098920664,0.4,55,11,-0.0036568946680631954,0.38181818181818183,0.7283321133650583,-0.04163785781291518,-0.004723947374109386,0.7,,
trend_pullback,0.4,-0.03,-0.03,0.75,0.5,1,80,-0.0024936526098920664,0.4,55,11,-0.0036568946680631954,0.38181818181818183,0.7283321133650583,-0.04163785781291518,-0.004723947374109386,0.7,,
trend_pullback,0.4,-0.03,-0.03,0.75,0.35,1,80,-0.0024936526098920664,0.4,55,11,-0.0036568946680631954,0.38181818181818183,0.7283321133650583,-0.04163785781291518,-0.004723947374109386,0.7,,
trend_pullback,0.4,-0.03,0.0,0.75,0.5,1,80,-0.0024936526098920664,0.4,55,11,-0.0036568946680631954,0.38181818181818183,0.7283321133650583,-0.04163785781291518,-0.004723947374109386,0.7,,
trend_pullback,0.4,-0.03,0.03,0.75,0.35,1,80,-0.0024936526098920664,0.4,55,11,-0.0036568946680631954,0.38181818181818183,0.7283321133650583,-0.04163785781291518,-0.004723947374109386,0.7,,
trend_pullback,0.4,0.0,-0.03,1.0,0.5,3,80,-0.00021940646634214001,0.375,54,11,-0.0036916169847810935,0.3148148148148148,0.8162003170743042,-0.04141515138327534,-0.004730021447010777,0.45,,
trend_pullback,0.4,0.0,-0.03,1.0,0.35,3,80,-0.00021940646634214001,0.375,54,11,-0.0036916169847810935,0.3148148148148148,0.8162003170743042,-0.04141515138327534,-0.004730021447010777,0.45,,
trend_pullback,0.4,0.0,0.0,1.0,0.5,3,80,-0.0021009736417134358,0.35,54,11,-0.0036916169847810935,0.3148148148148148,0.8162003170743042,-0.04141515138327534,-0.004730021447010777,0.7,,
trend_pullback,0.4,0.0,0.03,1.0,0.5,3,80,-0.0021009736417134358,0.35,54,11,-0.0036916169847810935,0.3148148148148148,0.8162003170743042,-0.04141515138327534,-0.004730021447010777,0.7,,
trend_pullback,0.3,0.0,0.0,1.0,0.5,2,90,-0.0015896372137004875,0.36666666666666664,88,18,-0.0029907755021511165,0.3181818181818182,0.8475706930704058,-0.06586332050516419,-0.0047547824440384405,0.45,,
trend_pullback,0.3,0.0,0.0,1.0,0.35,2,90,-0.0015896372137004875,0.36666666666666664,88,18,-0.0029907755021511165,0.3181818181818182,0.8475706930704058,-0.06586332050516419,-0.0047547824440384405,0.45,,
volume_breakout,0.3,-0.03,0.0,1.0,0.5,2,90,0.0027052658158049653,0.43333333333333335,90,18,-0.002526223775824439,0.32222222222222224,0.8790110643553533,-0.08304235211908317,-0.004797741573308096,,0.0,1.1
volume_breakout,0.3,-0.03,0.0,1.0,0.65,2,90,0.0027052658158049653,0.43333333333333335,90,18,-0.002526223775824439,0.32222222222222224,0.8790110643553533,-0.08304235211908317,-0.004797741573308096,,0.0,0.8
volume_breakout,0.3,-0.03,0.03,1.0,0.5,2,90,0.0027052658158049653,0.43333333333333335,90,18,-0.002526223775824439,0.32222222222222224,0.8790110643553533,-0.08304235211908317,-0.004797741573308096,,0.0,1.1
volume_breakout,0.3,-0.03,0.03,1.0,0.5,2,90,0.0027052658158049653,0.43333333333333335,90,18,-0.002526223775824439,0.32222222222222224,0.8790110643553533,-0.08304235211908317,-0.004797741573308096,,0.0,0.8
volume_breakout,0.3,-0.03,0.0,1.0,0.35,2,90,0.0027052658158049653,0.43333333333333335,90,18,-0.002526223775824439,0.32222222222222224,0.8790110643553533,-0.08304235211908317,-0.004797741573308096,,0.0,1.1
volume_breakout,0.3,-0.03,0.0,1.0,0.35,2,90,0.0027052658158049653,0.43333333333333335,90,18,-0.002526223775824439,0.32222222222222224,0.8790110643553533,-0.08304235211908317,-0.004797741573308096,,0.0,0.8
volume_breakout,0.3,-0.03,-0.03,1.0,0.35,2,90,0.0027052658158049653,0.43333333333333335,90,18,-0.002526223775824439,0.32222222222222224,0.8790110643553533,-0.08304235211908317,-0.004797741573308096,,0.0,1.1
volume_breakout,0.3,-0.03,-0.03,1.0,0.65,2,90,0.0027052658158049653,0.43333333333333335,90,18,-0.002526223775824439,0.32222222222222224,0.8790110643553533,-0.08304235211908317,-0.004797741573308096,,0.0,1.1
volume_breakout,0.3,-0.03,0.0,1.0,0.5,2,90,0.0027052658158049653,0.43333333333333335,90,18,-0.002526223775824439,0.32222222222222224,0.8790110643553533,-0.08304235211908317,-0.004797741573308096,,0.0,0.8
volume_breakout,0.3,-0.03,-0.03,1.0,0.35,2,90,0.0027052658158049653,0.43333333333333335,90,18,-0.002526223775824439,0.32222222222222224,0.8790110643553533,-0.08304235211908317,-0.004797741573308096,,0.0,0.8
volume_breakout,0.3,-0.03,-0.03,1.0,0.65,2,90,0.0027052658158049653,0.43333333333333335,90,18,-0.002526223775824439,0.32222222222222224,0.8790110643553533,-0.08304235211908317,-0.004797741573308096,,0.0,0.8
volume_breakout,0.3,-0.03,0.03,1.0,0.65,2,90,0.0027052658158049653,0.43333333333333335,90,18,-0.002526223775824439,0.32222222222222224,0.8790110643553533,-0.08304235211908317,-0.004797741573308096,,0.0,1.1
volume_breakout,0.3,-0.03,-0.03,1.0,0.5,2,90,0.0027052658158049653,0.43333333333333335,90,18,-0.002526223775824439,0.32222222222222224,0.8790110643553533,-0.08304235211908317,-0.004797741573308096,,0.0,0.8
volume_breakout,0.3,-0.03,0.03,1.0,0.35,2,90,0.0027052658158049653,0.43333333333333335,90,18,-0.002526223775824439,0.32222222222222224,0.8790110643553533,-0.08304235211908317,-0.004797741573308096,,0.0,1.1
volume_breakout,0.3,-0.03,0.0,1.0,0.65,2,90,0.0027052658158049653,0.43333333333333335,90,18,-0.002526223775824439,0.32222222222222224,0.8790110643553533,-0.08304235211908317,-0.004797741573308096,,0.0,1.1
volume_breakout,0.3,-0.03,-0.03,1.0,0.5,2,90,0.0027052658158049653,0.43333333333333335,90,18,-0.002526223775824439,0.32222222222222224,0.8790110643553533,-0.08304235211908317,-0.004797741573308096,,0.0,1.1
volume_breakout,0.3,-0.03,0.03,1.0,0.65,2,90,0.0027052658158049653,0.43333333333333335,90,18,-0.002526223775824439,0.32222222222222224,0.8790110643553533,-0.08304235211908317,-0.004797741573308096,,0.0,0.8
volume_breakout,0.3,-0.03,0.03,1.0,0.35,2,90,0.0027052658158049653,0.43333333333333335,90,18,-0.002526223775824439,0.32222222222222224,0.8790110643553533,-0.08304235211908317,-0.004797741573308096,,0.0,0.8
flow_trend,0.4,-0.03,-0.03,1.0,0.35,1,80,-0.002256878255413087,0.4375,55,11,-0.0033147055299958604,0.41818181818181815,0.768251737216436,-0.05590012325216709,-0.004799646293256764,,,
flow_trend,0.4,-0.03,0.03,0.75,0.5,1,80,-0.002256878255413087,0.4375,55,11,-0.0033147055299958604,0.41818181818181815,0.768251737216436,-0.05590012325216709,-0.004799646293256764,,,
flow_trend,0.4,-0.03,0.03,1.0,0.5,1,80,-0.002256878255413087,0.4375,55,11,-0.0033147055299958604,0.41818181818181815,0.768251737216436,-0.05590012325216709,-0.004799646293256764,,,
flow_trend,0.4,-0.03,0.03,1.0,0.35,1,80,-0.002256878255413087,0.4375,55,11,-0.0033147055299958604,0.41818181818181815,0.768251737216436,-0.05590012325216709,-0.004799646293256764,,,
flow_trend,0.4,-0.03,-0.03,0.75,0.5,1,80,-0.002256878255413087,0.4375,55,11,-0.0033147055299958604,0.41818181818181815,0.768251737216436,-0.05590012325216709,-0.004799646293256764,,,
flow_trend,0.4,-0.03,-0.03,1.0,0.65,1,80,-0.002420461764926828,0.4375,55,11,-0.0033147055299958604,0.41818181818181815,0.768251737216436,-0.05590012325216709,-0.004799646293256764,,,
flow_trend,0.4,-0.03,-0.03,1.0,0.5,1,80,-0.002256878255413087,0.4375,55,11,-0.0033147055299958604,0.41818181818181815,0.768251737216436,-0.05590012325216709,-0.004799646293256764,,,
flow_trend,0.4,-0.03,0.0,0.75,0.65,1,80,-0.002420461764926828,0.4375,55,11,-0.0033147055299958604,0.41818181818181815,0.768251737216436,-0.05590012325216709,-0.004799646293256764,,,
flow_trend,0.4,-0.03,0.0,0.75,0.5,1,80,-0.002256878255413087,0.4375,55,11,-0.0033147055299958604,0.41818181818181815,0.768251737216436,-0.05590012325216709,-0.004799646293256764,,,
flow_trend,0.4,-0.03,0.03,1.0,0.65,1,80,-0.002420461764926828,0.4375,55,11,-0.0033147055299958604,0.41818181818181815,0.768251737216436,-0.05590012325216709,-0.004799646293256764,,,
flow_trend,0.4,-0.03,0.0,1.0,0.5,1,80,-0.002256878255413087,0.4375,55,11,-0.0033147055299958604,0.41818181818181815,0.768251737216436,-0.05590012325216709,-0.004799646293256764,,,
flow_trend,0.4,-0.03,0.0,1.0,0.35,1,80,-0.002256878255413087,0.4375,55,11,-0.0033147055299958604,0.41818181818181815,0.768251737216436,-0.05590012325216709,-0.004799646293256764,,,
flow_trend,0.4,-0.03,-0.03,0.75,0.65,1,80,-0.002420461764926828,0.4375,55,11,-0.0033147055299958604,0.41818181818181815,0.768251737216436,-0.05590012325216709,-0.004799646293256764,,,
flow_trend,0.4,-0.03,0.03,0.75,0.35,1,80,-0.002256878255413087,0.4375,55,11,-0.0033147055299958604,0.41818181818181815,0.768251737216436,-0.05590012325216709,-0.004799646293256764,,,
flow_trend,0.4,-0.03,0.0,0.75,0.35,1,80,-0.002256878255413087,0.4375,55,11,-0.0033147055299958604,0.41818181818181815,0.768251737216436,-0.05590012325216709,-0.004799646293256764,,,
flow_trend,0.4,-0.03,0.0,1.0,0.65,1,80,-0.002420461764926828,0.4375,55,11,-0.0033147055299958604,0.41818181818181815,0.768251737216436,-0.05590012325216709,-0.004799646293256764,,,
flow_trend,0.4,-0.03,0.03,0.75,0.65,1,80,-0.002420461764926828,0.4375,55,11,-0.0033147055299958604,0.41818181818181815,0.768251737216436,-0.05590012325216709,-0.004799646293256764,,,
flow_trend,0.4,-0.03,-0.03,0.75,0.35,1,80,-0.002256878255413087,0.4375,55,11,-0.0033147055299958604,0.41818181818181815,0.768251737216436,-0.05590012325216709,-0.004799646293256764,,,
trend_pullback,0.3,0.0,-0.03,1.0,0.65,3,90,-0.002117069163004535,0.34444444444444444,88,18,-0.003226906666829041,0.3181818181818182,0.8432511982047116,-0.05999580323324771,-0.004815967964275294,0.7,,
trend_pullback,0.3,0.0,0.0,1.0,0.65,3,90,-0.002117069163004535,0.34444444444444444,88,18,-0.003226906666829041,0.3181818181818182,0.8432511982047116,-0.05999580323324771,-0.004815967964275294,0.7,,
trend_pullback,0.3,0.0,0.03,1.0,0.65,3,90,-0.0011170691630045344,0.35555555555555557,88,18,-0.003226906666829041,0.3181818181818182,0.8432511982047116,-0.05999580323324771,-0.004815967964275294,0.7,,
volume_breakout,0.3,0.03,0.0,1.0,0.5,3,90,0.004373331377396536,0.43333333333333335,86,18,-0.0024144195017268624,0.32558139534883723,0.8839679828722928,-0.08753610561034253,-0.004819510674319065,,0.0,0.8
volume_breakout,0.3,0.03,-0.03,1.0,0.35,3,90,0.004373331377396536,0.43333333333333335,86,18,-0.0024144195017268624,0.32558139534883723,0.8839679828722928,-0.08753610561034253,-0.004819510674319065,,0.0,0.8
volume_breakout,0.3,0.03,-0.03,1.0,0.65,3,90,0.004373331377396536,0.43333333333333335,86,18,-0.0024144195017268624,0.32558139534883723,0.8839679828722928,-0.08753610561034253,-0.004819510674319065,,0.0,0.8
volume_breakout,0.3,0.03,0.03,1.0,0.65,3,90,0.004373331377396536,0.43333333333333335,86,18,-0.0024144195017268624,0.32558139534883723,0.8839679828722928,-0.08753610561034253,-0.004819510674319065,,0.0,0.8
volume_breakout,0.3,0.03,0.03,1.0,0.5,3,90,0.004373331377396536,0.43333333333333335,86,18,-0.0024144195017268624,0.32558139534883723,0.8839679828722928,-0.08753610561034253,-0.004819510674319065,,0.0,0.8
volume_breakout,0.3,0.03,0.03,1.0,0.35,3,90,0.004373331377396536,0.43333333333333335,86,18,-0.0024144195017268624,0.32558139534883723,0.8839679828722928,-0.08753610561034253,-0.004819510674319065,,0.0,0.8
volume_breakout,0.3,0.03,0.0,1.0,0.65,3,90,0.004373331377396536,0.43333333333333335,86,18,-0.0024144195017268624,0.32558139534883723,0.8839679828722928,-0.08753610561034253,-0.004819510674319065,,0.0,0.8
volume_breakout,0.3,0.03,-0.03,1.0,0.5,3,90,0.004373331377396536,0.43333333333333335,86,18,-0.0024144195017268624,0.32558139534883723,0.8839679828722928,-0.08753610561034253,-0.004819510674319065,,0.0,0.8
volume_breakout,0.3,0.03,0.0,1.0,0.35,3,90,0.004373331377396536,0.43333333333333335,86,18,-0.0024144195017268624,0.32558139534883723,0.8839679828722928,-0.08753610561034253,-0.004819510674319065,,0.0,0.8
volume_breakout,0.4,0.0,-0.03,0.75,0.65,3,80,0.006401271023042059,0.45,55,11,-0.0027198353605982282,0.34545454545454546,0.8659308310117209,-0.07729523691625972,-0.00482220976033309,,0.0,1.1
volume_breakout,0.4,0.0,0.0,0.75,0.65,3,80,0.006401271023042059,0.45,55,11,-0.0027198353605982282,0.34545454545454546,0.8659308310117209,-0.07729523691625972,-0.00482220976033309,,0.0,0.8
volume_breakout,0.4,0.0,-0.03,0.75,0.5,3,80,0.006401271023042059,0.45,55,11,-0.0027198353605982282,0.34545454545454546,0.8659308310117209,-0.07729523691625972,-0.00482220976033309,,0.0,1.1
volume_breakout,0.4,0.0,-0.03,0.75,0.5,3,80,0.006401271023042059,0.45,55,11,-0.0027198353605982282,0.34545454545454546,0.8659308310117209,-0.07729523691625972,-0.00482220976033309,,0.0,0.8
volume_breakout,0.4,0.0,0.0,0.75,0.5,3,80,0.006401271023042059,0.45,55,11,-0.0027198353605982282,0.34545454545454546,0.8659308310117209,-0.07729523691625972,-0.00482220976033309,,0.0,1.1
volume_breakout,0.4,0.0,0.03,0.75,0.5,3,80,0.006401271023042059,0.45,55,11,-0.0027198353605982282,0.34545454545454546,0.8659308310117209,-0.07729523691625972,-0.00482220976033309,,0.0,0.8
volume_breakout,0.4,0.0,0.03,0.75,0.65,3,80,0.006401271023042059,0.45,55,11,-0.0027198353605982282,0.34545454545454546,0.8659308310117209,-0.07729523691625972,-0.00482220976033309,,0.0,0.8
volume_breakout,0.4,0.0,0.03,0.75,0.5,3,80,0.006401271023042059,0.45,55,11,-0.0027198353605982282,0.34545454545454546,0.8659308310117209,-0.07729523691625972,-0.00482220976033309,,0.0,1.1
volume_breakout,0.4,0.0,-0.03,0.75,0.35,3,80,0.006401271023042059,0.45,55,11,-0.0027198353605982282,0.34545454545454546,0.8659308310117209,-0.07729523691625972,-0.00482220976033309,,0.0,1.1
volume_breakout,0.4,0.0,-0.03,0.75,0.35,3,80,0.006401271023042059,0.45,55,11,-0.0027198353605982282,0.34545454545454546,0.8659308310117209,-0.07729523691625972,-0.00482220976033309,,0.0,0.8
volume_breakout,0.4,0.0,0.0,0.75,0.35,3,80,0.006401271023042059,0.45,55,11,-0.0027198353605982282,0.34545454545454546,0.8659308310117209,-0.07729523691625972,-0.00482220976033309,,0.0,1.1
volume_breakout,0.4,0.0,-0.03,0.75,0.65,3,80,0.006401271023042059,0.45,55,11,-0.0027198353605982282,0.34545454545454546,0.8659308310117209,-0.07729523691625972,-0.00482220976033309,,0.0,0.8
volume_breakout,0.4,0.0,0.0,0.75,0.35,3,80,0.006401271023042059,0.45,55,11,-0.0027198353605982282,0.34545454545454546,0.8659308310117209,-0.07729523691625972,-0.00482220976033309,,0.0,0.8
volume_breakout,0.4,0.0,0.03,0.75,0.65,3,80,0.006401271023042059,0.45,55,11,-0.0027198353605982282,0.34545454545454546,0.8659308310117209,-0.07729523691625972,-0.00482220976033309,,0.0,1.1
volume_breakout,0.4,0.0,0.03,0.75,0.35,3,80,0.006401271023042059,0.45,55,11,-0.0027198353605982282,0.34545454545454546,0.8659308310117209,-0.07729523691625972,-0.00482220976033309,,0.0,0.8
volume_breakout,0.4,0.0,0.03,0.75,0.35,3,80,0.006401271023042059,0.45,55,11,-0.0027198353605982282,0.34545454545454546,0.8659308310117209,-0.07729523691625972,-0.00482220976033309,,0.0,1.1
volume_breakout,0.4,0.0,0.0,0.75,0.65,3,80,0.006401271023042059,0.45,55,11,-0.0027198353605982282,0.34545454545454546,0.8659308310117209,-0.07729523691625972,-0.00482220976033309,,0.0,1.1
volume_breakout,0.4,0.0,0.0,0.75,0.5,3,80,0.006401271023042059,0.45,55,11,-0.0027198353605982282,0.34545454545454546,0.8659308310117209,-0.07729523691625972,-0.00482220976033309,,0.0,0.8
trend_pullback,0.4,-0.03,0.0,0.75,0.35,3,80,-0.0034230181560816414,0.3875,55,11,-0.003304867346013174,0.32727272727272727,0.8290165930160313,-0.05776136473600013,-0.00483045413983917,0.7,,
trend_pullback,0.4,-0.03,0.03,0.75,0.35,3,80,-0.0034230181560816414,0.3875,55,11,-0.003304867346013174,0.32727272727272727,0.8290165930160313,-0.05776136473600013,-0.00483045413983917,0.7,,
trend_pullback,0.4,-0.03,0.03,0.75,0.5,3,80,-0.0034230181560816414,0.3875,55,11,-0.003304867346013174,0.32727272727272727,0.8290165930160313,-0.05776136473600013,-0.00483045413983917,0.7,,
trend_pullback,0.4,-0.03,-0.03,0.75,0.35,3,80,-0.0034230181560816414,0.3875,55,11,-0.003304867346013174,0.32727272727272727,0.8290165930160313,-0.05776136473600013,-0.00483045413983917,0.7,,
trend_pullback,0.4,-0.03,0.0,0.75,0.5,3,80,-0.0034230181560816414,0.3875,55,11,-0.003304867346013174,0.32727272727272727,0.8290165930160313,-0.05776136473600013,-0.00483045413983917,0.7,,
trend_pullback,0.4,0.0,-0.03,0.75,0.35,3,80,-0.0034230181560816414,0.3875,55,11,-0.003304867346013174,0.32727272727272727,0.8290165930160313,-0.05776136473600013,-0.00483045413983917,0.7,,
trend_pullback,0.4,-0.03,-0.03,0.75,0.5,3,80,-0.0034230181560816414,0.3875,55,11,-0.003304867346013174,0.32727272727272727,0.8290165930160313,-0.05776136473600013,-0.00483045413983917,0.7,,
trend_pullback,0.3,-0.03,0.03,0.75,0.5,1,90,-0.003601341428546636,0.3888888888888889,90,18,-0.00300159069090299,0.4111111111111111,0.7908598657584518,-0.06837919385585389,-0.004855251540138994,0.7,,
trend_pullback,0.3,-0.03,0.03,0.75,0.35,1,90,-0.003601341428546636,0.3888888888888889,90,18,-0.00300159069090299,0.4111111111111111,0.7908598657584518,-0.06837919385585389,-0.004855251540138994,0.7,,
trend_pullback,0.4,0.0,-0.03,1.0,0.35,1,80,0.0020388946968897172,0.4625,54,11,-0.00393628689595261,0.35185185185185186,0.7582558750066748,-0.03707625946273718,-0.0048590107110830566,0.45,,
trend_pullback,0.4,0.0,-0.03,1.0,0.5,1,80,0.0020388946968897172,0.4625,54,11,-0.00393628689595261,0.35185185185185186,0.7582558750066748,-0.03707625946273718,-0.0048590107110830566,0.45,,
flow_trend,0.3,0.0,-0.03,1.0,0.65,1,90,-0.0026612598361771917,0.43333333333333335,90,18,-0.00259395450698006,0.4111111111111111,0.8199716127186055,-0.08435295693149658,-0.004919550311745306,,,
flow_trend,0.3,0.0,-0.03,1.0,0.35,1,90,-0.002515852272164977,0.43333333333333335,90,18,-0.00259395450698006,0.4111111111111111,0.8199716127186055,-0.08435295693149658,-0.004919550311745306,,,
flow_trend,0.3,0.0,0.03,1.0,0.35,1,90,-0.002515852272164977,0.43333333333333335,90,18,-0.00259395450698006,0.4111111111111111,0.8199716127186055,-0.08435295693149658,-0.004919550311745306,,,
flow_trend,0.3,0.0,0.0,1.0,0.65,1,90,-0.0026612598361771917,0.43333333333333335,90,18,-0.00259395450698006,0.4111111111111111,0.8199716127186055,-0.08435295693149658,-0.004919550311745306,,,
flow_trend,0.3,0.0,0.0,1.0,0.5,1,90,-0.002515852272164977,0.43333333333333335,90,18,-0.00259395450698006,0.4111111111111111,0.8199716127186055,-0.08435295693149658,-0.004919550311745306,,,
flow_trend,0.3,0.0,-0.03,1.0,0.5,1,90,-0.002515852272164977,0.43333333333333335,90,18,-0.00259395450698006,0.4111111111111111,0.8199716127186055,-0.08435295693149658,-0.004919550311745306,,,
flow_trend,0.3,0.0,0.03,1.0,0.65,1,90,-0.0026612598361771917,0.43333333333333335,90,18,-0.00259395450698006,0.4111111111111111,0.8199716127186055,-0.08435295693149658,-0.004919550311745306,,,
flow_trend,0.3,0.0,0.03,1.0,0.5,1,90,-0.002515852272164977,0.43333333333333335,90,18,-0.00259395450698006,0.4111111111111111,0.8199716127186055,-0.08435295693149658,-0.004919550311745306,,,
flow_trend,0.3,0.0,0.0,1.0,0.35,1,90,-0.002515852272164977,0.43333333333333335,90,18,-0.00259395450698006,0.4111111111111111,0.8199716127186055,-0.08435295693149658,-0.004919550311745306,,,
trend_pullback,0.3,0.0,0.0,1.0,0.5,3,90,-0.0004445650071189387,0.36666666666666664,88,18,-0.0029353809911800174,0.3181818181818182,0.8553640280980631,-0.07338306548684104,-0.004923031948760733,0.45,,
trend_pullback,0.3,0.0,0.0,1.0,0.35,3,90,-0.0004445650071189387,0.36666666666666664,88,18,-0.0029353809911800174,0.3181818181818182,0.8553640280980631,-0.07338306548684104,-0.004923031948760733,0.45,,
volume_breakout,0.4,0.0,0.0,1.0,0.35,2,80,-0.0012292662507988237,0.4125,55,11,-0.0037738059289309294,0.32727272727272727,0.819452888007382,-0.04516708716936635,-0.004923955322010075,,-0.05,0.8
volume_breakout,0.4,0.0,0.0,1.0,0.65,2,80,-0.0012292662507988237,0.4125,55,11,-0.0037738059289309294,0.32727272727272727,0.819452888007382,-0.04516708716936635,-0.004923955322010075,,-0.05,0.8
volume_breakout,0.4,0.0,0.0,1.0,0.65,2,80,-0.0012292662507988237,0.4125,55,11,-0.0037738059289309294,0.32727272727272727,0.819452888007382,-0.04516708716936635,-0.004923955322010075,,-0.05,1.1
volume_breakout,0.4,0.0,0.0,1.0,0.5,2,80,-0.0012292662507988237,0.4125,55,11,-0.0037738059289309294,0.32727272727272727,0.819452888007382,-0.04516708716936635,-0.004923955322010075,,-0.05,0.8
volume_breakout,0.4,0.0,0.0,1.0,0.5,2,80,-0.0012292662507988237,0.4125,55,11,-0.0037738059289309294,0.32727272727272727,0.819452888007382,-0.04516708716936635,-0.004923955322010075,,-0.05,1.1
volume_breakout,0.4,0.0,0.03,1.0,0.35,2,80,-0.0012292662507988237,0.4125,55,11,-0.0037738059289309294,0.32727272727272727,0.819452888007382,-0.04516708716936635,-0.004923955322010075,,-0.05,0.8
volume_breakout,0.4,0.0,0.03,1.0,0.65,2,80,-0.0012292662507988237,0.4125,55,11,-0.0037738059289309294,0.32727272727272727,0.819452888007382,-0.04516708716936635,-0.004923955322010075,,-0.05,0.8
volume_breakout,0.4,0.0,0.03,1.0,0.5,2,80,-0.0012292662507988237,0.4125,55,11,-0.0037738059289309294,0.32727272727272727,0.819452888007382,-0.04516708716936635,-0.004923955322010075,,-0.05,1.1
volume_breakout,0.4,0.0,0.03,1.0,0.5,2,80,-0.0012292662507988237,0.4125,55,11,-0.0037738059289309294,0.32727272727272727,0.819452888007382,-0.04516708716936635,-0.004923955322010075,,-0.05,0.8
volume_breakout,0.4,0.0,0.03,1.0,0.35,2,80,-0.0012292662507988237,0.4125,55,11,-0.0037738059289309294,0.32727272727272727,0.819452888007382,-0.04516708716936635,-0.004923955322010075,,-0.05,1.1
volume_breakout,0.4,0.0,-0.03,1.0,0.5,2,80,-0.0012292662507988237,0.4125,55,11,-0.0037738059289309294,0.32727272727272727,0.819452888007382,-0.04516708716936635,-0.004923955322010075,,-0.05,0.8
volume_breakout,0.4,0.0,-0.03,1.0,0.5,2,80,-0.0012292662507988237,0.4125,55,11,-0.0037738059289309294,0.32727272727272727,0.819452888007382,-0.04516708716936635,-0.004923955322010075,,-0.05,1.1
volume_breakout,0.4,0.0,-0.03,1.0,0.65,2,80,-0.0012292662507988237,0.4125,55,11,-0.0037738059289309294,0.32727272727272727,0.819452888007382,-0.04516708716936635,-0.004923955322010075,,-0.05,1.1
volume_breakout,0.4,0.0,0.0,1.0,0.35,2,80,-0.0012292662507988237,0.4125,55,11,-0.0037738059289309294,0.32727272727272727,0.819452888007382,-0.04516708716936635,-0.004923955322010075,,-0.05,1.1
volume_breakout,0.4,0.0,-0.03,1.0,0.65,2,80,-0.0012292662507988237,0.4125,55,11,-0.0037738059289309294,0.32727272727272727,0.819452888007382,-0.04516708716936635,-0.004923955322010075,,-0.05,0.8
volume_breakout,0.4,0.0,0.03,1.0,0.65,2,80,-0.0012292662507988237,0.4125,55,11,-0.0037738059289309294,0.32727272727272727,0.819452888007382,-0.04516708716936635,-0.004923955322010075,,-0.05,1.1
volume_breakout,0.4,0.0,-0.03,1.0,0.35,2,80,-0.0012292662507988237,0.4125,55,11,-0.0037738059289309294,0.32727272727272727,0.819452888007382,-0.04516708716936635,-0.004923955322010075,,-0.05,0.8
volume_breakout,0.4,0.0,-0.03,1.0,0.35,2,80,-0.0012292662507988237,0.4125,55,11,-0.0037738059289309294,0.32727272727272727,0.819452888007382,-0.04516708716936635,-0.004923955322010075,,-0.05,1.1
trend_pullback,0.5,0.03,-0.03,1.0,0.65,1,75,0.0006507354924312906,0.4266666666666667,35,7,-0.00441551815788414,0.37142857142857144,0.7223532551658893,-0.023510671271244066,-0.004940249982229989,0.7,,
trend_pullback,0.5,0.03,0.0,1.0,0.65,1,75,0.0006507354924312906,0.4266666666666667,35,7,-0.00441551815788414,0.37142857142857144,0.7223532551658893,-0.023510671271244066,-0.004940249982229989,0.7,,
trend_pullback,0.5,0.03,0.03,1.0,0.65,1,75,0.0006507354924312906,0.4266666666666667,35,7,-0.00441551815788414,0.37142857142857144,0.7223532551658893,-0.023510671271244066,-0.004940249982229989,0.7,,
trend_pullback,0.5,0.0,0.03,1.0,0.65,1,75,0.0014507354924312918,0.44,35,7,-0.00441551815788414,0.37142857142857144,0.7223532551658893,-0.023510671271244066,-0.004940249982229989,0.7,,
trend_pullback,0.5,0.0,-0.03,1.0,0.65,1,75,0.0014507354924312918,0.44,35,7,-0.00441551815788414,0.37142857142857144,0.7223532551658893,-0.023510671271244066,-0.004940249982229989,0.7,,
trend_pullback,0.5,-0.03,0.03,1.0,0.65,1,75,0.0014507354924312918,0.44,35,7,-0.00441551815788414,0.37142857142857144,0.7223532551658893,-0.023510671271244066,-0.004940249982229989,0.7,,
trend_pullback,0.5,-0.03,0.0,1.0,0.65,1,75,0.0014507354924312918,0.44,35,7,-0.00441551815788414,0.37142857142857144,0.7223532551658893,-0.023510671271244066,-0.004940249982229989,0.7,,
trend_pullback,0.5,-0.03,-0.03,1.0,0.65,1,75,0.0014507354924312918,0.44,35,7,-0.00441551815788414,0.37142857142857144,0.7223532551658893,-0.023510671271244066,-0.004940249982229989,0.7,,
trend_pullback,0.5,0.0,0.0,1.0,0.65,1,75,0.0014507354924312918,0.44,35,7,-0.00441551815788414,0.37142857142857144,0.7223532551658893,-0.023510671271244066,-0.004940249982229989,0.7,,
trend_pullback,0.4,0.0,0.03,1.0,0.5,2,80,-0.0012892905056188534,0.375,53,11,-0.003924252756840076,0.3018867924528302,0.7959572535526137,-0.0415182471950758,-0.004970810859304197,0.45,,
trend_pullback,0.4,0.0,0.0,1.0,0.35,2,80,-0.0012892905056188534,0.375,53,11,-0.003924252756840076,0.3018867924528302,0.7959572535526137,-0.0415182471950758,-0.004970810859304197,0.45,,
trend_pullback,0.4,0.0,0.0,1.0,0.5,2,80,-0.0012892905056188534,0.375,53,11,-0.003924252756840076,0.3018867924528302,0.7959572535526137,-0.0415182471950758,-0.004970810859304197,0.45,,
trend_pullback,0.4,0.0,0.03,1.0,0.35,2,80,-0.0012892905056188534,0.375,53,11,-0.003924252756840076,0.3018867924528302,0.7959572535526137,-0.0415182471950758,-0.004970810859304197,0.45,,
volume_breakout,0.3,0.03,0.03,0.75,0.35,3,90,0.005576373152892485,0.4666666666666667,85,18,-0.003149952922715683,0.32941176470588235,0.849294548684356,-0.06963700964566033,-0.005026739574914404,,-0.05,1.1
volume_breakout,0.3,0.03,0.03,0.75,0.5,3,90,0.005576373152892485,0.4666666666666667,85,18,-0.003149952922715683,0.32941176470588235,0.849294548684356,-0.06963700964566033,-0.005026739574914404,,-0.05,0.8
volume_breakout,0.3,0.03,0.03,0.75,0.5,3,90,0.005576373152892485,0.4666666666666667,85,18,-0.003149952922715683,0.32941176470588235,0.849294548684356,-0.06963700964566033,-0.005026739574914404,,-0.05,1.1
volume_breakout,0.3,0.03,0.0,0.75,0.65,3,90,0.005576373152892485,0.4666666666666667,85,18,-0.003149952922715683,0.32941176470588235,0.849294548684356,-0.06963700964566033,-0.005026739574914404,,-0.05,1.1
volume_breakout,0.3,0.03,0.0,0.75,0.35,3,90,0.005576373152892485,0.4666666666666667,85,18,-0.003149952922715683,0.32941176470588235,0.849294548684356,-0.06963700964566033,-0.005026739574914404,,-0.05,0.8
volume_breakout,0.3,0.03,0.0,0.75,0.5,3,90,0.005576373152892485,0.4666666666666667,85,18,-0.003149952922715683,0.32941176470588235,0.849294548684356,-0.06963700964566033,-0.005026739574914404,,-0.05,1.1
volume_breakout,0.3,0.03,0.0,0.75,0.65,3,90,0.005576373152892485,0.4666666666666667,85,18,-0.003149952922715683,0.32941176470588235,0.849294548684356,-0.06963700964566033,-0.005026739574914404,,-0.05,0.8
volume_breakout,0.3,0.03,0.0,0.75,0.5,3,90,0.005576373152892485,0.4666666666666667,85,18,-0.003149952922715683,0.32941176470588235,0.849294548684356,-0.06963700964566033,-0.005026739574914404,,-0.05,0.8
volume_breakout,0.3,0.03,0.03,0.75,0.65,3,90,0.005576373152892485,0.4666666666666667,85,18,-0.003149952922715683,0.32941176470588235,0.849294548684356,-0.06963700964566033,-0.005026739574914404,,-0.05,1.1
volume_breakout,0.3,0.03,0.03,0.75,0.65,3,90,0.005576373152892485,0.4666666666666667,85,18,-0.003149952922715683,0.32941176470588235,0.849294548684356,-0.06963700964566033,-0.005026739574914404,,-0.05,0.8
volume_breakout,0.3,0.03,0.03,0.75,0.35,3,90,0.005576373152892485,0.4666666666666667,85,18,-0.003149952922715683,0.32941176470588235,0.849294548684356,-0.06963700964566033,-0.005026739574914404,,-0.05,0.8
volume_breakout,0.3,0.03,0.0,0.75,0.35,3,90,0.005576373152892485,0.4666666666666667,85,18,-0.003149952922715683,0.32941176470588235,0.849294548684356,-0.06963700964566033,-0.005026739574914404,,-0.05,1.1
volume_breakout,0.3,0.03,-0.03,0.75,0.65,3,90,0.005576373152892485,0.4666666666666667,85,18,-0.003149952922715683,0.32941176470588235,0.849294548684356,-0.06963700964566033,-0.005026739574914404,,-0.05,1.1
volume_breakout,0.3,0.03,-0.03,0.75,0.35,3,90,0.005576373152892485,0.4666666666666667,85,18,-0.003149952922715683,0.32941176470588235,0.849294548684356,-0.06963700964566033,-0.005026739574914404,,-0.05,0.8
volume_breakout,0.3,0.03,-0.03,0.75,0.5,3,90,0.005576373152892485,0.4666666666666667,85,18,-0.003149952922715683,0.32941176470588235,0.849294548684356,-0.06963700964566033,-0.005026739574914404,,-0.05,0.8
volume_breakout,0.3,0.03,-0.03,0.75,0.65,3,90,0.005576373152892485,0.4666666666666667,85,18,-0.003149952922715683,0.32941176470588235,0.849294548684356,-0.06963700964566033,-0.005026739574914404,,-0.05,0.8
volume_breakout,0.3,0.03,-0.03,0.75,0.5,3,90,0.005576373152892485,0.4666666666666667,85,18,-0.003149952922715683,0.32941176470588235,0.849294548684356,-0.06963700964566033,-0.005026739574914404,,-0.05,1.1
volume_breakout,0.3,0.03,-0.03,0.75,0.35,3,90,0.005576373152892485,0.4666666666666667,85,18,-0.003149952922715683,0.32941176470588235,0.849294548684356,-0.06963700964566033,-0.005026739574914404,,-0.05,1.1
volume_breakout,0.4,0.0,0.03,0.75,0.5,2,80,0.006519383826725575,0.4875,55,11,-0.003213564012069062,0.3090909090909091,0.8319593540050452,-0.06782553532417512,-0.005040340233293054,,0.0,1.1
volume_breakout,0.4,0.0,-0.03,0.75,0.5,2,80,0.006519383826725575,0.4875,55,11,-0.003213564012069062,0.3090909090909091,0.8319593540050452,-0.06782553532417512,-0.005040340233293054,,0.0,0.8
volume_breakout,0.4,0.0,-0.03,0.75,0.35,2,80,0.006519383826725575,0.4875,55,11,-0.003213564012069062,0.3090909090909091,0.8319593540050452,-0.06782553532417512,-0.005040340233293054,,0.0,1.1
volume_breakout,0.4,0.0,-0.03,0.75,0.35,2,80,0.006519383826725575,0.4875,55,11,-0.003213564012069062,0.3090909090909091,0.8319593540050452,-0.06782553532417512,-0.005040340233293054,,0.0,0.8
volume_breakout,0.4,0.0,-0.03,0.75,0.65,2,80,0.006519383826725575,0.4875,55,11,-0.003213564012069062,0.3090909090909091,0.8319593540050452,-0.06782553532417512,-0.005040340233293054,,0.0,0.8
volume_breakout,0.4,0.0,0.0,0.75,0.35,2,80,0.006519383826725575,0.4875,55,11,-0.003213564012069062,0.3090909090909091,0.8319593540050452,-0.06782553532417512,-0.005040340233293054,,0.0,1.1
volume_breakout,0.4,0.0,0.03,0.75,0.35,2,80,0.006519383826725575,0.4875,55,11,-0.003213564012069062,0.3090909090909091,0.8319593540050452,-0.06782553532417512,-0.005040340233293054,,0.0,1.1
volume_breakout,0.4,0.0,0.03,0.75,0.5,2,80,0.006519383826725575,0.4875,55,11,-0.003213564012069062,0.3090909090909091,0.8319593540050452,-0.06782553532417512,-0.005040340233293054,,0.0,0.8
volume_breakout,0.4,0.0,0.03,0.75,0.35,2,80,0.006519383826725575,0.4875,55,11,-0.003213564012069062,0.3090909090909091,0.8319593540050452,-0.06782553532417512,-0.005040340233293054,,0.0,0.8
volume_breakout,0.4,0.0,0.03,0.75,0.65,2,80,0.006519383826725575,0.4875,55,11,-0.003213564012069062,0.3090909090909091,0.8319593540050452,-0.06782553532417512,-0.005040340233293054,,0.0,0.8
volume_breakout,0.4,0.0,0.03,0.75,0.65,2,80,0.006519383826725575,0.4875,55,11,-0.003213564012069062,0.3090909090909091,0.8319593540050452,-0.06782553532417512,-0.005040340233293054,,0.0,1.1
volume_breakout,0.4,0.0,0.0,0.75,0.65,2,80,0.006519383826725575,0.4875,55,11,-0.003213564012069062,0.3090909090909091,0.8319593540050452,-0.06782553532417512,-0.005040340233293054,,0.0,0.8
volume_breakout,0.4,0.0,0.0,0.75,0.35,2,80,0.006519383826725575,0.4875,55,11,-0.003213564012069062,0.3090909090909091,0.8319593540050452,-0.06782553532417512,-0.005040340233293054,,0.0,0.8
volume_breakout,0.4,0.0,-0.03,0.75,0.65,2,80,0.006519383826725575,0.4875,55,11,-0.003213564012069062,0.3090909090909091,0.8319593540050452,-0.06782553532417512,-0.005040340233293054,,0.0,1.1
volume_breakout,0.4,0.0,-0.03,0.75,0.5,2,80,0.006519383826725575,0.4875,55,11,-0.003213564012069062,0.3090909090909091,0.8319593540050452,-0.06782553532417512,-0.005040340233293054,,0.0,1.1
volume_breakout,0.4,0.0,0.0,0.75,0.5,2,80,0.006519383826725575,0.4875,55,11,-0.003213564012069062,0.3090909090909091,0.8319593540050452,-0.06782553532417512,-0.005040340233293054,,0.0,1.1
volume_breakout,0.4,0.0,0.0,0.75,0.5,2,80,0.006519383826725575,0.4875,55,11,-0.003213564012069062,0.3090909090909091,0.8319593540050452,-0.06782553532417512,-0.005040340233293054,,0.0,0.8
volume_breakout,0.4,0.0,0.0,0.75,0.65,2,80,0.006519383826725575,0.4875,55,11,-0.003213564012069062,0.3090909090909091,0.8319593540050452,-0.06782553532417512,-0.005040340233293054,,0.0,1.1
trend_pullback,0.3,0.0,-0.03,1.0,0.5,2,90,-0.0015896372137004875,0.36666666666666664,89,18,-0.003312227462801105,0.3146067415730337,0.8323375831502773,-0.06586332050516419,-0.005080042682168461,0.45,,
trend_pullback,0.3,0.0,-0.03,1.0,0.35,2,90,-0.0015896372137004875,0.36666666666666664,89,18,-0.003312227462801105,0.3146067415730337,0.8323375831502773,-0.06586332050516419,-0.005080042682168461,0.45,,
trend_pullback,0.4,0.03,0.0,0.75,0.65,2,80,-0.005047231186591569,0.3375,52,11,-0.00366667719633169,0.34615384615384615,0.7915090515904835,-0.054118516073557665,-0.005092355415640799,0.7,,
trend_pullback,0.4,0.03,-0.03,0.75,0.65,2,80,-0.005047231186591569,0.3375,52,11,-0.00366667719633169,0.34615384615384615,0.7915090515904835,-0.054118516073557665,-0.005092355415640799,0.7,,
trend_pullback,0.4,0.0,0.0,1.0,0.35,1,80,0.0012489744418696792,0.45,55,11,-0.0041761026664623516,0.34545454545454546,0.7437690446243839,-0.03707625946273718,-0.0051024481891883714,0.7,,
trend_pullback,0.4,0.0,0.03,1.0,0.35,1,80,0.0012489744418696792,0.45,55,11,-0.0041761026664623516,0.34545454545454546,0.7437690446243839,-0.03707625946273718,-0.0051024481891883714,0.7,,
trend_pullback,0.4,0.03,0.0,1.0,0.65,3,80,-0.002871016399596922,0.3375,53,11,-0.0038582839072540745,0.32075471698113206,0.8123492030202668,-0.04830597858321051,-0.005104375963995322,0.7,,
trend_pullback,0.4,0.03,-0.03,1.0,0.65,3,80,-0.002871016399596922,0.3375,53,11,-0.0038582839072540745,0.32075471698113206,0.8123492030202668,-0.04830597858321051,-0.005104375963995322,0.7,,
trend_pullback,0.3,0.0,0.0,0.75,0.65,1,90,-0.0025996266023602696,0.4111111111111111,86,18,-0.003359013793372914,0.38372093023255816,0.7789576725310232,-0.06468925627872146,-0.005104952063601802,0.45,,
trend_pullback,0.3,0.0,-0.03,0.75,0.65,1,90,-0.0025996266023602696,0.4111111111111111,86,18,-0.003359013793372914,0.38372093023255816,0.7789576725310232,-0.06468925627872146,-0.005104952063601802,0.45,,
flow_trend,0.5,-0.03,0.0,1.0,0.35,3,75,-0.002364639926960795,0.44,35,7,-0.0037697742355700956,0.34285714285714286,0.8136200275624338,-0.05279418013272841,-0.005150194632661339,,,
flow_trend,0.5,-0.03,0.0,1.0,0.5,3,75,-0.002364639926960795,0.44,35,7,-0.0037697742355700956,0.34285714285714286,0.8136200275624338,-0.05279418013272841,-0.005150194632661339,,,
flow_trend,0.5,-0.03,-0.03,0.75,0.35,3,75,-0.002364639926960795,0.44,35,7,-0.0037697742355700956,0.34285714285714286,0.8136200275624338,-0.05279418013272841,-0.005150194632661339,,,
flow_trend,0.5,-0.03,0.0,0.75,0.35,3,75,-0.002364639926960795,0.44,35,7,-0.0037697742355700956,0.34285714285714286,0.8136200275624338,-0.05279418013272841,-0.005150194632661339,,,
flow_trend,0.5,-0.03,-0.03,1.0,0.35,3,75,-0.002364639926960795,0.44,35,7,-0.0037697742355700956,0.34285714285714286,0.8136200275624338,-0.05279418013272841,-0.005150194632661339,,,
flow_trend,0.5,-0.03,0.03,1.0,0.5,3,75,-0.002364639926960795,0.44,35,7,-0.0037697742355700956,0.34285714285714286,0.8136200275624338,-0.05279418013272841,-0.005150194632661339,,,
flow_trend,0.5,-0.03,0.03,1.0,0.35,3,75,-0.002364639926960795,0.44,35,7,-0.0037697742355700956,0.34285714285714286,0.8136200275624338,-0.05279418013272841,-0.005150194632661339,,,
flow_trend,0.5,0.03,-0.03,0.75,0.5,3,75,-0.0015046455303556628,0.4533333333333333,35,7,-0.0037697742355700956,0.34285714285714286,0.8136200275624338,-0.05279418013272841,-0.005150194632661339,,,
flow_trend,0.5,0.0,-0.03,1.0,0.5,3,75,-0.002364639926960795,0.44,35,7,-0.0037697742355700956,0.34285714285714286,0.8136200275624338,-0.05279418013272841,-0.005150194632661339,,,
flow_trend,0.5,0.03,0.0,0.75,0.35,3,75,-0.0015046455303556628,0.4533333333333333,35,7,-0.0037697742355700956,0.34285714285714286,0.8136200275624338,-0.05279418013272841,-0.005150194632661339,,,
flow_trend,0.5,0.03,-0.03,0.75,0.35,3,75,-0.0015046455303556628,0.4533333333333333,35,7,-0.0037697742355700956,0.34285714285714286,0.8136200275624338,-0.05279418013272841,-0.005150194632661339,,,
flow_trend,0.5,0.0,-0.03,0.75,0.5,3,75,-0.002364639926960795,0.44,35,7,-0.0037697742355700956,0.34285714285714286,0.8136200275624338,-0.05279418013272841,-0.005150194632661339,,,
flow_trend,0.5,0.0,-0.03,0.75,0.65,3,75,-0.002364639926960792,0.44,35,7,-0.0037697742355700956,0.34285714285714286,0.8136200275624338,-0.05279418013272841,-0.005150194632661339,,,
flow_trend,0.5,-0.03,0.03,1.0,0.65,3,75,-0.002364639926960792,0.44,35,7,-0.0037697742355700956,0.34285714285714286,0.8136200275624338,-0.05279418013272841,-0.005150194632661339,,,
flow_trend,0.5,0.0,-0.03,0.75,0.35,3,75,-0.002364639926960795,0.44,35,7,-0.0037697742355700956,0.34285714285714286,0.8136200275624338,-0.05279418013272841,-0.005150194632661339,,,
flow_trend,0.5,-0.03,-0.03,1.0,0.65,3,75,-0.002364639926960792,0.44,35,7,-0.0037697742355700956,0.34285714285714286,0.8136200275624338,-0.05279418013272841,-0.005150194632661339,,,
flow_trend,0.5,-0.03,-0.03,1.0,0.5,3,75,-0.002364639926960795,0.44,35,7,-0.0037697742355700956,0.34285714285714286,0.8136200275624338,-0.05279418013272841,-0.005150194632661339,,,
flow_trend,0.5,-0.03,-0.03,0.75,0.65,3,75,-0.002364639926960792,0.44,35,7,-0.0037697742355700956,0.34285714285714286,0.8136200275624338,-0.05279418013272841,-0.005150194632661339,,,
flow_trend,0.5,-0.03,-0.03,0.75,0.5,3,75,-0.002364639926960795,0.44,35,7,-0.0037697742355700956,0.34285714285714286,0.8136200275624338,-0.05279418013272841,-0.005150194632661339,,,
flow_trend,0.5,0.0,0.0,0.75,0.35,3,75,-0.002364639926960795,0.44,35,7,-0.0037697742355700956,0.34285714285714286,0.8136200275624338,-0.05279418013272841,-0.005150194632661339,,,
flow_trend,0.5,0.0,-0.03,1.0,0.65,3,75,-0.002364639926960792,0.44,35,7,-0.0037697742355700956,0.34285714285714286,0.8136200275624338,-0.05279418013272841,-0.005150194632661339,,,
flow_trend,0.5,-0.03,0.0,1.0,0.65,3,75,-0.002364639926960792,0.44,35,7,-0.0037697742355700956,0.34285714285714286,0.8136200275624338,-0.05279418013272841,-0.005150194632661339,,,
flow_trend,0.5,-0.03,0.03,0.75,0.35,3,75,-0.002364639926960795,0.44,35,7,-0.0037697742355700956,0.34285714285714286,0.8136200275624338,-0.05279418013272841,-0.005150194632661339,,,
flow_trend,0.5,0.03,-0.03,0.75,0.65,3,75,-0.0015046455303556598,0.4533333333333333,35,7,-0.0037697742355700956,0.34285714285714286,0.8136200275624338,-0.05279418013272841,-0.005150194632661339,,,
flow_trend,0.5,0.03,-0.03,1.0,0.35,3,75,-0.0015046455303556628,0.4533333333333333,35,7,-0.0037697742355700956,0.34285714285714286,0.8136200275624338,-0.05279418013272841,-0.005150194632661339,,,
flow_trend,0.5,0.0,-0.03,1.0,0.35,3,75,-0.002364639926960795,0.44,35,7,-0.0037697742355700956,0.34285714285714286,0.8136200275624338,-0.05279418013272841,-0.005150194632661339,,,
flow_trend,0.5,-0.03,0.03,0.75,0.5,3,75,-0.002364639926960795,0.44,35,7,-0.0037697742355700956,0.34285714285714286,0.8136200275624338,-0.05279418013272841,-0.005150194632661339,,,
flow_trend,0.5,0.03,-0.03,1.0,0.5,3,75,-0.0015046455303556628,0.4533333333333333,35,7,-0.0037697742355700956,0.34285714285714286,0.8136200275624338,-0.05279418013272841,-0.005150194632661339,,,
flow_trend,0.5,0.03,0.0,1.0,0.5,3,75,-0.0015046455303556628,0.4533333333333333,35,7,-0.0037697742355700956,0.34285714285714286,0.8136200275624338,-0.05279418013272841,-0.005150194632661339,,,
flow_trend,0.5,0.03,0.0,0.75,0.65,3,75,-0.0015046455303556598,0.4533333333333333,35,7,-0.0037697742355700956,0.34285714285714286,0.8136200275624338,-0.05279418013272841,-0.005150194632661339,,,
flow_trend,0.5,0.03,0.0,1.0,0.65,3,75,-0.0015046455303556598,0.4533333333333333,35,7,-0.0037697742355700956,0.34285714285714286,0.8136200275624338,-0.05279418013272841,-0.005150194632661339,,,
flow_trend,0.5,0.03,0.03,0.75,0.5,3,75,-0.0015046455303556628,0.4533333333333333,35,7,-0.0037697742355700956,0.34285714285714286,0.8136200275624338,-0.05279418013272841,-0.005150194632661339,,,
flow_trend,0.5,0.03,0.0,0.75,0.5,3,75,-0.0015046455303556628,0.4533333333333333,35,7,-0.0037697742355700956,0.34285714285714286,0.8136200275624338,-0.05279418013272841,-0.005150194632661339,,,
flow_trend,0.5,0.03,0.0,1.0,0.35,3,75,-0.0015046455303556628,0.4533333333333333,35,7,-0.0037697742355700956,0.34285714285714286,0.8136200275624338,-0.05279418013272841,-0.005150194632661339,,,
flow_trend,0.5,0.0,0.03,1.0,0.65,3,75,-0.002364639926960792,0.44,35,7,-0.0037697742355700956,0.34285714285714286,0.8136200275624338,-0.05279418013272841,-0.005150194632661339,,,
flow_trend,0.5,-0.03,0.0,0.75,0.5,3,75,-0.002364639926960795,0.44,35,7,-0.0037697742355700956,0.34285714285714286,0.8136200275624338,-0.05279418013272841,-0.005150194632661339,,,
flow_trend,0.5,-0.03,0.0,0.75,0.65,3,75,-0.002364639926960792,0.44,35,7,-0.0037697742355700956,0.34285714285714286,0.8136200275624338,-0.05279418013272841,-0.005150194632661339,,,
flow_trend,0.5,0.0,0.03,1.0,0.35,3,75,-0.002364639926960795,0.44,35,7,-0.0037697742355700956,0.34285714285714286,0.8136200275624338,-0.05279418013272841,-0.005150194632661339,,,
flow_trend,0.5,0.03,0.03,1.0,0.65,3,75,-0.0015046455303556598,0.4533333333333333,35,7,-0.0037697742355700956,0.34285714285714286,0.8136200275624338,-0.05279418013272841,-0.005150194632661339,,,
flow_trend,0.5,0.03,0.03,1.0,0.35,3,75,-0.0015046455303556628,0.4533333333333333,35,7,-0.0037697742355700956,0.34285714285714286,0.8136200275624338,-0.05279418013272841,-0.005150194632661339,,,
flow_trend,0.5,0.0,0.03,1.0,0.5,3,75,-0.002364639926960795,0.44,35,7,-0.0037697742355700956,0.34285714285714286,0.8136200275624338,-0.05279418013272841,-0.005150194632661339,,,
flow_trend,0.5,0.03,0.03,1.0,0.5,3,75,-0.0015046455303556628,0.4533333333333333,35,7,-0.0037697742355700956,0.34285714285714286,0.8136200275624338,-0.05279418013272841,-0.005150194632661339,,,
flow_trend,0.5,0.03,0.03,0.75,0.35,3,75,-0.0015046455303556628,0.4533333333333333,35,7,-0.0037697742355700956,0.34285714285714286,0.8136200275624338,-0.05279418013272841,-0.005150194632661339,,,
flow_trend,0.5,0.0,0.03,0.75,0.65,3,75,-0.002364639926960792,0.44,35,7,-0.0037697742355700956,0.34285714285714286,0.8136200275624338,-0.05279418013272841,-0.005150194632661339,,,
flow_trend,0.5,0.0,0.0,0.75,0.5,3,75,-0.002364639926960795,0.44,35,7,-0.0037697742355700956,0.34285714285714286,0.8136200275624338,-0.05279418013272841,-0.005150194632661339,,,
flow_trend,0.5,0.0,0.0,0.75,0.65,3,75,-0.002364639926960792,0.44,35,7,-0.0037697742355700956,0.34285714285714286,0.8136200275624338,-0.05279418013272841,-0.005150194632661339,,,
flow_trend,0.5,0.03,0.03,0.75,0.65,3,75,-0.0015046455303556598,0.4533333333333333,35,7,-0.0037697742355700956,0.34285714285714286,0.8136200275624338,-0.05279418013272841,-0.005150194632661339,,,
flow_trend,0.5,0.03,-0.03,1.0,0.65,3,75,-0.0015046455303556598,0.4533333333333333,35,7,-0.0037697742355700956,0.34285714285714286,0.8136200275624338,-0.05279418013272841,-0.005150194632661339,,,
flow_trend,0.5,0.0,0.0,1.0,0.65,3,75,-0.002364639926960792,0.44,35,7,-0.0037697742355700956,0.34285714285714286,0.8136200275624338,-0.05279418013272841,-0.005150194632661339,,,
flow_trend,0.5,0.0,0.03,0.75,0.5,3,75,-0.002364639926960795,0.44,35,7,-0.0037697742355700956,0.34285714285714286,0.8136200275624338,-0.05279418013272841,-0.005150194632661339,,,
flow_trend,0.5,0.0,0.03,0.75,0.35,3,75,-0.002364639926960795,0.44,35,7,-0.0037697742355700956,0.34285714285714286,0.8136200275624338,-0.05279418013272841,-0.005150194632661339,,,
flow_trend,0.5,0.0,0.0,1.0,0.35,3,75,-0.002364639926960795,0.44,35,7,-0.0037697742355700956,0.34285714285714286,0.8136200275624338,-0.05279418013272841,-0.005150194632661339,,,
flow_trend,0.5,0.0,0.0,1.0,0.5,3,75,-0.002364639926960795,0.44,35,7,-0.0037697742355700956,0.34285714285714286,0.8136200275624338,-0.05279418013272841,-0.005150194632661339,,,
flow_trend,0.5,-0.03,0.03,0.75,0.65,3,75,-0.002364639926960792,0.44,35,7,-0.0037697742355700956,0.34285714285714286,0.8136200275624338,-0.05279418013272841,-0.005150194632661339,,,
volume_breakout,0.5,0.03,-0.03,0.75,0.35,2,75,0.006486362793050711,0.49333333333333335,35,7,-0.003731209247511798,0.2857142857142857,0.8085392973831584,-0.05567776300618632,-0.005199407313351598,,0.0,0.8
volume_breakout,0.5,0.03,-0.03,0.75,0.35,2,75,0.006486362793050711,0.49333333333333335,35,7,-0.003731209247511798,0.2857142857142857,0.8085392973831584,-0.05567776300618632,-0.005199407313351598,,0.0,1.1
volume_breakout,0.5,0.03,0.03,0.75,0.5,2,75,0.006486362793050711,0.49333333333333335,35,7,-0.003731209247511798,0.2857142857142857,0.8085392973831584,-0.05567776300618632,-0.005199407313351598,,0.0,1.1
volume_breakout,0.5,0.03,-0.03,0.75,0.65,2,75,0.006486362793050711,0.49333333333333335,35,7,-0.003731209247511798,0.2857142857142857,0.8085392973831584,-0.05567776300618632,-0.005199407313351598,,0.0,0.8
volume_breakout,0.5,0.03,0.03,0.75,0.65,2,75,0.006486362793050711,0.49333333333333335,35,7,-0.003731209247511798,0.2857142857142857,0.8085392973831584,-0.05567776300618632,-0.005199407313351598,,0.0,0.8
volume_breakout,0.5,0.03,0.03,0.75,0.5,2,75,0.006486362793050711,0.49333333333333335,35,7,-0.003731209247511798,0.2857142857142857,0.8085392973831584,-0.05567776300618632,-0.005199407313351598,,0.0,0.8
volume_breakout,0.5,0.03,-0.03,0.75,0.5,2,75,0.006486362793050711,0.49333333333333335,35,7,-0.003731209247511798,0.2857142857142857,0.8085392973831584,-0.05567776300618632,-0.005199407313351598,,0.0,0.8
volume_breakout,0.5,0.03,-0.03,0.75,0.5,2,75,0.006486362793050711,0.49333333333333335,35,7,-0.003731209247511798,0.2857142857142857,0.8085392973831584,-0.05567776300618632,-0.005199407313351598,,0.0,1.1
volume_breakout,0.5,0.03,-0.03,0.75,0.65,2,75,0.006486362793050711,0.49333333333333335,35,7,-0.003731209247511798,0.2857142857142857,0.8085392973831584,-0.05567776300618632,-0.005199407313351598,,0.0,1.1
volume_breakout,0.5,0.03,0.0,0.75,0.35,2,75,0.006486362793050711,0.49333333333333335,35,7,-0.003731209247511798,0.2857142857142857,0.8085392973831584,-0.05567776300618632,-0.005199407313351598,,0.0,0.8
volume_breakout,0.5,0.03,0.03,0.75,0.65,2,75,0.006486362793050711,0.49333333333333335,35,7,-0.003731209247511798,0.2857142857142857,0.8085392973831584,-0.05567776300618632,-0.005199407313351598,,0.0,1.1
volume_breakout,0.5,0.03,0.0,0.75,0.5,2,75,0.006486362793050711,0.49333333333333335,35,7,-0.003731209247511798,0.2857142857142857,0.8085392973831584,-0.05567776300618632,-0.005199407313351598,,0.0,0.8
volume_breakout,0.5,0.03,0.0,0.75,0.5,2,75,0.006486362793050711,0.49333333333333335,35,7,-0.003731209247511798,0.2857142857142857,0.8085392973831584,-0.05567776300618632,-0.005199407313351598,,0.0,1.1
volume_breakout,0.5,0.03,0.0,0.75,0.65,2,75,0.006486362793050711,0.49333333333333335,35,7,-0.003731209247511798,0.2857142857142857,0.8085392973831584,-0.05567776300618632,-0.005199407313351598,,0.0,1.1
volume_breakout,0.5,0.03,0.03,0.75,0.35,2,75,0.006486362793050711,0.49333333333333335,35,7,-0.003731209247511798,0.2857142857142857,0.8085392973831584,-0.05567776300618632,-0.005199407313351598,,0.0,1.1
volume_breakout,0.5,0.03,0.03,0.75,0.35,2,75,0.006486362793050711,0.49333333333333335,35,7,-0.003731209247511798,0.2857142857142857,0.8085392973831584,-0.05567776300618632,-0.005199407313351598,,0.0,0.8
volume_breakout,0.5,0.03,0.0,0.75,0.35,2,75,0.006486362793050711,0.49333333333333335,35,7,-0.003731209247511798,0.2857142857142857,0.8085392973831584,-0.05567776300618632,-0.005199407313351598,,0.0,1.1
volume_breakout,0.5,0.03,0.0,0.75,0.65,2,75,0.006486362793050711,0.49333333333333335,35,7,-0.003731209247511798,0.2857142857142857,0.8085392973831584,-0.05567776300618632,-0.005199407313351598,,0.0,0.8
volume_breakout,0.3,0.03,0.0,1.0,0.35,2,90,0.0027052658158049653,0.43333333333333335,85,18,-0.002933648703814114,0.3176470588235294,0.8602540016362277,-0.08304235211908328,-0.0052098557669775555,,0.0,1.1
volume_breakout,0.3,0.03,0.0,1.0,0.5,2,90,0.0027052658158049653,0.43333333333333335,85,18,-0.002933648703814114,0.3176470588235294,0.8602540016362277,-0.08304235211908328,-0.0052098557669775555,,0.0,1.1
volume_breakout,0.3,0.03,0.03,1.0,0.35,2,90,0.0027052658158049653,0.43333333333333335,85,18,-0.002933648703814114,0.3176470588235294,0.8602540016362277,-0.08304235211908328,-0.0052098557669775555,,0.0,1.1
volume_breakout,0.3,0.03,-0.03,1.0,0.5,2,90,0.0027052658158049653,0.43333333333333335,85,18,-0.002933648703814114,0.3176470588235294,0.8602540016362277,-0.08304235211908328,-0.0052098557669775555,,0.0,1.1
volume_breakout,0.3,0.03,0.0,1.0,0.65,2,90,0.0027052658158049653,0.43333333333333335,85,18,-0.002933648703814114,0.3176470588235294,0.8602540016362277,-0.08304235211908328,-0.0052098557669775555,,0.0,1.1
volume_breakout,0.3,0.03,0.03,1.0,0.65,2,90,0.0027052658158049653,0.43333333333333335,85,18,-0.002933648703814114,0.3176470588235294,0.8602540016362277,-0.08304235211908328,-0.0052098557669775555,,0.0,1.1
volume_breakout,0.3,0.03,0.03,1.0,0.5,2,90,0.0027052658158049653,0.43333333333333335,85,18,-0.002933648703814114,0.3176470588235294,0.8602540016362277,-0.08304235211908328,-0.0052098557669775555,,0.0,1.1
volume_breakout,0.3,0.03,-0.03,1.0,0.35,2,90,0.0027052658158049653,0.43333333333333335,85,18,-0.002933648703814114,0.3176470588235294,0.8602540016362277,-0.08304235211908328,-0.0052098557669775555,,0.0,1.1
volume_breakout,0.3,0.03,-0.03,1.0,0.65,2,90,0.0027052658158049653,0.43333333333333335,85,18,-0.002933648703814114,0.3176470588235294,0.8602540016362277,-0.08304235211908328,-0.0052098557669775555,,0.0,1.1
volume_breakout,0.5,0.03,0.0,1.0,0.65,1,75,-0.0016655976387518372,0.4,35,7,-0.004442200815836555,0.34285714285714286,0.7377905508820526,-0.032748926112897925,-0.005240220961502979,,-0.05,1.1
volume_breakout,0.5,0.03,0.03,1.0,0.35,1,75,-0.0016655976387518372,0.4,35,7,-0.004442200815836555,0.34285714285714286,0.7377905508820526,-0.032748926112897925,-0.005240220961502979,,-0.05,0.8
volume_breakout,0.5,0.03,0.0,1.0,0.5,1,75,-0.0016655976387518372,0.4,35,7,-0.004442200815836555,0.34285714285714286,0.7377905508820526,-0.032748926112897925,-0.005240220961502979,,-0.05,1.1
volume_breakout,0.5,0.0,-0.03,1.0,0.35,1,75,-0.0016655976387518372,0.4,35,7,-0.004442200815836555,0.34285714285714286,0.7377905508820526,-0.032748926112897925,-0.005240220961502979,,-0.05,0.8
volume_breakout,0.5,0.03,0.0,1.0,0.35,1,75,-0.0016655976387518372,0.4,35,7,-0.004442200815836555,0.34285714285714286,0.7377905508820526,-0.032748926112897925,-0.005240220961502979,,-0.05,0.8
volume_breakout,0.5,-0.03,0.03,1.0,0.35,1,75,-0.0016655976387518372,0.4,35,7,-0.004442200815836555,0.34285714285714286,0.7377905508820526,-0.032748926112897925,-0.005240220961502979,,-0.05,0.8
volume_breakout,0.5,0.03,0.0,1.0,0.35,1,75,-0.0016655976387518372,0.4,35,7,-0.004442200815836555,0.34285714285714286,0.7377905508820526,-0.032748926112897925,-0.005240220961502979,,-0.05,1.1
volume_breakout,0.5,-0.03,0.03,1.0,0.35,1,75,-0.0016655976387518372,0.4,35,7,-0.004442200815836555,0.34285714285714286,0.7377905508820526,-0.032748926112897925,-0.005240220961502979,,-0.05,1.1
volume_breakout,0.5,0.0,-0.03,1.0,0.35,1,75,-0.0016655976387518372,0.4,35,7,-0.004442200815836555,0.34285714285714286,0.7377905508820526,-0.032748926112897925,-0.005240220961502979,,-0.05,1.1
volume_breakout,0.5,-0.03,0.03,1.0,0.65,1,75,-0.0016655976387518372,0.4,35,7,-0.004442200815836555,0.34285714285714286,0.7377905508820526,-0.032748926112897925,-0.005240220961502979,,-0.05,1.1
volume_breakout,0.5,-0.03,0.03,1.0,0.65,1,75,-0.0016655976387518372,0.4,35,7,-0.004442200815836555,0.34285714285714286,0.7377905508820526,-0.032748926112897925,-0.005240220961502979,,-0.05,0.8
volume_breakout,0.5,0.0,-0.03,1.0,0.5,1,75,-0.0016655976387518372,0.4,35,7,-0.004442200815836555,0.34285714285714286,0.7377905508820526,-0.032748926112897925,-0.005240220961502979,,-0.05,0.8
volume_breakout,0.5,0.0,0.03,1.0,0.65,1,75,-0.0016655976387518372,0.4,35,7,-0.004442200815836555,0.34285714285714286,0.7377905508820526,-0.032748926112897925,-0.005240220961502979,,-0.05,1.1
volume_breakout,0.5,-0.03,0.0,1.0,0.65,1,75,-0.0016655976387518372,0.4,35,7,-0.004442200815836555,0.34285714285714286,0.7377905508820526,-0.032748926112897925,-0.005240220961502979,,-0.05,1.1
volume_breakout,0.5,0.03,-0.03,1.0,0.35,1,75,-0.0016655976387518372,0.4,35,7,-0.004442200815836555,0.34285714285714286,0.7377905508820526,-0.032748926112897925,-0.005240220961502979,,-0.05,1.1
volume_breakout,0.5,0.0,0.03,1.0,0.5,1,75,-0.0016655976387518372,0.4,35,7,-0.004442200815836555,0.34285714285714286,0.7377905508820526,-0.032748926112897925,-0.005240220961502979,,-0.05,1.1
volume_breakout,0.5,0.03,-0.03,1.0,0.35,1,75,-0.0016655976387518372,0.4,35,7,-0.004442200815836555,0.34285714285714286,0.7377905508820526,-0.032748926112897925,-0.005240220961502979,,-0.05,0.8
volume_breakout,0.5,-0.03,-0.03,1.0,0.35,1,75,-0.0016655976387518372,0.4,35,7,-0.004442200815836555,0.34285714285714286,0.7377905508820526,-0.032748926112897925,-0.005240220961502979,,-0.05,0.8
volume_breakout,0.5,0.03,0.03,1.0,0.5,1,75,-0.0016655976387518372,0.4,35,7,-0.004442200815836555,0.34285714285714286,0.7377905508820526,-0.032748926112897925,-0.005240220961502979,,-0.05,0.8
volume_breakout,0.5,0.03,0.0,1.0,0.5,1,75,-0.0016655976387518372,0.4,35,7,-0.004442200815836555,0.34285714285714286,0.7377905508820526,-0.032748926112897925,-0.005240220961502979,,-0.05,0.8
volume_breakout,0.5,-0.03,0.0,1.0,0.5,1,75,-0.0016655976387518372,0.4,35,7,-0.004442200815836555,0.34285714285714286,0.7377905508820526,-0.032748926112897925,-0.005240220961502979,,-0.05,1.1
volume_breakout,0.5,0.03,0.0,1.0,0.65,1,75,-0.0016655976387518372,0.4,35,7,-0.004442200815836555,0.34285714285714286,0.7377905508820526,-0.032748926112897925,-0.005240220961502979,,-0.05,0.8
volume_breakout,0.5,0.03,0.03,1.0,0.35,1,75,-0.0016655976387518372,0.4,35,7,-0.004442200815836555,0.34285714285714286,0.7377905508820526,-0.032748926112897925,-0.005240220961502979,,-0.05,1.1
volume_breakout,0.5,-0.03,-0.03,1.0,0.5,1,75,-0.0016655976387518372,0.4,35,7,-0.004442200815836555,0.34285714285714286,0.7377905508820526,-0.032748926112897925,-0.005240220961502979,,-0.05,1.1
volume_breakout,0.5,-0.03,0.0,1.0,0.35,1,75,-0.0016655976387518372,0.4,35,7,-0.004442200815836555,0.34285714285714286,0.7377905508820526,-0.032748926112897925,-0.005240220961502979,,-0.05,1.1
volume_breakout,0.5,0.0,0.03,1.0,0.35,1,75,-0.0016655976387518372,0.4,35,7,-0.004442200815836555,0.34285714285714286,0.7377905508820526,-0.032748926112897925,-0.005240220961502979,,-0.05,0.8
volume_breakout,0.5,-0.03,-0.03,1.0,0.65,1,75,-0.0016655976387518372,0.4,35,7,-0.004442200815836555,0.34285714285714286,0.7377905508820526,-0.032748926112897925,-0.005240220961502979,,-0.05,1.1
volume_breakout,0.5,-0.03,-0.03,1.0,0.65,1,75,-0.0016655976387518372,0.4,35,7,-0.004442200815836555,0.34285714285714286,0.7377905508820526,-0.032748926112897925,-0.005240220961502979,,-0.05,0.8
volume_breakout,0.5,-0.03,0.0,1.0,0.5,1,75,-0.0016655976387518372,0.4,35,7,-0.004442200815836555,0.34285714285714286,0.7377905508820526,-0.032748926112897925,-0.005240220961502979,,-0.05,0.8
volume_breakout,0.5,-0.03,0.0,1.0,0.35,1,75,-0.0016655976387518372,0.4,35,7,-0.004442200815836555,0.34285714285714286,0.7377905508820526,-0.032748926112897925,-0.005240220961502979,,-0.05,0.8
volume_breakout,0.5,0.0,0.0,1.0,0.35,1,75,-0.0016655976387518372,0.4,35,7,-0.004442200815836555,0.34285714285714286,0.7377905508820526,-0.032748926112897925,-0.005240220961502979,,-0.05,0.8
volume_breakout,0.5,0.03,-0.03,1.0,0.5,1,75,-0.0016655976387518372,0.4,35,7,-0.004442200815836555,0.34285714285714286,0.7377905508820526,-0.032748926112897925,-0.005240220961502979,,-0.05,0.8
volume_breakout,0.5,0.0,0.0,1.0,0.35,1,75,-0.0016655976387518372,0.4,35,7,-0.004442200815836555,0.34285714285714286,0.7377905508820526,-0.032748926112897925,-0.005240220961502979,,-0.05,1.1
volume_breakout,0.5,0.0,0.03,1.0,0.65,1,75,-0.0016655976387518372,0.4,35,7,-0.004442200815836555,0.34285714285714286,0.7377905508820526,-0.032748926112897925,-0.005240220961502979,,-0.05,0.8
volume_breakout,0.5,0.0,0.03,1.0,0.35,1,75,-0.0016655976387518372,0.4,35,7,-0.004442200815836555,0.34285714285714286,0.7377905508820526,-0.032748926112897925,-0.005240220961502979,,-0.05,1.1
volume_breakout,0.5,-0.03,-0.03,1.0,0.5,1,75,-0.0016655976387518372,0.4,35,7,-0.004442200815836555,0.34285714285714286,0.7377905508820526,-0.032748926112897925,-0.005240220961502979,,-0.05,0.8
volume_breakout,0.5,0.0,0.03,1.0,0.5,1,75,-0.0016655976387518372,0.4,35,7,-0.004442200815836555,0.34285714285714286,0.7377905508820526,-0.032748926112897925,-0.005240220961502979,,-0.05,0.8
volume_breakout,0.5,-0.03,-0.03,1.0,0.35,1,75,-0.0016655976387518372,0.4,35,7,-0.004442200815836555,0.34285714285714286,0.7377905508820526,-0.032748926112897925,-0.005240220961502979,,-0.05,1.1
volume_breakout,0.5,0.0,0.0,1.0,0.5,1,75,-0.0016655976387518372,0.4,35,7,-0.004442200815836555,0.34285714285714286,0.7377905508820526,-0.032748926112897925,-0.005240220961502979,,-0.05,1.1
volume_breakout,0.5,0.0,-0.03,1.0,0.65,1,75,-0.0016655976387518372,0.4,35,7,-0.004442200815836555,0.34285714285714286,0.7377905508820526,-0.032748926112897925,-0.005240220961502979,,-0.05,1.1
volume_breakout,0.5,0.0,0.0,1.0,0.5,1,75,-0.0016655976387518372,0.4,35,7,-0.004442200815836555,0.34285714285714286,0.7377905508820526,-0.032748926112897925,-0.005240220961502979,,-0.05,0.8
volume_breakout,0.5,0.0,-0.03,1.0,0.65,1,75,-0.0016655976387518372,0.4,35,7,-0.004442200815836555,0.34285714285714286,0.7377905508820526,-0.032748926112897925,-0.005240220961502979,,-0.05,0.8
volume_breakout,0.5,0.0,-0.03,1.0,0.5,1,75,-0.0016655976387518372,0.4,35,7,-0.004442200815836555,0.34285714285714286,0.7377905508820526,-0.032748926112897925,-0.005240220961502979,,-0.05,1.1
volume_breakout,0.5,0.0,0.0,1.0,0.65,1,75,-0.0016655976387518372,0.4,35,7,-0.004442200815836555,0.34285714285714286,0.7377905508820526,-0.032748926112897925,-0.005240220961502979,,-0.05,1.1
volume_breakout,0.5,-0.03,0.0,1.0,0.65,1,75,-0.0016655976387518372,0.4,35,7,-0.004442200815836555,0.34285714285714286,0.7377905508820526,-0.032748926112897925,-0.005240220961502979,,-0.05,0.8
volume_breakout,0.5,0.0,0.0,1.0,0.65,1,75,-0.0016655976387518372,0.4,35,7,-0.004442200815836555,0.34285714285714286,0.7377905508820526,-0.032748926112897925,-0.005240220961502979,,-0.05,0.8
volume_breakout,0.5,0.03,-0.03,1.0,0.5,1,75,-0.0016655976387518372,0.4,35,7,-0.004442200815836555,0.34285714285714286,0.7377905508820526,-0.032748926112897925,-0.005240220961502979,,-0.05,1.1
volume_breakout,0.5,0.03,0.03,1.0,0.5,1,75,-0.0016655976387518372,0.4,35,7,-0.004442200815836555,0.34285714285714286,0.7377905508820526,-0.032748926112897925,-0.005240220961502979,,-0.05,1.1
volume_breakout,0.5,0.03,0.03,1.0,0.65,1,75,-0.0016655976387518372,0.4,35,7,-0.004442200815836555,0.34285714285714286,0.7377905508820526,-0.032748926112897925,-0.005240220961502979,,-0.05,1.1
volume_breakout,0.5,0.03,-0.03,1.0,0.65,1,75,-0.0016655976387518372,0.4,35,7,-0.004442200815836555,0.34285714285714286,0.7377905508820526,-0.032748926112897925,-0.005240220961502979,,-0.05,0.8
volume_breakout,0.5,0.03,0.03,1.0,0.65,1,75,-0.0016655976387518372,0.4,35,7,-0.004442200815836555,0.34285714285714286,0.7377905508820526,-0.032748926112897925,-0.005240220961502979,,-0.05,0.8
volume_breakout,0.5,-0.03,0.03,1.0,0.5,1,75,-0.0016655976387518372,0.4,35,7,-0.004442200815836555,0.34285714285714286,0.7377905508820526,-0.032748926112897925,-0.005240220961502979,,-0.05,1.1
volume_breakout,0.5,-0.03,0.03,1.0,0.5,1,75,-0.0016655976387518372,0.4,35,7,-0.004442200815836555,0.34285714285714286,0.7377905508820526,-0.032748926112897925,-0.005240220961502979,,-0.05,0.8
volume_breakout,0.5,0.03,-0.03,1.0,0.65,1,75,-0.0016655976387518372,0.4,35,7,-0.004442200815836555,0.34285714285714286,0.7377905508820526,-0.032748926112897925,-0.005240220961502979,,-0.05,1.1
trend_pullback,0.4,0.0,0.03,1.0,0.35,3,80,-0.0021009736417134358,0.35,55,11,-0.004199042130512346,0.3090909090909091,0.7930932048249478,-0.04141515138327534,-0.005243223370804369,0.7,,
trend_pullback,0.4,0.0,0.0,1.0,0.35,3,80,-0.0021009736417134358,0.35,55,11,-0.004199042130512346,0.3090909090909091,0.7930932048249478,-0.04141515138327534,-0.005243223370804369,0.7,,
trend_pullback,0.4,0.0,-0.03,1.0,0.35,3,80,-0.0021009736417134358,0.35,55,11,-0.004199042130512346,0.3090909090909091,0.7930932048249478,-0.04141515138327534,-0.005243223370804369,0.7,,
trend_pullback,0.4,0.0,-0.03,1.0,0.5,3,80,-0.0021009736417134358,0.35,55,11,-0.004199042130512346,0.3090909090909091,0.7930932048249478,-0.04141515138327534,-0.005243223370804369,0.7,,
trend_pullback,0.3,0.0,-0.03,1.0,0.5,3,90,-0.0004445650071189387,0.36666666666666664,89,18,-0.0032574553620656355,0.3146067415730337,0.8404926851402861,-0.07338306548684104,-0.005248824155385795,0.45,,
trend_pullback,0.3,0.0,-0.03,1.0,0.35,3,90,-0.0004445650071189387,0.36666666666666664,89,18,-0.0032574553620656355,0.3146067415730337,0.8404926851402861,-0.07338306548684104,-0.005248824155385795,0.45,,
trend_pullback,0.5,-0.03,-0.03,1.0,0.65,1,75,0.0010098125340828005,0.44,35,7,-0.004724759959511727,0.37142857142857144,0.7085749779694133,-0.023510671271244066,-0.0052529363531566954,0.45,,
trend_pullback,0.5,0.0,-0.03,1.0,0.65,1,75,0.0010098125340828005,0.44,35,7,-0.004724759959511727,0.37142857142857144,0.7085749779694133,-0.023510671271244066,-0.0052529363531566954,0.45,,
trend_pullback,0.5,0.03,0.03,1.0,0.65,1,75,0.0002098125340827998,0.4266666666666667,35,7,-0.004724759959511727,0.37142857142857144,0.7085749779694133,-0.023510671271244066,-0.0052529363531566954,0.45,,
trend_pullback,0.5,0.03,0.0,1.0,0.65,1,75,0.0002098125340827998,0.4266666666666667,35,7,-0.004724759959511727,0.37142857142857144,0.7085749779694133,-0.023510671271244066,-0.0052529363531566954,0.45,,
trend_pullback,0.5,-0.03,0.0,1.0,0.65,1,75,0.0010098125340828005,0.44,35,7,-0.004724759959511727,0.37142857142857144,0.7085749779694133,-0.023510671271244066,-0.0052529363531566954,0.45,,
trend_pullback,0.5,0.0,0.0,1.0,0.65,1,75,0.0010098125340828005,0.44,35,7,-0.004724759959511727,0.37142857142857144,0.7085749779694133,-0.023510671271244066,-0.0052529363531566954,0.45,,
trend_pullback,0.5,-0.03,0.03,1.0,0.65,1,75,0.0010098125340828005,0.44,35,7,-0.004724759959511727,0.37142857142857144,0.7085749779694133,-0.023510671271244066,-0.0052529363531566954,0.45,,
trend_pullback,0.5,0.0,0.03,1.0,0.65,1,75,0.0010098125340828005,0.44,35,7,-0.004724759959511727,0.37142857142857144,0.7085749779694133,-0.023510671271244066,-0.0052529363531566954,0.45,,
trend_pullback,0.5,0.03,-0.03,1.0,0.65,1,75,0.0002098125340827998,0.4266666666666667,35,7,-0.004724759959511727,0.37142857142857144,0.7085749779694133,-0.023510671271244066,-0.0052529363531566954,0.45,,
trend_pullback,0.4,0.0,0.03,1.0,0.5,1,80,0.0012489744418696792,0.45,54,11,-0.00423969036275063,0.35185185185185186,0.7443855180386583,-0.04096645048043035,-0.0052825874976538765,0.7,,
trend_pullback,0.4,0.0,0.0,1.0,0.5,1,80,0.0012489744418696792,0.45,54,11,-0.00423969036275063,0.35185185185185186,0.7443855180386583,-0.04096645048043035,-0.0052825874976538765,0.7,,
trend_pullback,0.4,0.03,-0.03,0.75,0.35,2,80,-0.00433812128380501,0.3625,51,11,-0.003995616696251864,0.35294117647058826,0.7672399273088029,-0.049976677020529436,-0.0053031070250405465,0.45,,
trend_pullback,0.4,0.03,0.0,0.75,0.35,2,80,-0.00433812128380501,0.3625,51,11,-0.003995616696251864,0.35294117647058826,0.7672399273088029,-0.049976677020529436,-0.0053031070250405465,0.45,,
trend_pullback,0.4,0.03,-0.03,0.75,0.5,2,80,-0.00433812128380501,0.3625,51,11,-0.003995616696251864,0.35294117647058826,0.7672399273088029,-0.049976677020529436,-0.0053031070250405465,0.45,,
trend_pullback,0.4,0.03,0.0,0.75,0.5,2,80,-0.00433812128380501,0.3625,51,11,-0.003995616696251864,0.35294117647058826,0.7672399273088029,-0.049976677020529436,-0.0053031070250405465,0.45,,
trend_pullback,0.4,-0.03,-0.03,0.75,0.35,2,80,-0.005490789955153255,0.3375,55,11,-0.003927946472898777,0.32727272727272727,0.7836000388587067,-0.052891228845931115,-0.005318783328562034,0.7,,
trend_pullback,0.4,-0.03,0.0,0.75,0.35,2,80,-0.005490789955153255,0.3375,55,11,-0.003927946472898777,0.32727272727272727,0.7836000388587067,-0.052891228845931115,-0.005318783328562034,0.7,,
trend_pullback,0.4,-0.03,0.03,0.75,0.5,2,80,-0.005490789955153255,0.3375,55,11,-0.003927946472898777,0.32727272727272727,0.7836000388587067,-0.052891228845931115,-0.005318783328562034,0.7,,
trend_pullback,0.4,-0.03,-0.03,0.75,0.5,2,80,-0.005490789955153255,0.3375,55,11,-0.003927946472898777,0.32727272727272727,0.7836000388587067,-0.052891228845931115,-0.005318783328562034,0.7,,
trend_pullback,0.4,-0.03,0.0,0.75,0.5,2,80,-0.005490789955153255,0.3375,55,11,-0.003927946472898777,0.32727272727272727,0.7836000388587067,-0.052891228845931115,-0.005318783328562034,0.7,,
trend_pullback,0.4,-0.03,0.03,0.75,0.35,2,80,-0.005490789955153255,0.3375,55,11,-0.003927946472898777,0.32727272727272727,0.7836000388587067,-0.052891228845931115,-0.005318783328562034,0.7,,
trend_pullback,0.3,-0.03,-0.03,0.75,0.35,1,90,-0.0035251618644215987,0.3888888888888889,90,18,-0.003332941652745809,0.4,0.7733180970993178,-0.07373699268054512,-0.005351721908887333,0.7,,
trend_pullback,0.3,-0.03,-0.03,0.75,0.5,1,90,-0.0035251618644215987,0.3888888888888889,90,18,-0.003332941652745809,0.4,0.7733180970993178,-0.07373699268054512,-0.005351721908887333,0.7,,
trend_pullback,0.3,-0.03,0.0,0.75,0.35,1,90,-0.0035251618644215987,0.3888888888888889,90,18,-0.003332941652745809,0.4,0.7733180970993178,-0.07373699268054512,-0.005351721908887333,0.7,,
trend_pullback,0.3,-0.03,0.0,0.75,0.5,1,90,-0.0035251618644215987,0.3888888888888889,90,18,-0.003332941652745809,0.4,0.7733180970993178,-0.07373699268054512,-0.005351721908887333,0.7,,
trend_pullback,0.4,0.0,-0.03,1.0,0.35,1,80,0.0012489744418696792,0.45,55,11,-0.004439263497844381,0.34545454545454546,0.731950516305448,-0.03855335146414429,-0.005412876412692348,0.7,,
trend_pullback,0.4,0.0,-0.03,1.0,0.5,1,80,0.0012489744418696792,0.45,55,11,-0.004439263497844381,0.34545454545454546,0.731950516305448,-0.03855335146414429,-0.005412876412692348,0.7,,
volume_breakout,0.3,-0.03,0.03,1.0,0.65,3,90,0.004373331377396536,0.43333333333333335,90,18,-0.003024809424809417,0.32222222222222224,0.8576559909626167,-0.08753610561034209,-0.005436478595379025,,0.0,0.8
volume_breakout,0.3,-0.03,-0.03,1.0,0.5,3,90,0.004373331377396536,0.43333333333333335,90,18,-0.003024809424809417,0.32222222222222224,0.8576559909626167,-0.08753610561034209,-0.005436478595379025,,0.0,0.8
volume_breakout,0.3,-0.03,-0.03,1.0,0.65,3,90,0.004373331377396536,0.43333333333333335,90,18,-0.003024809424809417,0.32222222222222224,0.8576559909626167,-0.08753610561034209,-0.005436478595379025,,0.0,0.8
volume_breakout,0.3,-0.03,0.0,1.0,0.65,3,90,0.004373331377396536,0.43333333333333335,90,18,-0.003024809424809417,0.32222222222222224,0.8576559909626167,-0.08753610561034209,-0.005436478595379025,,0.0,1.1
volume_breakout,0.3,-0.03,-0.03,1.0,0.5,3,90,0.004373331377396536,0.43333333333333335,90,18,-0.003024809424809417,0.32222222222222224,0.8576559909626167,-0.08753610561034209,-0.005436478595379025,,0.0,1.1
volume_breakout,0.3,-0.03,0.03,1.0,0.65,3,90,0.004373331377396536,0.43333333333333335,90,18,-0.003024809424809417,0.32222222222222224,0.8576559909626167,-0.08753610561034209,-0.005436478595379025,,0.0,1.1
volume_breakout,0.3,-0.03,-0.03,1.0,0.35,3,90,0.004373331377396536,0.43333333333333335,90,18,-0.003024809424809417,0.32222222222222224,0.8576559909626167,-0.08753610561034209,-0.005436478595379025,,0.0,1.1
volume_breakout,0.3,-0.03,0.03,1.0,0.5,3,90,0.004373331377396536,0.43333333333333335,90,18,-0.003024809424809417,0.32222222222222224,0.8576559909626167,-0.08753610561034209,-0.005436478595379025,,0.0,1.1
volume_breakout,0.3,-0.03,0.03,1.0,0.5,3,90,0.004373331377396536,0.43333333333333335,90,18,-0.003024809424809417,0.32222222222222224,0.8576559909626167,-0.08753610561034209,-0.005436478595379025,,0.0,0.8
volume_breakout,0.3,-0.03,-0.03,1.0,0.65,3,90,0.004373331377396536,0.43333333333333335,90,18,-0.003024809424809417,0.32222222222222224,0.8576559909626167,-0.08753610561034209,-0.005436478595379025,,0.0,1.1
volume_breakout,0.3,-0.03,0.0,1.0,0.35,3,90,0.004373331377396536,0.43333333333333335,90,18,-0.003024809424809417,0.32222222222222224,0.8576559909626167,-0.08753610561034209,-0.005436478595379025,,0.0,1.1
volume_breakout,0.3,-0.03,0.0,1.0,0.5,3,90,0.004373331377396536,0.43333333333333335,90,18,-0.003024809424809417,0.32222222222222224,0.8576559909626167,-0.08753610561034209,-0.005436478595379025,,0.0,0.8
volume_breakout,0.3,-0.03,0.0,1.0,0.65,3,90,0.004373331377396536,0.43333333333333335,90,18,-0.003024809424809417,0.32222222222222224,0.8576559909626167,-0.08753610561034209,-0.005436478595379025,,0.0,0.8
volume_breakout,0.3,-0.03,0.0,1.0,0.5,3,90,0.004373331377396536,0.43333333333333335,90,18,-0.003024809424809417,0.32222222222222224,0.8576559909626167,-0.08753610561034209,-0.005436478595379025,,0.0,1.1
volume_breakout,0.3,-0.03,0.0,1.0,0.35,3,90,0.004373331377396536,0.43333333333333335,90,18,-0.003024809424809417,0.32222222222222224,0.8576559909626167,-0.08753610561034209,-0.005436478595379025,,0.0,0.8
volume_breakout,0.3,-0.03,0.03,1.0,0.35,3,90,0.004373331377396536,0.43333333333333335,90,18,-0.003024809424809417,0.32222222222222224,0.8576559909626167,-0.08753610561034209,-0.005436478595379025,,0.0,0.8
volume_breakout,0.3,-0.03,-0.03,1.0,0.35,3,90,0.004373331377396536,0.43333333333333335,90,18,-0.003024809424809417,0.32222222222222224,0.8576559909626167,-0.08753610561034209,-0.005436478595379025,,0.0,0.8
volume_breakout,0.3,-0.03,0.03,1.0,0.35,3,90,0.004373331377396536,0.43333333333333335,90,18,-0.003024809424809417,0.32222222222222224,0.8576559909626167,-0.08753610561034209,-0.005436478595379025,,0.0,1.1
trend_pullback,0.4,0.03,0.03,0.75,0.65,2,80,-0.005047231186591569,0.3375,52,11,-0.003951550036921216,0.34615384615384615,0.7753108957315377,-0.05687618644191128,-0.00546400790624567,0.7,,
trend_pullback,0.4,0.0,0.03,1.0,0.5,2,80,-0.002672414019605172,0.3625,54,11,-0.004436766594676372,0.2962962962962963,0.7720237615398968,-0.0415182471950758,-0.005489308070143672,0.7,,
trend_pullback,0.4,0.0,-0.03,1.0,0.5,2,80,-0.0012892905056188534,0.375,54,11,-0.004436766594676372,0.2962962962962963,0.7720237615398968,-0.0415182471950758,-0.005489308070143672,0.45,,
trend_pullback,0.4,0.0,0.0,1.0,0.5,2,80,-0.002672414019605172,0.3625,54,11,-0.004436766594676372,0.2962962962962963,0.7720237615398968,-0.0415182471950758,-0.005489308070143672,0.7,,
trend_pullback,0.4,0.0,-0.03,1.0,0.35,2,80,-0.0012892905056188534,0.375,54,11,-0.004436766594676372,0.2962962962962963,0.7720237615398968,-0.0415182471950758,-0.005489308070143672,0.45,,
trend_pullback,0.5,-0.03,0.0,1.0,0.65,3,75,-0.0013980586614832054,0.36,35,7,-0.005019687059556173,0.3142857142857143,0.7527358539669734,-0.021968754708036053,-0.00549056573730551,0.45,,
trend_pullback,0.5,-0.03,0.0,1.0,0.65,3,75,-0.002495634855387695,0.3466666666666667,35,7,-0.005019687059556173,0.3142857142857143,0.7527358539669734,-0.021968754708036053,-0.00549056573730551,0.7,,
trend_pullback,0.5,-0.03,0.03,1.0,0.65,3,75,-0.0013980586614832054,0.36,35,7,-0.005019687059556173,0.3142857142857143,0.7527358539669734,-0.021968754708036053,-0.00549056573730551,0.45,,
trend_pullback,0.5,0.0,-0.03,1.0,0.65,3,75,-0.002495634855387695,0.3466666666666667,35,7,-0.005019687059556173,0.3142857142857143,0.7527358539669734,-0.021968754708036053,-0.00549056573730551,0.7,,
trend_pullback,0.5,-0.03,0.03,1.0,0.65,3,75,-0.002495634855387695,0.3466666666666667,35,7,-0.005019687059556173,0.3142857142857143,0.7527358539669734,-0.021968754708036053,-0.00549056573730551,0.7,,
trend_pullback,0.5,0.0,0.03,1.0,0.65,3,75,-0.002495634855387695,0.3466666666666667,35,7,-0.005019687059556173,0.3142857142857143,0.7527358539669734,-0.021968754708036053,-0.00549056573730551,0.7,,
trend_pullback,0.5,0.03,-0.03,1.0,0.65,3,75,-0.002219437603225591,0.3466666666666667,35,7,-0.005019687059556173,0.3142857142857143,0.7527358539669734,-0.021968754708036053,-0.00549056573730551,0.45,,
trend_pullback,0.5,0.03,0.03,1.0,0.65,3,75,-0.002219437603225591,0.3466666666666667,35,7,-0.005019687059556173,0.3142857142857143,0.7527358539669734,-0.021968754708036053,-0.00549056573730551,0.45,,
trend_pullback,0.5,0.03,0.0,1.0,0.65,3,75,-0.0033170137971300804,0.3333333333333333,35,7,-0.005019687059556173,0.3142857142857143,0.7527358539669734,-0.021968754708036053,-0.00549056573730551,0.7,,
trend_pullback,0.5,0.03,0.0,1.0,0.65,3,75,-0.002219437603225591,0.3466666666666667,35,7,-0.005019687059556173,0.3142857142857143,0.7527358539669734,-0.021968754708036053,-0.00549056573730551,0.45,,
trend_pullback,0.5,0.0,0.03,1.0,0.65,3,75,-0.0013980586614832054,0.36,35,7,-0.005019687059556173,0.3142857142857143,0.7527358539669734,-0.021968754708036053,-0.00549056573730551,0.45,,
trend_pullback,0.5,0.0,-0.03,1.0,0.65,3,75,-0.0013980586614832054,0.36,35,7,-0.005019687059556173,0.3142857142857143,0.7527358539669734,-0.021968754708036053,-0.00549056573730551,0.45,,
trend_pullback,0.5,0.0,0.0,1.0,0.65,3,75,-0.002495634855387695,0.3466666666666667,35,7,-0.005019687059556173,0.3142857142857143,0.7527358539669734,-0.021968754708036053,-0.00549056573730551,0.7,,
trend_pullback,0.5,0.0,0.0,1.0,0.65,3,75,-0.0013980586614832054,0.36,35,7,-0.005019687059556173,0.3142857142857143,0.7527358539669734,-0.021968754708036053,-0.00549056573730551,0.45,,
trend_pullback,0.5,-0.03,-0.03,1.0,0.65,3,75,-0.0013980586614832054,0.36,35,7,-0.005019687059556173,0.3142857142857143,0.7527358539669734,-0.021968754708036053,-0.00549056573730551,0.45,,
trend_pullback,0.5,-0.03,-0.03,1.0,0.65,3,75,-0.002495634855387695,0.3466666666666667,35,7,-0.005019687059556173,0.3142857142857143,0.7527358539669734,-0.021968754708036053,-0.00549056573730551,0.7,,
trend_pullback,0.5,0.03,-0.03,1.0,0.65,3,75,-0.0033170137971300804,0.3333333333333333,35,7,-0.005019687059556173,0.3142857142857143,0.7527358539669734,-0.021968754708036053,-0.00549056573730551,0.7,,
trend_pullback,0.5,0.03,0.03,1.0,0.65,3,75,-0.0033170137971300804,0.3333333333333333,35,7,-0.005019687059556173,0.3142857142857143,0.7527358539669734,-0.021968754708036053,-0.00549056573730551,0.7,,
trend_pullback,0.3,0.0,0.03,0.75,0.5,1,90,-0.0038527361681160543,0.3888888888888889,87,18,-0.003533654616490651,0.39080459770114945,0.7540699239254056,-0.07205660335842257,-0.005506835236261976,0.45,,
trend_pullback,0.3,0.0,0.03,0.75,0.35,1,90,-0.003403326224219748,0.4,87,18,-0.003644799806284571,0.39080459770114945,0.7482817262221974,-0.07384988428229622,-0.0056732259031979084,0.45,,
trend_pullback,0.4,0.03,0.03,0.75,0.5,2,80,-0.00433812128380501,0.3625,51,11,-0.004286075278813733,0.35294117647058826,0.7503195953724832,-0.053423764980971566,-0.0057012083293997585,0.45,,
trend_pullback,0.4,0.03,0.03,0.75,0.35,2,80,-0.00433812128380501,0.3625,51,11,-0.004286075278813733,0.35294117647058826,0.7503195953724832,-0.053423764980971566,-0.0057012083293997585,0.45,,
trend_pullback,0.3,-0.03,0.0,0.75,0.65,1,90,-0.002964490611206052,0.4,88,18,-0.0038848170716661956,0.375,0.7496290200071486,-0.06977524242435806,-0.00579066708939515,0.45,,
trend_pullback,0.3,-0.03,-0.03,0.75,0.65,1,90,-0.002964490611206052,0.4,88,18,-0.0038848170716661956,0.375,0.7496290200071486,-0.06977524242435806,-0.00579066708939515,0.45,,
flow_trend,0.3,0.03,0.03,1.0,0.65,3,90,-0.0027355305013821002,0.4222222222222222,88,18,-0.0031720177551674334,0.32954545454545453,0.8464021405868236,-0.09661536767806367,-0.005858878250362638,,,
flow_trend,0.3,0.03,0.0,1.0,0.5,3,90,-0.002735530501382103,0.4222222222222222,88,18,-0.0031720177551674334,0.32954545454545453,0.8464021405868236,-0.09661536767806367,-0.005858878250362638,,,
flow_trend,0.3,0.03,0.0,1.0,0.65,3,90,-0.0027355305013821002,0.4222222222222222,88,18,-0.0031720177551674334,0.32954545454545453,0.8464021405868236,-0.09661536767806367,-0.005858878250362638,,,
flow_trend,0.3,0.03,-0.03,1.0,0.5,3,90,-0.002735530501382103,0.4222222222222222,88,18,-0.0031720177551674334,0.32954545454545453,0.8464021405868236,-0.09661536767806367,-0.005858878250362638,,,
flow_trend,0.3,0.03,0.03,1.0,0.5,3,90,-0.002735530501382103,0.4222222222222222,88,18,-0.0031720177551674334,0.32954545454545453,0.8464021405868236,-0.09661536767806367,-0.005858878250362638,,,
flow_trend,0.3,0.03,0.03,1.0,0.35,3,90,-0.002735530501382103,0.4222222222222222,88,18,-0.0031720177551674334,0.32954545454545453,0.8464021405868236,-0.09661536767806367,-0.005858878250362638,,,
flow_trend,0.3,0.03,-0.03,1.0,0.35,3,90,-0.002735530501382103,0.4222222222222222,88,18,-0.0031720177551674334,0.32954545454545453,0.8464021405868236,-0.09661536767806367,-0.005858878250362638,,,
flow_trend,0.3,0.03,-0.03,1.0,0.65,3,90,-0.0027355305013821002,0.4222222222222222,88,18,-0.0031720177551674334,0.32954545454545453,0.8464021405868236,-0.09661536767806367,-0.005858878250362638,,,
flow_trend,0.3,0.03,0.0,1.0,0.35,3,90,-0.002735530501382103,0.4222222222222222,88,18,-0.0031720177551674334,0.32954545454545453,0.8464021405868236,-0.09661536767806367,-0.005858878250362638,,,
trend_pullback,0.3,0.0,0.0,0.75,0.5,1,90,-0.0037765566039910164,0.3888888888888889,88,18,-0.0036573635523350708,0.38636363636363635,0.7488824031357953,-0.0798484885705365,-0.0058655976086672175,0.45,,
volume_breakout,0.3,0.03,0.03,1.0,0.5,3,90,0.004373331377396536,0.43333333333333335,85,18,-0.0034615629203864433,0.3176470588235294,0.8381289944674308,-0.08753610561034242,-0.005878113840079858,,0.0,1.1
volume_breakout,0.3,0.03,-0.03,1.0,0.5,3,90,0.004373331377396536,0.43333333333333335,85,18,-0.0034615629203864433,0.3176470588235294,0.8381289944674308,-0.08753610561034242,-0.005878113840079858,,0.0,1.1
volume_breakout,0.3,0.03,-0.03,1.0,0.65,3,90,0.004373331377396536,0.43333333333333335,85,18,-0.0034615629203864433,0.3176470588235294,0.8381289944674308,-0.08753610561034242,-0.005878113840079858,,0.0,1.1
volume_breakout,0.3,0.03,0.03,1.0,0.65,3,90,0.004373331377396536,0.43333333333333335,85,18,-0.0034615629203864433,0.3176470588235294,0.8381289944674308,-0.08753610561034242,-0.005878113840079858,,0.0,1.1
volume_breakout,0.3,0.03,-0.03,1.0,0.35,3,90,0.004373331377396536,0.43333333333333335,85,18,-0.0034615629203864433,0.3176470588235294,0.8381289944674308,-0.08753610561034242,-0.005878113840079858,,0.0,1.1
volume_breakout,0.3,0.03,0.0,1.0,0.35,3,90,0.004373331377396536,0.43333333333333335,85,18,-0.0034615629203864433,0.3176470588235294,0.8381289944674308,-0.08753610561034242,-0.005878113840079858,,0.0,1.1
volume_breakout,0.3,0.03,0.0,1.0,0.65,3,90,0.004373331377396536,0.43333333333333335,85,18,-0.0034615629203864433,0.3176470588235294,0.8381289944674308,-0.08753610561034242,-0.005878113840079858,,0.0,1.1
volume_breakout,0.3,0.03,0.03,1.0,0.35,3,90,0.004373331377396536,0.43333333333333335,85,18,-0.0034615629203864433,0.3176470588235294,0.8381289944674308,-0.08753610561034242,-0.005878113840079858,,0.0,1.1
volume_breakout,0.3,0.03,0.0,1.0,0.5,3,90,0.004373331377396536,0.43333333333333335,85,18,-0.0034615629203864433,0.3176470588235294,0.8381289944674308,-0.08753610561034242,-0.005878113840079858,,0.0,1.1
trend_pullback,0.4,0.03,-0.03,1.0,0.35,3,80,-0.000519836489797965,0.375,52,11,-0.004348986868811137,0.3076923076923077,0.7852331979498668,-0.05829164519695007,-0.005901427925232172,0.45,,
trend_pullback,0.4,0.03,-0.03,1.0,0.5,3,80,-0.000519836489797965,0.375,52,11,-0.004348986868811137,0.3076923076923077,0.7852331979498668,-0.05829164519695007,-0.005901427925232172,0.45,,
trend_pullback,0.4,0.03,0.0,1.0,0.5,3,80,-0.000519836489797965,0.375,52,11,-0.004348986868811137,0.3076923076923077,0.7852331979498668,-0.05829164519695007,-0.005901427925232172,0.45,,
trend_pullback,0.4,0.03,0.0,1.0,0.35,3,80,-0.000519836489797965,0.375,52,11,-0.004348986868811137,0.3076923076923077,0.7852331979498668,-0.05829164519695007,-0.005901427925232172,0.45,,
trend_pullback,0.3,0.0,0.03,0.75,0.65,3,90,-0.004924698686014647,0.35555555555555557,87,18,-0.00296934226777841,0.3333333333333333,0.8531248321400492,-0.10676641022323052,-0.005959053366440313,0.7,,
trend_pullback,0.3,0.0,0.0,0.75,0.65,3,90,-0.005924698686014649,0.34444444444444444,87,18,-0.00296934226777841,0.3333333333333333,0.8531248321400492,-0.10676641022323052,-0.005959053366440313,0.7,,
trend_pullback,0.3,0.0,-0.03,0.75,0.65,3,90,-0.005924698686014649,0.34444444444444444,87,18,-0.00296934226777841,0.3333333333333333,0.8531248321400492,-0.10676641022323052,-0.005959053366440313,0.7,,
trend_pullback,0.4,0.03,-0.03,1.0,0.65,1,80,0.0005655064408232126,0.4375,52,11,-0.004472773791916621,0.38461538461538464,0.7306533226025167,-0.05587114099868462,-0.005966244691226531,0.45,,
trend_pullback,0.4,0.03,0.0,1.0,0.65,1,80,0.0005655064408232126,0.4375,52,11,-0.004472773791916621,0.38461538461538464,0.7306533226025167,-0.05587114099868462,-0.005966244691226531,0.45,,
trend_pullback,0.4,0.0,0.03,1.0,0.35,2,80,-0.002672414019605172,0.3625,55,11,-0.004930643565682256,0.2909090909090909,0.7494875582342938,-0.0415182471950758,-0.0059888190919759575,0.7,,
trend_pullback,0.4,0.0,0.0,1.0,0.35,2,80,-0.002672414019605172,0.3625,55,11,-0.004930643565682256,0.2909090909090909,0.7494875582342938,-0.0415182471950758,-0.0059888190919759575,0.7,,
trend_pullback,0.4,0.0,-0.03,1.0,0.35,2,80,-0.002672414019605172,0.3625,55,11,-0.004930643565682256,0.2909090909090909,0.7494875582342938,-0.0415182471950758,-0.0059888190919759575,0.7,,
trend_pullback,0.4,0.0,-0.03,1.0,0.5,2,80,-0.002672414019605172,0.3625,55,11,-0.004930643565682256,0.2909090909090909,0.7494875582342938,-0.0415182471950758,-0.0059888190919759575,0.7,,
trend_pullback,0.3,0.0,0.03,0.75,0.65,2,90,-0.0063814974597549085,0.32222222222222224,87,18,-0.003601227790462757,0.3333333333333333,0.8059777651832569,-0.0866418946561478,-0.005998990188851376,0.7,,
trend_pullback,0.3,0.0,0.0,0.75,0.65,2,90,-0.007177793756051206,0.3111111111111111,87,18,-0.003601227790462757,0.3333333333333333,0.8059777651832569,-0.0866418946561478,-0.005998990188851376,0.7,,
trend_pullback,0.3,0.0,-0.03,0.75,0.65,2,90,-0.007177793756051206,0.3111111111111111,87,18,-0.003601227790462757,0.3333333333333333,0.8059777651832569,-0.0866418946561478,-0.005998990188851376,0.7,,
trend_pullback,0.3,0.0,-0.03,0.75,0.5,1,90,-0.0037765566039910164,0.3888888888888889,89,18,-0.0037872382629032934,0.38202247191011235,0.7400958031292417,-0.08034693067894261,-0.006012622232489261,0.45,,
trend_pullback,0.3,0.0,0.0,0.75,0.35,1,90,-0.0033271466600947102,0.4,88,18,-0.0037672457286086064,0.38636363636363635,0.7432746922853259,-0.0816267114217275,-0.0060302283981891,0.45,,
trend_pullback,0.3,0.0,0.03,0.75,0.65,1,90,-0.0025368085430883054,0.4111111111111111,86,18,-0.003988041532235341,0.37209302325581395,0.7437598770928279,-0.07483686007169876,-0.006047207365113097,0.45,,
trend_pullback,0.4,0.03,0.03,0.75,0.35,3,80,-0.002942054287141608,0.4,51,11,-0.004033749660672676,0.3137254901960784,0.7879655941551135,-0.07495550041600008,-0.0060854232746139,0.45,,
trend_pullback,0.4,0.03,-0.03,0.75,0.35,3,80,-0.002942054287141608,0.4,51,11,-0.004033749660672676,0.3137254901960784,0.7879655941551135,-0.07495550041600008,-0.0060854232746139,0.45,,
trend_pullback,0.4,0.03,-0.03,0.75,0.5,3,80,-0.002942054287141608,0.4,51,11,-0.004033749660672676,0.3137254901960784,0.7879655941551135,-0.07495550041600008,-0.0060854232746139,0.45,,
trend_pullback,0.4,0.03,0.0,0.75,0.5,3,80,-0.002942054287141608,0.4,51,11,-0.004033749660672676,0.3137254901960784,0.7879655941551135,-0.07495550041600008,-0.0060854232746139,0.45,,
trend_pullback,0.4,0.03,0.0,0.75,0.35,3,80,-0.002942054287141608,0.4,51,11,-0.004033749660672676,0.3137254901960784,0.7879655941551135,-0.07495550041600008,-0.0060854232746139,0.45,,
trend_pullback,0.4,0.03,0.03,0.75,0.5,3,80,-0.002942054287141608,0.4,51,11,-0.004033749660672676,0.3137254901960784,0.7879655941551135,-0.07495550041600008,-0.0060854232746139,0.45,,
trend_pullback,0.3,0.0,0.03,1.0,0.5,2,90,-0.001819080337243882,0.36666666666666664,89,18,-0.004323463417857283,0.30337078651685395,0.7850134760020882,-0.06586332050516419,-0.006103109664011687,0.7,,
trend_pullback,0.3,0.0,0.0,1.0,0.5,2,90,-0.0028190803372438824,0.35555555555555557,89,18,-0.004323463417857286,0.30337078651685395,0.7850134760020882,-0.06586332050516419,-0.006103109664011689,0.7,,
volume_breakout,0.4,-0.03,-0.03,0.75,0.5,1,80,0.004949917090333479,0.525,55,11,-0.004139610569515953,0.3090909090909091,0.7473088277596555,-0.07185457024693465,-0.006108420469984078,,0.0,1.1
volume_breakout,0.4,-0.03,-0.03,0.75,0.35,1,80,0.004949917090333479,0.525,55,11,-0.004139610569515953,0.3090909090909091,0.7473088277596555,-0.07185457024693465,-0.006108420469984078,,0.0,0.8
volume_breakout,0.4,-0.03,-0.03,0.75,0.5,1,80,0.004949917090333479,0.525,55,11,-0.004139610569515953,0.3090909090909091,0.7473088277596555,-0.07185457024693465,-0.006108420469984078,,0.0,0.8
volume_breakout,0.4,-0.03,-0.03,0.75,0.65,1,80,0.004949917090333479,0.525,55,11,-0.004139610569515953,0.3090909090909091,0.7473088277596555,-0.07185457024693465,-0.006108420469984078,,0.0,1.1
volume_breakout,0.4,-0.03,-0.03,0.75,0.35,1,80,0.004949917090333479,0.525,55,11,-0.004139610569515953,0.3090909090909091,0.7473088277596555,-0.07185457024693465,-0.006108420469984078,,0.0,1.1
volume_breakout,0.4,-0.03,0.0,0.75,0.35,1,80,0.004949917090333479,0.525,55,11,-0.004139610569515953,0.3090909090909091,0.7473088277596555,-0.07185457024693465,-0.006108420469984078,,0.0,0.8
volume_breakout,0.4,-0.03,0.0,0.75,0.35,1,80,0.004949917090333479,0.525,55,11,-0.004139610569515953,0.3090909090909091,0.7473088277596555,-0.07185457024693465,-0.006108420469984078,,0.0,1.1
volume_breakout,0.4,-0.03,0.0,0.75,0.5,1,80,0.004949917090333479,0.525,55,11,-0.004139610569515953,0.3090909090909091,0.7473088277596555,-0.07185457024693465,-0.006108420469984078,,0.0,0.8
volume_breakout,0.4,-0.03,0.0,0.75,0.65,1,80,0.004949917090333479,0.525,55,11,-0.004139610569515953,0.3090909090909091,0.7473088277596555,-0.07185457024693465,-0.006108420469984078,,0.0,1.1
volume_breakout,0.4,-0.03,-0.03,0.75,0.65,1,80,0.004949917090333479,0.525,55,11,-0.004139610569515953,0.3090909090909091,0.7473088277596555,-0.07185457024693465,-0.006108420469984078,,0.0,0.8
volume_breakout,0.4,-0.03,0.0,0.75,0.65,1,80,0.004949917090333479,0.525,55,11,-0.004139610569515953,0.3090909090909091,0.7473088277596555,-0.07185457024693465,-0.006108420469984078,,0.0,0.8
volume_breakout,0.4,-0.03,0.0,0.75,0.5,1,80,0.004949917090333479,0.525,55,11,-0.004139610569515953,0.3090909090909091,0.7473088277596555,-0.07185457024693465,-0.006108420469984078,,0.0,1.1
volume_breakout,0.4,-0.03,0.03,0.75,0.5,1,80,0.004949917090333479,0.525,55,11,-0.004139610569515953,0.3090909090909091,0.7473088277596555,-0.07185457024693465,-0.006108420469984078,,0.0,1.1
volume_breakout,0.4,-0.03,0.03,0.75,0.65,1,80,0.004949917090333479,0.525,55,11,-0.004139610569515953,0.3090909090909091,0.7473088277596555,-0.07185457024693465,-0.006108420469984078,,0.0,1.1
volume_breakout,0.4,-0.03,0.03,0.75,0.5,1,80,0.004949917090333479,0.525,55,11,-0.004139610569515953,0.3090909090909091,0.7473088277596555,-0.07185457024693465,-0.006108420469984078,,0.0,0.8
volume_breakout,0.4,-0.03,0.03,0.75,0.35,1,80,0.004949917090333479,0.525,55,11,-0.004139610569515953,0.3090909090909091,0.7473088277596555,-0.07185457024693465,-0.006108420469984078,,0.0,1.1
volume_breakout,0.4,-0.03,0.03,0.75,0.35,1,80,0.004949917090333479,0.525,55,11,-0.004139610569515953,0.3090909090909091,0.7473088277596555,-0.07185457024693465,-0.006108420469984078,,0.0,0.8
volume_breakout,0.4,-0.03,0.03,0.75,0.65,1,80,0.004949917090333479,0.525,55,11,-0.004139610569515953,0.3090909090909091,0.7473088277596555,-0.07185457024693465,-0.006108420469984078,,0.0,0.8
trend_pullback,0.4,0.03,-0.03,1.0,0.65,2,80,-0.0027809464028929042,0.35,52,11,-0.004682546088848071,0.3076923076923077,0.7645034578923503,-0.05415391134916525,-0.0061160375648499415,0.45,,
trend_pullback,0.4,0.03,0.0,1.0,0.65,2,80,-0.0027809464028929042,0.35,52,11,-0.004682546088848071,0.3076923076923077,0.7645034578923503,-0.05415391134916525,-0.0061160375648499415,0.45,,
volume_breakout,0.4,0.0,0.03,0.75,0.5,3,80,0.004599992860125295,0.45,55,11,-0.004269936064205788,0.32727272727272727,0.797496968290878,-0.06978904384367102,-0.006164233137443199,,-0.05,0.8
volume_breakout,0.4,0.0,-0.03,0.75,0.35,3,80,0.004599992860125295,0.45,55,11,-0.004269936064205788,0.32727272727272727,0.797496968290878,-0.06978904384367102,-0.006164233137443199,,-0.05,0.8
volume_breakout,0.4,0.0,-0.03,0.75,0.5,3,80,0.004599992860125295,0.45,55,11,-0.004269936064205788,0.32727272727272727,0.797496968290878,-0.06978904384367102,-0.006164233137443199,,-0.05,1.1
volume_breakout,0.4,0.0,0.03,0.75,0.5,3,80,0.004599992860125295,0.45,55,11,-0.004269936064205788,0.32727272727272727,0.797496968290878,-0.06978904384367102,-0.006164233137443199,,-0.05,1.1
volume_breakout,0.4,0.0,-0.03,0.75,0.35,3,80,0.004599992860125295,0.45,55,11,-0.004269936064205788,0.32727272727272727,0.797496968290878,-0.06978904384367102,-0.006164233137443199,,-0.05,1.1
volume_breakout,0.4,0.0,0.03,0.75,0.35,3,80,0.004599992860125295,0.45,55,11,-0.004269936064205788,0.32727272727272727,0.797496968290878,-0.06978904384367102,-0.006164233137443199,,-0.05,0.8
volume_breakout,0.4,0.0,0.03,0.75,0.65,3,80,0.004599992860125295,0.45,55,11,-0.004269936064205788,0.32727272727272727,0.797496968290878,-0.06978904384367102,-0.006164233137443199,,-0.05,0.8
volume_breakout,0.4,0.0,0.0,0.75,0.35,3,80,0.004599992860125295,0.45,55,11,-0.004269936064205788,0.32727272727272727,0.797496968290878,-0.06978904384367102,-0.006164233137443199,,-0.05,1.1
volume_breakout,0.4,0.0,0.03,0.75,0.65,3,80,0.004599992860125295,0.45,55,11,-0.004269936064205788,0.32727272727272727,0.797496968290878,-0.06978904384367102,-0.006164233137443199,,-0.05,1.1
volume_breakout,0.4,0.0,-0.03,0.75,0.65,3,80,0.004599992860125295,0.45,55,11,-0.004269936064205788,0.32727272727272727,0.797496968290878,-0.06978904384367102,-0.006164233137443199,,-0.05,1.1
volume_breakout,0.4,0.0,0.0,0.75,0.5,3,80,0.004599992860125295,0.45,55,11,-0.004269936064205788,0.32727272727272727,0.797496968290878,-0.06978904384367102,-0.006164233137443199,,-0.05,0.8
volume_breakout,0.4,0.0,-0.03,0.75,0.65,3,80,0.004599992860125295,0.45,55,11,-0.004269936064205788,0.32727272727272727,0.797496968290878,-0.06978904384367102,-0.006164233137443199,,-0.05,0.8
volume_breakout,0.4,0.0,0.0,0.75,0.35,3,80,0.004599992860125295,0.45,55,11,-0.004269936064205788,0.32727272727272727,0.797496968290878,-0.06978904384367102,-0.006164233137443199,,-0.05,0.8
volume_breakout,0.4,0.0,0.03,0.75,0.35,3,80,0.004599992860125295,0.45,55,11,-0.004269936064205788,0.32727272727272727,0.797496968290878,-0.06978904384367102,-0.006164233137443199,,-0.05,1.1
volume_breakout,0.4,0.0,-0.03,0.75,0.5,3,80,0.004599992860125295,0.45,55,11,-0.004269936064205788,0.32727272727272727,0.797496968290878,-0.06978904384367102,-0.006164233137443199,,-0.05,0.8
volume_breakout,0.4,0.0,0.0,0.75,0.65,3,80,0.004599992860125295,0.45,55,11,-0.004269936064205788,0.32727272727272727,0.797496968290878,-0.06978904384367102,-0.006164233137443199,,-0.05,1.1
volume_breakout,0.4,0.0,0.0,0.75,0.65,3,80,0.004599992860125295,0.45,55,11,-0.004269936064205788,0.32727272727272727,0.797496968290878,-0.06978904384367102,-0.006164233137443199,,-0.05,0.8
volume_breakout,0.4,0.0,0.0,0.75,0.5,3,80,0.004599992860125295,0.45,55,11,-0.004269936064205788,0.32727272727272727,0.797496968290878,-0.06978904384367102,-0.006164233137443199,,-0.05,1.1
trend_pullback,0.3,0.0,-0.03,0.75,0.35,1,90,-0.0033271466600947102,0.4,89,18,-0.003895885807982744,0.38202247191011235,0.734618429065848,-0.08212419027447848,-0.006175956908950637,0.45,,
trend_pullback,0.3,-0.03,0.03,0.75,0.5,1,90,-0.004217600176961837,0.37777777777777777,89,18,-0.0040496254799015875,0.38202247191011235,0.724581507537116,-0.07710252771130344,-0.006181555934356412,0.45,,
volume_breakout,0.3,0.0,0.0,0.75,0.5,2,90,0.004739356033130319,0.5,90,18,-0.003941159459146111,0.3333333333333333,0.8025412721609494,-0.08308519935587,-0.006233080121781974,,-0.05,0.8
volume_breakout,0.3,0.0,0.0,0.75,0.35,2,90,0.004739356033130319,0.5,90,18,-0.003941159459146111,0.3333333333333333,0.8025412721609494,-0.08308519935587,-0.006233080121781974,,-0.05,1.1
volume_breakout,0.3,0.0,-0.03,0.75,0.5,2,90,0.004739356033130319,0.5,90,18,-0.003941159459146111,0.3333333333333333,0.8025412721609494,-0.08308519935587,-0.006233080121781974,,-0.05,1.1
volume_breakout,0.3,0.0,0.03,0.75,0.35,2,90,0.004739356033130319,0.5,90,18,-0.003941159459146111,0.3333333333333333,0.8025412721609494,-0.08308519935587,-0.006233080121781974,,-0.05,0.8
volume_breakout,0.3,0.0,0.03,0.75,0.65,2,90,0.004739356033130319,0.5,90,18,-0.003941159459146111,0.3333333333333333,0.8025412721609494,-0.08308519935587,-0.006233080121781974,,-0.05,0.8
volume_breakout,0.3,0.0,0.03,0.75,0.65,2,90,0.004739356033130319,0.5,90,18,-0.003941159459146111,0.3333333333333333,0.8025412721609494,-0.08308519935587,-0.006233080121781974,,-0.05,1.1
volume_breakout,0.3,0.0,-0.03,0.75,0.65,2,90,0.004739356033130319,0.5,90,18,-0.003941159459146111,0.3333333333333333,0.8025412721609494,-0.08308519935587,-0.006233080121781974,,-0.05,1.1
volume_breakout,0.3,0.0,0.0,0.75,0.65,2,90,0.004739356033130319,0.5,90,18,-0.003941159459146111,0.3333333333333333,0.8025412721609494,-0.08308519935587,-0.006233080121781974,,-0.05,1.1
volume_breakout,0.3,0.0,-0.03,0.75,0.65,2,90,0.004739356033130319,0.5,90,18,-0.003941159459146111,0.3333333333333333,0.8025412721609494,-0.08308519935587,-0.006233080121781974,,-0.05,0.8
volume_breakout,0.3,0.0,-0.03,0.75,0.35,2,90,0.004739356033130319,0.5,90,18,-0.003941159459146111,0.3333333333333333,0.8025412721609494,-0.08308519935587,-0.006233080121781974,,-0.05,0.8
volume_breakout,0.3,0.0,0.0,0.75,0.65,2,90,0.004739356033130319,0.5,90,18,-0.003941159459146111,0.3333333333333333,0.8025412721609494,-0.08308519935587,-0.006233080121781974,,-0.05,0.8
volume_breakout,0.3,0.0,0.0,0.75,0.5,2,90,0.004739356033130319,0.5,90,18,-0.003941159459146111,0.3333333333333333,0.8025412721609494,-0.08308519935587,-0.006233080121781974,,-0.05,1.1
volume_breakout,0.3,0.0,-0.03,0.75,0.35,2,90,0.004739356033130319,0.5,90,18,-0.003941159459146111,0.3333333333333333,0.8025412721609494,-0.08308519935587,-0.006233080121781974,,-0.05,1.1
volume_breakout,0.3,0.0,-0.03,0.75,0.5,2,90,0.004739356033130319,0.5,90,18,-0.003941159459146111,0.3333333333333333,0.8025412721609494,-0.08308519935587,-0.006233080121781974,,-0.05,0.8
volume_breakout,0.3,0.0,0.03,0.75,0.5,2,90,0.004739356033130319,0.5,90,18,-0.003941159459146111,0.3333333333333333,0.8025412721609494,-0.08308519935587,-0.006233080121781974,,-0.05,1.1
volume_breakout,0.3,0.0,0.03,0.75,0.5,2,90,0.004739356033130319,0.5,90,18,-0.003941159459146111,0.3333333333333333,0.8025412721609494,-0.08308519935587,-0.006233080121781974,,-0.05,0.8
volume_breakout,0.3,0.0,0.03,0.75,0.35,2,90,0.004739356033130319,0.5,90,18,-0.003941159459146111,0.3333333333333333,0.8025412721609494,-0.08308519935587,-0.006233080121781974,,-0.05,1.1
volume_breakout,0.3,0.0,0.0,0.75,0.35,2,90,0.004739356033130319,0.5,90,18,-0.003941159459146111,0.3333333333333333,0.8025412721609494,-0.08308519935587,-0.006233080121781974,,-0.05,0.8
flow_trend,0.3,0.03,-0.03,1.0,0.35,2,90,-0.0016359965361052026,0.45555555555555555,88,18,-0.0037539558624081373,0.3409090909090909,0.8062992249954543,-0.08951865900543576,-0.0062379408263223465,,,
flow_trend,0.3,0.03,-0.03,1.0,0.65,2,90,-0.0017579133789522759,0.45555555555555555,88,18,-0.0037539558624081373,0.3409090909090909,0.8062992249954543,-0.08951865900543576,-0.0062379408263223465,,,
flow_trend,0.3,0.03,-0.03,1.0,0.5,2,90,-0.0016359965361052026,0.45555555555555555,88,18,-0.0037539558624081373,0.3409090909090909,0.8062992249954543,-0.08951865900543576,-0.0062379408263223465,,,
flow_trend,0.3,0.03,0.03,1.0,0.35,2,90,-0.0016359965361052026,0.45555555555555555,88,18,-0.0037539558624081373,0.3409090909090909,0.8062992249954543,-0.08951865900543576,-0.0062379408263223465,,,
flow_trend,0.3,0.03,0.0,1.0,0.65,2,90,-0.0017579133789522759,0.45555555555555555,88,18,-0.0037539558624081373,0.3409090909090909,0.8062992249954543,-0.08951865900543576,-0.0062379408263223465,,,
flow_trend,0.3,0.03,0.03,1.0,0.65,2,90,-0.0017579133789522759,0.45555555555555555,88,18,-0.0037539558624081373,0.3409090909090909,0.8062992249954543,-0.08951865900543576,-0.0062379408263223465,,,
flow_trend,0.3,0.03,0.03,1.0,0.5,2,90,-0.0016359965361052026,0.45555555555555555,88,18,-0.0037539558624081373,0.3409090909090909,0.8062992249954543,-0.08951865900543576,-0.0062379408263223465,,,
flow_trend,0.3,0.03,0.0,1.0,0.5,2,90,-0.0016359965361052026,0.45555555555555555,88,18,-0.0037539558624081373,0.3409090909090909,0.8062992249954543,-0.08951865900543576,-0.0062379408263223465,,,
flow_trend,0.3,0.03,0.0,1.0,0.35,2,90,-0.0016359965361052026,0.45555555555555555,88,18,-0.0037539558624081373,0.3409090909090909,0.8062992249954543,-0.08951865900543576,-0.0062379408263223465,,,
flow_trend,0.3,0.03,-0.03,0.75,0.5,3,90,-0.002735530501382103,0.4222222222222222,86,18,-0.0035574135169155166,0.32558139534883723,0.828676200716921,-0.09661536767806389,-0.0062487054970782035,,,
flow_trend,0.3,0.03,0.03,0.75,0.65,3,90,-0.0027355305013821002,0.4222222222222222,86,18,-0.0035574135169155166,0.32558139534883723,0.828676200716921,-0.09661536767806389,-0.0062487054970782035,,,
flow_trend,0.3,0.03,-0.03,0.75,0.65,3,90,-0.0027355305013821002,0.4222222222222222,86,18,-0.0035574135169155166,0.32558139534883723,0.828676200716921,-0.09661536767806389,-0.0062487054970782035,,,
flow_trend,0.3,0.03,-0.03,0.75,0.35,3,90,-0.002735530501382103,0.4222222222222222,86,18,-0.0035574135169155166,0.32558139534883723,0.828676200716921,-0.09661536767806389,-0.0062487054970782035,,,
flow_trend,0.3,0.03,0.0,0.75,0.35,3,90,-0.002735530501382103,0.4222222222222222,86,18,-0.0035574135169155166,0.32558139534883723,0.828676200716921,-0.09661536767806389,-0.0062487054970782035,,,
flow_trend,0.3,0.03,0.0,0.75,0.5,3,90,-0.002735530501382103,0.4222222222222222,86,18,-0.0035574135169155166,0.32558139534883723,0.828676200716921,-0.09661536767806389,-0.0062487054970782035,,,
flow_trend,0.3,0.03,0.03,0.75,0.5,3,90,-0.002735530501382103,0.4222222222222222,86,18,-0.0035574135169155166,0.32558139534883723,0.828676200716921,-0.09661536767806389,-0.0062487054970782035,,,
flow_trend,0.3,0.03,0.0,0.75,0.65,3,90,-0.0027355305013821002,0.4222222222222222,86,18,-0.0035574135169155166,0.32558139534883723,0.828676200716921,-0.09661536767806389,-0.0062487054970782035,,,
flow_trend,0.3,0.03,0.03,0.75,0.35,3,90,-0.002735530501382103,0.4222222222222222,86,18,-0.0035574135169155166,0.32558139534883723,0.828676200716921,-0.09661536767806389,-0.0062487054970782035,,,
trend_pullback,0.3,0.03,0.0,0.75,0.65,1,90,-0.0035302336781128977,0.4,82,17,-0.0037360756122534963,0.4024390243902439,0.7601068575062766,-0.0902829324809411,-0.00625453687230516,0.7,,
trend_pullback,0.3,0.03,-0.03,0.75,0.65,1,90,-0.002754187211419264,0.4111111111111111,82,17,-0.0037360756122534963,0.4024390243902439,0.7601068575062766,-0.0902829324809411,-0.00625453687230516,0.7,,
volume_breakout,0.4,0.0,0.03,0.75,0.65,1,80,0.004221164666641126,0.5,55,11,-0.004435475273801647,0.3090909090909091,0.7098042219064379,-0.0667965209781094,-0.006261919847668319,,-0.05,0.8
volume_breakout,0.4,0.0,0.0,0.75,0.35,1,80,0.004221164666641126,0.5,55,11,-0.004435475273801647,0.3090909090909091,0.7098042219064379,-0.0667965209781094,-0.006261919847668319,,-0.05,0.8
volume_breakout,0.4,0.0,0.03,0.75,0.65,1,80,0.004221164666641126,0.5,55,11,-0.004435475273801647,0.3090909090909091,0.7098042219064379,-0.0667965209781094,-0.006261919847668319,,-0.05,1.1
volume_breakout,0.4,0.0,0.0,0.75,0.35,1,80,0.004221164666641126,0.5,55,11,-0.004435475273801647,0.3090909090909091,0.7098042219064379,-0.0667965209781094,-0.006261919847668319,,-0.05,1.1
volume_breakout,0.4,0.0,0.03,0.75,0.5,1,80,0.004221164666641126,0.5,55,11,-0.004435475273801647,0.3090909090909091,0.7098042219064379,-0.0667965209781094,-0.006261919847668319,,-0.05,0.8
volume_breakout,0.4,0.0,0.03,0.75,0.35,1,80,0.004221164666641126,0.5,55,11,-0.004435475273801647,0.3090909090909091,0.7098042219064379,-0.0667965209781094,-0.006261919847668319,,-0.05,1.1
volume_breakout,0.4,0.0,0.03,0.75,0.5,1,80,0.004221164666641126,0.5,55,11,-0.004435475273801647,0.3090909090909091,0.7098042219064379,-0.0667965209781094,-0.006261919847668319,,-0.05,1.1
volume_breakout,0.4,0.0,-0.03,0.75,0.35,1,80,0.004221164666641126,0.5,55,11,-0.004435475273801647,0.3090909090909091,0.7098042219064379,-0.0667965209781094,-0.006261919847668319,,-0.05,1.1
volume_breakout,0.4,0.0,0.03,0.75,0.35,1,80,0.004221164666641126,0.5,55,11,-0.004435475273801647,0.3090909090909091,0.7098042219064379,-0.0667965209781094,-0.006261919847668319,,-0.05,0.8
volume_breakout,0.4,0.0,-0.03,0.75,0.5,1,80,0.004221164666641126,0.5,55,11,-0.004435475273801647,0.3090909090909091,0.7098042219064379,-0.0667965209781094,-0.006261919847668319,,-0.05,1.1
volume_breakout,0.4,0.0,-0.03,0.75,0.35,1,80,0.004221164666641126,0.5,55,11,-0.004435475273801647,0.3090909090909091,0.7098042219064379,-0.0667965209781094,-0.006261919847668319,,-0.05,0.8
volume_breakout,0.4,0.0,-0.03,0.75,0.5,1,80,0.004221164666641126,0.5,55,11,-0.004435475273801647,0.3090909090909091,0.7098042219064379,-0.0667965209781094,-0.006261919847668319,,-0.05,0.8
volume_breakout,0.4,0.0,0.0,0.75,0.5,1,80,0.004221164666641126,0.5,55,11,-0.004435475273801647,0.3090909090909091,0.7098042219064379,-0.0667965209781094,-0.006261919847668319,,-0.05,0.8
volume_breakout,0.4,0.0,-0.03,0.75,0.65,1,80,0.004221164666641126,0.5,55,11,-0.004435475273801647,0.3090909090909091,0.7098042219064379,-0.0667965209781094,-0.006261919847668319,,-0.05,0.8
volume_breakout,0.4,0.0,0.0,0.75,0.65,1,80,0.004221164666641126,0.5,55,11,-0.004435475273801647,0.3090909090909091,0.7098042219064379,-0.0667965209781094,-0.006261919847668319,,-0.05,1.1
volume_breakout,0.4,0.0,0.0,0.75,0.65,1,80,0.004221164666641126,0.5,55,11,-0.004435475273801647,0.3090909090909091,0.7098042219064379,-0.0667965209781094,-0.006261919847668319,,-0.05,0.8
volume_breakout,0.4,0.0,0.0,0.75,0.5,1,80,0.004221164666641126,0.5,55,11,-0.004435475273801647,0.3090909090909091,0.7098042219064379,-0.0667965209781094,-0.006261919847668319,,-0.05,1.1
volume_breakout,0.4,0.0,-0.03,0.75,0.65,1,80,0.004221164666641126,0.5,55,11,-0.004435475273801647,0.3090909090909091,0.7098042219064379,-0.0667965209781094,-0.006261919847668319,,-0.05,1.1
trend_pullback,0.3,0.0,0.03,1.0,0.5,3,90,-0.0011170691630045344,0.35555555555555557,89,18,-0.004268691317121814,0.30337078651685395,0.7945476407892785,-0.07338306548684104,-0.006271546371529725,0.7,,
trend_pullback,0.3,0.0,0.0,1.0,0.5,3,90,-0.002117069163004535,0.34444444444444444,89,18,-0.0042686913171218165,0.30337078651685395,0.7945476407892784,-0.07338306548684104,-0.006271546371529728,0.7,,
trend_pullback,0.4,0.03,0.0,1.0,0.65,1,80,0.0004989744418696781,0.4375,53,11,-0.004780391964579221,0.37735849056603776,0.7134864866509633,-0.05587114099868462,-0.0062781545728770195,0.7,,
trend_pullback,0.4,0.03,-0.03,1.0,0.65,1,80,0.0004989744418696781,0.4375,53,11,-0.004780391964579221,0.37735849056603776,0.7134864866509633,-0.05587114099868462,-0.0062781545728770195,0.7,,
flow_trend,0.5,0.03,-0.03,1.0,0.65,2,75,-0.0016292952083612016,0.4533333333333333,35,7,-0.0048065230704730285,0.34285714285714286,0.7446764080773088,-0.05746754548776689,-0.0063443803330867085,,,
flow_trend,0.5,0.0,0.0,0.75,0.5,2,75,-0.002188970867744726,0.44,35,7,-0.0048065230704730285,0.34285714285714286,0.7446764080773088,-0.05746754548776689,-0.0063443803330867085,,,
flow_trend,0.5,-0.03,0.03,0.75,0.65,2,75,-0.002335271079161214,0.44,35,7,-0.0048065230704730285,0.34285714285714286,0.7446764080773088,-0.05746754548776689,-0.0063443803330867085,,,
flow_trend,0.5,0.03,-0.03,1.0,0.5,2,75,-0.0014829949969447135,0.4533333333333333,35,7,-0.0048065230704730285,0.34285714285714286,0.7446764080773088,-0.05746754548776689,-0.0063443803330867085,,,
flow_trend,0.5,0.03,0.0,0.75,0.35,2,75,-0.0014829949969447135,0.4533333333333333,35,7,-0.0048065230704730285,0.34285714285714286,0.7446764080773088,-0.05746754548776689,-0.0063443803330867085,,,
flow_trend,0.5,0.0,0.0,1.0,0.65,2,75,-0.002335271079161214,0.44,35,7,-0.0048065230704730285,0.34285714285714286,0.7446764080773088,-0.05746754548776689,-0.0063443803330867085,,,
flow_trend,0.5,0.0,0.0,1.0,0.35,2,75,-0.002188970867744726,0.44,35,7,-0.0048065230704730285,0.34285714285714286,0.7446764080773088,-0.05746754548776689,-0.0063443803330867085,,,
flow_trend,0.5,0.0,0.0,0.75,0.65,2,75,-0.002335271079161214,0.44,35,7,-0.0048065230704730285,0.34285714285714286,0.7446764080773088,-0.05746754548776689,-0.0063443803330867085,,,
flow_trend,0.5,0.0,0.0,1.0,0.5,2,75,-0.002188970867744726,0.44,35,7,-0.0048065230704730285,0.34285714285714286,0.7446764080773088,-0.05746754548776689,-0.0063443803330867085,,,
flow_trend,0.5,0.03,0.03,0.75,0.65,2,75,-0.0016292952083612016,0.4533333333333333,35,7,-0.0048065230704730285,0.34285714285714286,0.7446764080773088,-0.05746754548776689,-0.0063443803330867085,,,
flow_trend,0.5,0.03,0.03,1.0,0.35,2,75,-0.0014829949969447135,0.4533333333333333,35,7,-0.0048065230704730285,0.34285714285714286,0.7446764080773088,-0.05746754548776689,-0.0063443803330867085,,,
flow_trend,0.5,0.0,-0.03,1.0,0.5,2,75,-0.002188970867744726,0.44,35,7,-0.0048065230704730285,0.34285714285714286,0.7446764080773088,-0.05746754548776689,-0.0063443803330867085,,,
flow_trend,0.5,0.0,-0.03,1.0,0.65,2,75,-0.002335271079161214,0.44,35,7,-0.0048065230704730285,0.34285714285714286,0.7446764080773088,-0.05746754548776689,-0.0063443803330867085,,,
flow_trend,0.5,0.0,0.0,0.75,0.35,2,75,-0.002188970867744726,0.44,35,7,-0.0048065230704730285,0.34285714285714286,0.7446764080773088,-0.05746754548776689,-0.0063443803330867085,,,
flow_trend,0.5,-0.03,0.03,0.75,0.5,2,75,-0.002188970867744726,0.44,35,7,-0.0048065230704730285,0.34285714285714286,0.7446764080773088,-0.05746754548776689,-0.0063443803330867085,,,
flow_trend,0.5,-0.03,0.03,0.75,0.35,2,75,-0.002188970867744726,0.44,35,7,-0.0048065230704730285,0.34285714285714286,0.7446764080773088,-0.05746754548776689,-0.0063443803330867085,,,
flow_trend,0.5,0.0,-0.03,0.75,0.5,2,75,-0.002188970867744726,0.44,35,7,-0.0048065230704730285,0.34285714285714286,0.7446764080773088,-0.05746754548776689,-0.0063443803330867085,,,
flow_trend,0.5,0.0,0.03,0.75,0.35,2,75,-0.002188970867744726,0.44,35,7,-0.0048065230704730285,0.34285714285714286,0.7446764080773088,-0.05746754548776689,-0.0063443803330867085,,,
flow_trend,0.5,0.0,0.03,0.75,0.5,2,75,-0.002188970867744726,0.44,35,7,-0.0048065230704730285,0.34285714285714286,0.7446764080773088,-0.05746754548776689,-0.0063443803330867085,,,
flow_trend,0.5,-0.03,0.03,1.0,0.35,2,75,-0.002188970867744726,0.44,35,7,-0.0048065230704730285,0.34285714285714286,0.7446764080773088,-0.05746754548776689,-0.0063443803330867085,,,
flow_trend,0.5,-0.03,0.0,1.0,0.65,2,75,-0.002335271079161214,0.44,35,7,-0.0048065230704730285,0.34285714285714286,0.7446764080773088,-0.05746754548776689,-0.0063443803330867085,,,
flow_trend,0.5,-0.03,-0.03,0.75,0.5,2,75,-0.002188970867744726,0.44,35,7,-0.0048065230704730285,0.34285714285714286,0.7446764080773088,-0.05746754548776689,-0.0063443803330867085,,,
flow_trend,0.5,0.0,0.03,0.75,0.65,2,75,-0.002335271079161214,0.44,35,7,-0.0048065230704730285,0.34285714285714286,0.7446764080773088,-0.05746754548776689,-0.0063443803330867085,,,
flow_trend,0.5,0.0,0.03,1.0,0.35,2,75,-0.002188970867744726,0.44,35,7,-0.0048065230704730285,0.34285714285714286,0.7446764080773088,-0.05746754548776689,-0.0063443803330867085,,,
flow_trend,0.5,0.0,0.03,1.0,0.5,2,75,-0.002188970867744726,0.44,35,7,-0.0048065230704730285,0.34285714285714286,0.7446764080773088,-0.05746754548776689,-0.0063443803330867085,,,
flow_trend,0.5,0.0,0.03,1.0,0.65,2,75,-0.002335271079161214,0.44,35,7,-0.0048065230704730285,0.34285714285714286,0.7446764080773088,-0.05746754548776689,-0.0063443803330867085,,,
flow_trend,0.5,-0.03,0.0,0.75,0.65,2,75,-0.002335271079161214,0.44,35,7,-0.0048065230704730285,0.34285714285714286,0.7446764080773088,-0.05746754548776689,-0.0063443803330867085,,,
flow_trend,0.5,-0.03,0.0,1.0,0.35,2,75,-0.002188970867744726,0.44,35,7,-0.0048065230704730285,0.34285714285714286,0.7446764080773088,-0.05746754548776689,-0.0063443803330867085,,,
flow_trend,0.5,0.03,0.03,1.0,0.5,2,75,-0.0014829949969447135,0.4533333333333333,35,7,-0.0048065230704730285,0.34285714285714286,0.7446764080773088,-0.05746754548776689,-0.0063443803330867085,,,
flow_trend,0.5,0.03,0.03,1.0,0.65,2,75,-0.0016292952083612016,0.4533333333333333,35,7,-0.0048065230704730285,0.34285714285714286,0.7446764080773088,-0.05746754548776689,-0.0063443803330867085,,,
flow_trend,0.5,-0.03,0.0,0.75,0.5,2,75,-0.002188970867744726,0.44,35,7,-0.0048065230704730285,0.34285714285714286,0.7446764080773088,-0.05746754548776689,-0.0063443803330867085,,,
flow_trend,0.5,-0.03,0.0,1.0,0.5,2,75,-0.002188970867744726,0.44,35,7,-0.0048065230704730285,0.34285714285714286,0.7446764080773088,-0.05746754548776689,-0.0063443803330867085,,,
flow_trend,0.5,-0.03,-0.03,0.75,0.35,2,75,-0.002188970867744726,0.44,35,7,-0.0048065230704730285,0.34285714285714286,0.7446764080773088,-0.05746754548776689,-0.0063443803330867085,,,
flow_trend,0.5,0.0,-0.03,1.0,0.35,2,75,-0.002188970867744726,0.44,35,7,-0.0048065230704730285,0.34285714285714286,0.7446764080773088,-0.05746754548776689,-0.0063443803330867085,,,
flow_trend,0.5,-0.03,0.0,0.75,0.35,2,75,-0.002188970867744726,0.44,35,7,-0.0048065230704730285,0.34285714285714286,0.7446764080773088,-0.05746754548776689,-0.0063443803330867085,,,
flow_trend,0.5,-0.03,-0.03,1.0,0.65,2,75,-0.002335271079161214,0.44,35,7,-0.0048065230704730285,0.34285714285714286,0.7446764080773088,-0.05746754548776689,-0.0063443803330867085,,,
flow_trend,0.5,-0.03,-0.03,1.0,0.5,2,75,-0.002188970867744726,0.44,35,7,-0.0048065230704730285,0.34285714285714286,0.7446764080773088,-0.05746754548776689,-0.0063443803330867085,,,
flow_trend,0.5,-0.03,-0.03,1.0,0.35,2,75,-0.002188970867744726,0.44,35,7,-0.0048065230704730285,0.34285714285714286,0.7446764080773088,-0.05746754548776689,-0.0063443803330867085,,,
flow_trend,0.5,0.0,-0.03,0.75,0.35,2,75,-0.002188970867744726,0.44,35,7,-0.0048065230704730285,0.34285714285714286,0.7446764080773088,-0.05746754548776689,-0.0063443803330867085,,,
flow_trend,0.5,-0.03,0.03,1.0,0.65,2,75,-0.002335271079161214,0.44,35,7,-0.0048065230704730285,0.34285714285714286,0.7446764080773088,-0.05746754548776689,-0.0063443803330867085,,,
flow_trend,0.5,-0.03,0.03,1.0,0.5,2,75,-0.002188970867744726,0.44,35,7,-0.0048065230704730285,0.34285714285714286,0.7446764080773088,-0.05746754548776689,-0.0063443803330867085,,,
flow_trend,0.5,0.03,-0.03,0.75,0.35,2,75,-0.0014829949969447135,0.4533333333333333,35,7,-0.0048065230704730285,0.34285714285714286,0.7446764080773088,-0.05746754548776689,-0.0063443803330867085,,,
flow_trend,0.5,0.03,-0.03,1.0,0.35,2,75,-0.0014829949969447135,0.4533333333333333,35,7,-0.0048065230704730285,0.34285714285714286,0.7446764080773088,-0.05746754548776689,-0.0063443803330867085,,,
flow_trend,0.5,0.03,-0.03,0.75,0.65,2,75,-0.0016292952083612016,0.4533333333333333,35,7,-0.0048065230704730285,0.34285714285714286,0.7446764080773088,-0.05746754548776689,-0.0063443803330867085,,,
flow_trend,0.5,0.03,-0.03,0.75,0.5,2,75,-0.0014829949969447135,0.4533333333333333,35,7,-0.0048065230704730285,0.34285714285714286,0.7446764080773088,-0.05746754548776689,-0.0063443803330867085,,,
flow_trend,0.5,0.0,-0.03,0.75,0.65,2,75,-0.002335271079161214,0.44,35,7,-0.0048065230704730285,0.34285714285714286,0.7446764080773088,-0.05746754548776689,-0.0063443803330867085,,,
flow_trend,0.5,-0.03,-0.03,0.75,0.65,2,75,-0.002335271079161214,0.44,35,7,-0.0048065230704730285,0.34285714285714286,0.7446764080773088,-0.05746754548776689,-0.0063443803330867085,,,
flow_trend,0.5,0.03,0.03,0.75,0.5,2,75,-0.0014829949969447135,0.4533333333333333,35,7,-0.0048065230704730285,0.34285714285714286,0.7446764080773088,-0.05746754548776689,-0.0063443803330867085,,,
flow_trend,0.5,0.03,0.0,1.0,0.65,2,75,-0.0016292952083612016,0.4533333333333333,35,7,-0.0048065230704730285,0.34285714285714286,0.7446764080773088,-0.05746754548776689,-0.0063443803330867085,,,
flow_trend,0.5,0.03,0.03,0.75,0.35,2,75,-0.0014829949969447135,0.4533333333333333,35,7,-0.0048065230704730285,0.34285714285714286,0.7446764080773088,-0.05746754548776689,-0.0063443803330867085,,,
flow_trend,0.5,0.03,0.0,0.75,0.65,2,75,-0.0016292952083612016,0.4533333333333333,35,7,-0.0048065230704730285,0.34285714285714286,0.7446764080773088,-0.05746754548776689,-0.0063443803330867085,,,
flow_trend,0.5,0.03,0.0,1.0,0.35,2,75,-0.0014829949969447135,0.4533333333333333,35,7,-0.0048065230704730285,0.34285714285714286,0.7446764080773088,-0.05746754548776689,-0.0063443803330867085,,,
flow_trend,0.5,0.03,0.0,0.75,0.5,2,75,-0.0014829949969447135,0.4533333333333333,35,7,-0.0048065230704730285,0.34285714285714286,0.7446764080773088,-0.05746754548776689,-0.0063443803330867085,,,
flow_trend,0.5,0.03,0.0,1.0,0.5,2,75,-0.0014829949969447135,0.4533333333333333,35,7,-0.0048065230704730285,0.34285714285714286,0.7446764080773088,-0.05746754548776689,-0.0063443803330867085,,,
trend_pullback,0.3,-0.03,0.03,0.75,0.35,1,90,-0.004217600176961837,0.37777777777777777,89,18,-0.004158273024981039,0.38202247191011235,0.7192666931224753,-0.07888605722154773,-0.0063450380683468515,0.45,,
trend_pullback,0.3,0.0,0.03,1.0,0.35,2,90,-0.001819080337243882,0.36666666666666664,90,18,-0.0046265360465477575,0.3,0.7713942347231756,-0.06586332050516419,-0.006409587103021889,0.7,,
trend_pullback,0.3,0.0,0.0,1.0,0.35,2,90,-0.0028190803372438824,0.35555555555555557,90,18,-0.00462653604654776,0.3,0.7713942347231755,-0.06586332050516419,-0.006409587103021892,0.7,,
trend_pullback,0.3,0.0,-0.03,1.0,0.35,2,90,-0.0028190803372438824,0.35555555555555557,90,18,-0.00462653604654776,0.3,0.7713942347231755,-0.06586332050516419,-0.006409587103021892,0.7,,
trend_pullback,0.3,0.0,-0.03,1.0,0.5,2,90,-0.0028190803372438824,0.35555555555555557,90,18,-0.00462653604654776,0.3,0.7713942347231755,-0.06586332050516419,-0.006409587103021892,0.7,,
trend_pullback,0.4,0.03,-0.03,1.0,0.5,3,80,-0.0024014036651692607,0.35,53,11,-0.004863156927890173,0.3018867924528302,0.7623550903875235,-0.05829164519695007,-0.006421317511201795,0.7,,
trend_pullback,0.4,0.03,-0.03,1.0,0.35,3,80,-0.0024014036651692607,0.35,53,11,-0.004863156927890173,0.3018867924528302,0.7623550903875235,-0.05829164519695007,-0.006421317511201795,0.7,,
trend_pullback,0.4,0.03,0.0,1.0,0.5,3,80,-0.0024014036651692607,0.35,53,11,-0.004863156927890173,0.3018867924528302,0.7623550903875235,-0.05829164519695007,-0.006421317511201795,0.7,,
trend_pullback,0.4,0.03,0.0,1.0,0.35,3,80,-0.0024014036651692607,0.35,53,11,-0.004863156927890173,0.3018867924528302,0.7623550903875235,-0.05829164519695007,-0.006421317511201795,0.7,,
trend_pullback,0.3,0.03,0.03,0.75,0.65,1,90,-0.003058356926385945,0.4,82,17,-0.003892675214053363,0.4024390243902439,0.7500516084995853,-0.09262256848734574,-0.006483839366548838,0.7,,
flow_trend,0.3,0.03,-0.03,0.75,0.65,2,90,-0.0017579133789522759,0.45555555555555555,86,18,-0.004152885068510655,0.3372093023255814,0.7866314950083196,-0.08441673241379377,-0.006488729167172388,,,
flow_trend,0.3,0.03,0.0,0.75,0.65,2,90,-0.0017579133789522759,0.45555555555555555,86,18,-0.004152885068510655,0.3372093023255814,0.7866314950083196,-0.08441673241379377,-0.006488729167172388,,,
flow_trend,0.3,0.03,-0.03,0.75,0.35,2,90,-0.0016359965361052026,0.45555555555555555,86,18,-0.004152885068510655,0.3372093023255814,0.7866314950083196,-0.08441673241379377,-0.006488729167172388,,,
flow_trend,0.3,0.03,0.0,0.75,0.5,2,90,-0.0016359965361052026,0.45555555555555555,86,18,-0.004152885068510655,0.3372093023255814,0.7866314950083196,-0.08441673241379377,-0.006488729167172388,,,
flow_trend,0.3,0.03,0.03,0.75,0.5,2,90,-0.0016359965361052026,0.45555555555555555,86,18,-0.004152885068510655,0.3372093023255814,0.7866314950083196,-0.08441673241379377,-0.006488729167172388,,,
flow_trend,0.3,0.03,0.0,0.75,0.35,2,90,-0.0016359965361052026,0.45555555555555555,86,18,-0.004152885068510655,0.3372093023255814,0.7866314950083196,-0.08441673241379377,-0.006488729167172388,,,
flow_trend,0.3,0.03,0.03,0.75,0.35,2,90,-0.0016359965361052026,0.45555555555555555,86,18,-0.004152885068510655,0.3372093023255814,0.7866314950083196,-0.08441673241379377,-0.006488729167172388,,,
flow_trend,0.3,0.03,-0.03,0.75,0.5,2,90,-0.0016359965361052026,0.45555555555555555,86,18,-0.004152885068510655,0.3372093023255814,0.7866314950083196,-0.08441673241379377,-0.006488729167172388,,,
flow_trend,0.3,0.03,0.03,0.75,0.65,2,90,-0.0017579133789522759,0.45555555555555555,86,18,-0.004152885068510655,0.3372093023255814,0.7866314950083196,-0.08441673241379377,-0.006488729167172388,,,
trend_pullback,0.3,-0.03,0.0,0.75,0.65,3,90,-0.005924698686014649,0.34444444444444444,90,18,-0.003468033620028235,0.3333333333333333,0.8286976720705991,-0.1079552148825964,-0.006499515648488477,0.7,,
trend_pullback,0.3,-0.03,0.03,0.75,0.65,3,90,-0.004924698686014647,0.35555555555555557,90,18,-0.003468033620028235,0.3333333333333333,0.8286976720705991,-0.1079552148825964,-0.006499515648488477,0.7,,
trend_pullback,0.3,-0.03,-0.03,0.75,0.65,3,90,-0.005924698686014649,0.34444444444444444,90,18,-0.003468033620028235,0.3333333333333333,0.8286976720705991,-0.1079552148825964,-0.006499515648488477,0.7,,
trend_pullback,0.3,-0.03,-0.03,0.75,0.5,1,90,-0.004141420612836799,0.37777777777777777,90,18,-0.004164852318689342,0.37777777777777777,0.7203159097030707,-0.08485204259836399,-0.006530334619214494,0.45,,
trend_pullback,0.3,-0.03,0.0,0.75,0.5,1,90,-0.004141420612836799,0.37777777777777777,90,18,-0.004164852318689342,0.37777777777777777,0.7203159097030707,-0.08485204259836399,-0.006530334619214494,0.45,,
trend_pullback,0.4,0.03,-0.03,0.75,0.35,2,80,-0.004365789955153254,0.35,52,11,-0.005090504405471754,0.3269230769230769,0.7154154758229097,-0.054118516073557665,-0.006535206018722757,0.7,,
trend_pullback,0.4,0.03,0.0,0.75,0.5,2,80,-0.004365789955153254,0.35,52,11,-0.005090504405471754,0.3269230769230769,0.7154154758229097,-0.054118516073557665,-0.006535206018722757,0.7,,
trend_pullback,0.4,0.03,0.0,0.75,0.35,2,80,-0.004365789955153254,0.35,52,11,-0.005090504405471754,0.3269230769230769,0.7154154758229097,-0.054118516073557665,-0.006535206018722757,0.7,,
trend_pullback,0.4,0.03,-0.03,0.75,0.5,2,80,-0.004365789955153254,0.35,52,11,-0.005090504405471754,0.3269230769230769,0.7154154758229097,-0.054118516073557665,-0.006535206018722757,0.7,,
trend_pullback,0.3,0.0,0.03,1.0,0.35,3,90,-0.0011170691630045344,0.35555555555555557,90,18,-0.00457237252470935,0.3,0.781197848865445,-0.07338306548684104,-0.006578565027098219,0.7,,
trend_pullback,0.3,0.0,0.0,1.0,0.35,3,90,-0.002117069163004535,0.34444444444444444,90,18,-0.004572372524709351,0.3,0.7811978488654449,-0.07338306548684104,-0.006578565027098221,0.7,,
trend_pullback,0.3,0.0,-0.03,1.0,0.5,3,90,-0.002117069163004535,0.34444444444444444,90,18,-0.004572372524709351,0.3,0.7811978488654449,-0.07338306548684104,-0.006578565027098221,0.7,,
trend_pullback,0.3,0.0,-0.03,1.0,0.35,3,90,-0.002117069163004535,0.34444444444444444,90,18,-0.004572372524709351,0.3,0.7811978488654449,-0.07338306548684104,-0.006578565027098221,0.7,,
trend_pullback,0.3,0.03,0.0,1.0,0.65,1,90,-0.0003134795061531472,0.4222222222222222,82,17,-0.0037661273821936324,0.36585365853658536,0.7832634409750373,-0.1003289018482062,-0.006580178577396059,0.45,,
trend_pullback,0.3,0.03,-0.03,1.0,0.65,1,90,-0.0003134795061531472,0.4222222222222222,82,17,-0.0037661273821936324,0.36585365853658536,0.7832634409750373,-0.1003289018482062,-0.006580178577396059,0.45,,
trend_pullback,0.4,0.03,0.03,1.0,0.65,1,80,0.0005655064408232126,0.4375,52,11,-0.004954524580719743,0.36538461538461536,0.7038011167228881,-0.060560376911025005,-0.006595385608869771,0.45,,
trend_pullback,0.4,0.03,0.0,1.0,0.65,2,80,-0.003455818616077648,0.35,53,11,-0.005190422577737731,0.3018867924528302,0.7418313755293059,-0.05415391134916525,-0.0066295820743303615,0.7,,
trend_pullback,0.4,0.03,-0.03,1.0,0.65,2,80,-0.003455818616077648,0.35,53,11,-0.005190422577737731,0.3018867924528302,0.7418313755293059,-0.05415391134916525,-0.0066295820743303615,0.7,,
trend_pullback,0.3,-0.03,-0.03,0.75,0.35,1,90,-0.004141420612836799,0.37777777777777777,90,18,-0.004272292668823466,0.37777777777777777,0.7151560677562233,-0.08662059591796278,-0.006692121529423294,0.45,,
trend_pullback,0.3,-0.03,0.0,0.75,0.35,1,90,-0.004141420612836799,0.37777777777777777,90,18,-0.004272292668823466,0.37777777777777777,0.7151560677562233,-0.08662059591796278,-0.006692121529423294,0.45,,
trend_pullback,0.3,-0.03,0.03,0.75,0.65,1,90,-0.002901672551934088,0.4,88,18,-0.0044995487255544775,0.36363636363636365,0.716569828931959,-0.07986766608319407,-0.00671643625081731,0.45,,
trend_pullback,0.4,0.03,0.03,1.0,0.65,3,80,-0.001842038717811463,0.35,52,11,-0.0050555585977781915,0.3076923076923077,0.7587580366479681,-0.0653614269956978,-0.006826711898487134,0.45,,
trend_pullback,0.4,0.03,0.03,1.0,0.65,1,80,0.0004989744418696781,0.4375,53,11,-0.005253053115857756,0.3584905660377358,0.6873820143467345,-0.060560376911024894,-0.006898018919601819,0.7,,
trend_pullback,0.4,0.03,0.03,0.75,0.5,2,80,-0.004365789955153254,0.35,52,11,-0.00537537724606128,0.3269230769230769,0.6994896666431741,-0.05687618644191139,-0.0069067904226578275,0.7,,
trend_pullback,0.4,0.03,0.03,0.75,0.35,2,80,-0.004365789955153254,0.35,52,11,-0.00537537724606128,0.3269230769230769,0.6994896666431741,-0.05687618644191139,-0.0069067904226578275,0.7,,
flow_trend,0.3,-0.03,0.03,1.0,0.65,1,90,-0.0026612598361771917,0.43333333333333335,90,18,-0.0039324041207226875,0.4,0.7395604427514746,-0.1061500105153198,-0.006932014325494413,,,
flow_trend,0.3,-0.03,0.0,1.0,0.35,1,90,-0.002515852272164977,0.43333333333333335,90,18,-0.0039324041207226875,0.4,0.7395604427514746,-0.1061500105153198,-0.006932014325494413,,,
flow_trend,0.3,-0.03,0.03,1.0,0.35,1,90,-0.002515852272164977,0.43333333333333335,90,18,-0.0039324041207226875,0.4,0.7395604427514746,-0.1061500105153198,-0.006932014325494413,,,
flow_trend,0.3,-0.03,0.0,1.0,0.65,1,90,-0.0026612598361771917,0.43333333333333335,90,18,-0.0039324041207226875,0.4,0.7395604427514746,-0.1061500105153198,-0.006932014325494413,,,
flow_trend,0.3,-0.03,0.03,0.75,0.35,1,90,-0.002515852272164977,0.43333333333333335,90,18,-0.0039324041207226875,0.4,0.7395604427514746,-0.1061500105153198,-0.006932014325494413,,,
flow_trend,0.3,-0.03,-0.03,0.75,0.35,1,90,-0.002515852272164977,0.43333333333333335,90,18,-0.0039324041207226875,0.4,0.7395604427514746,-0.1061500105153198,-0.006932014325494413,,,
flow_trend,0.3,-0.03,0.0,0.75,0.5,1,90,-0.002515852272164977,0.43333333333333335,90,18,-0.0039324041207226875,0.4,0.7395604427514746,-0.1061500105153198,-0.006932014325494413,,,
flow_trend,0.3,-0.03,0.0,0.75,0.65,1,90,-0.0026612598361771917,0.43333333333333335,90,18,-0.0039324041207226875,0.4,0.7395604427514746,-0.1061500105153198,-0.006932014325494413,,,
flow_trend,0.3,-0.03,0.03,0.75,0.5,1,90,-0.002515852272164977,0.43333333333333335,90,18,-0.0039324041207226875,0.4,0.7395604427514746,-0.1061500105153198,-0.006932014325494413,,,
flow_trend,0.3,-0.03,0.03,0.75,0.65,1,90,-0.0026612598361771917,0.43333333333333335,90,18,-0.0039324041207226875,0.4,0.7395604427514746,-0.1061500105153198,-0.006932014325494413,,,
flow_trend,0.3,-0.03,0.03,1.0,0.5,1,90,-0.002515852272164977,0.43333333333333335,90,18,-0.0039324041207226875,0.4,0.7395604427514746,-0.1061500105153198,-0.006932014325494413,,,
flow_trend,0.3,-0.03,0.0,1.0,0.5,1,90,-0.002515852272164977,0.43333333333333335,90,18,-0.0039324041207226875,0.4,0.7395604427514746,-0.1061500105153198,-0.006932014325494413,,,
flow_trend,0.3,-0.03,0.0,0.75,0.35,1,90,-0.002515852272164977,0.43333333333333335,90,18,-0.0039324041207226875,0.4,0.7395604427514746,-0.1061500105153198,-0.006932014325494413,,,
flow_trend,0.3,-0.03,-0.03,0.75,0.5,1,90,-0.002515852272164977,0.43333333333333335,90,18,-0.0039324041207226875,0.4,0.7395604427514746,-0.1061500105153198,-0.006932014325494413,,,
flow_trend,0.3,-0.03,-0.03,0.75,0.65,1,90,-0.0026612598361771917,0.43333333333333335,90,18,-0.0039324041207226875,0.4,0.7395604427514746,-0.1061500105153198,-0.006932014325494413,,,
flow_trend,0.3,-0.03,-0.03,1.0,0.35,1,90,-0.002515852272164977,0.43333333333333335,90,18,-0.0039324041207226875,0.4,0.7395604427514746,-0.1061500105153198,-0.006932014325494413,,,
flow_trend,0.3,-0.03,-0.03,1.0,0.5,1,90,-0.002515852272164977,0.43333333333333335,90,18,-0.0039324041207226875,0.4,0.7395604427514746,-0.1061500105153198,-0.006932014325494413,,,
flow_trend,0.3,-0.03,-0.03,1.0,0.65,1,90,-0.0026612598361771917,0.43333333333333335,90,18,-0.0039324041207226875,0.4,0.7395604427514746,-0.1061500105153198,-0.006932014325494413,,,
volume_breakout,0.4,-0.03,0.0,0.75,0.5,3,80,0.006401271023042059,0.45,55,11,-0.004356198996961866,0.32727272727272727,0.7911832898101785,-0.09354003908322706,-0.006964604347006132,,0.0,1.1
volume_breakout,0.4,-0.03,0.0,0.75,0.65,3,80,0.006401271023042059,0.45,55,11,-0.004356198996961866,0.32727272727272727,0.7911832898101785,-0.09354003908322706,-0.006964604347006132,,0.0,1.1
volume_breakout,0.4,-0.03,-0.03,0.75,0.65,3,80,0.006401271023042059,0.45,55,11,-0.004356198996961866,0.32727272727272727,0.7911832898101785,-0.09354003908322706,-0.006964604347006132,,0.0,1.1
volume_breakout,0.4,-0.03,-0.03,0.75,0.35,3,80,0.006401271023042059,0.45,55,11,-0.004356198996961866,0.32727272727272727,0.7911832898101785,-0.09354003908322706,-0.006964604347006132,,0.0,1.1
volume_breakout,0.4,-0.03,-0.03,0.75,0.5,3,80,0.006401271023042059,0.45,55,11,-0.004356198996961866,0.32727272727272727,0.7911832898101785,-0.09354003908322706,-0.006964604347006132,,0.0,1.1
volume_breakout,0.4,-0.03,-0.03,0.75,0.5,3,80,0.006401271023042059,0.45,55,11,-0.004356198996961866,0.32727272727272727,0.7911832898101785,-0.09354003908322706,-0.006964604347006132,,0.0,0.8
volume_breakout,0.4,-0.03,-0.03,0.75,0.65,3,80,0.006401271023042059,0.45,55,11,-0.004356198996961866,0.32727272727272727,0.7911832898101785,-0.09354003908322706,-0.006964604347006132,,0.0,0.8
volume_breakout,0.4,-0.03,0.0,0.75,0.65,3,80,0.006401271023042059,0.45,55,11,-0.004356198996961866,0.32727272727272727,0.7911832898101785,-0.09354003908322706,-0.006964604347006132,,0.0,0.8
volume_breakout,0.4,-0.03,0.0,0.75,0.5,3,80,0.006401271023042059,0.45,55,11,-0.004356198996961866,0.32727272727272727,0.7911832898101785,-0.09354003908322706,-0.006964604347006132,,0.0,0.8
volume_breakout,0.4,-0.03,0.03,0.75,0.5,3,80,0.006401271023042059,0.45,55,11,-0.004356198996961866,0.32727272727272727,0.7911832898101785,-0.09354003908322706,-0.006964604347006132,,0.0,0.8
volume_breakout,0.4,-0.03,0.03,0.75,0.5,3,80,0.006401271023042059,0.45,55,11,-0.004356198996961866,0.32727272727272727,0.7911832898101785,-0.09354003908322706,-0.006964604347006132,,0.0,1.1
volume_breakout,0.4,-0.03,0.03,0.75,0.35,3,80,0.006401271023042059,0.45,55,11,-0.004356198996961866,0.32727272727272727,0.7911832898101785,-0.09354003908322706,-0.006964604347006132,,0.0,1.1
volume_breakout,0.4,-0.03,0.03,0.75,0.35,3,80,0.006401271023042059,0.45,55,11,-0.004356198996961866,0.32727272727272727,0.7911832898101785,-0.09354003908322706,-0.006964604347006132,,0.0,0.8
volume_breakout,0.4,-0.03,0.03,0.75,0.65,3,80,0.006401271023042059,0.45,55,11,-0.004356198996961866,0.32727272727272727,0.7911832898101785,-0.09354003908322706,-0.006964604347006132,,0.0,1.1
volume_breakout,0.4,-0.03,0.03,0.75,0.65,3,80,0.006401271023042059,0.45,55,11,-0.004356198996961866,0.32727272727272727,0.7911832898101785,-0.09354003908322706,-0.006964604347006132,,0.0,0.8
volume_breakout,0.4,-0.03,0.0,0.75,0.35,3,80,0.006401271023042059,0.45,55,11,-0.004356198996961866,0.32727272727272727,0.7911832898101785,-0.09354003908322706,-0.006964604347006132,,0.0,1.1
volume_breakout,0.4,-0.03,0.0,0.75,0.35,3,80,0.006401271023042059,0.45,55,11,-0.004356198996961866,0.32727272727272727,0.7911832898101785,-0.09354003908322706,-0.006964604347006132,,0.0,0.8
volume_breakout,0.4,-0.03,-0.03,0.75,0.35,3,80,0.006401271023042059,0.45,55,11,-0.004356198996961866,0.32727272727272727,0.7911832898101785,-0.09354003908322706,-0.006964604347006132,,0.0,0.8
trend_pullback,0.5,0.0,0.03,1.0,0.65,2,75,-0.0026241744745886383,0.3466666666666667,35,7,-0.006440454359891291,0.2857142857142857,0.6715744722780763,-0.023509289911342934,-0.0069778394391620605,0.45,,
trend_pullback,0.5,0.03,-0.03,1.0,0.65,2,75,-0.0036630562065191443,0.3333333333333333,35,7,-0.006440454359891291,0.2857142857142857,0.6715744722780763,-0.023509289911342934,-0.0069778394391620605,0.7,,
trend_pullback,0.5,0.0,0.03,1.0,0.65,2,75,-0.0028274246369485033,0.3466666666666667,35,7,-0.006440454359891291,0.2857142857142857,0.6715744722780763,-0.023509289911342934,-0.0069778394391620605,0.7,,
trend_pullback,0.5,0.0,0.0,1.0,0.65,2,75,-0.0026241744745886383,0.3466666666666667,35,7,-0.006440454359891291,0.2857142857142857,0.6715744722780763,-0.023509289911342934,-0.0069778394391620605,0.45,,
trend_pullback,0.5,0.0,0.0,1.0,0.65,2,75,-0.0028274246369485033,0.3466666666666667,35,7,-0.006440454359891291,0.2857142857142857,0.6715744722780763,-0.023509289911342934,-0.0069778394391620605,0.7,,
trend_pullback,0.5,0.03,0.0,1.0,0.65,2,75,-0.0036630562065191443,0.3333333333333333,35,7,-0.006440454359891291,0.2857142857142857,0.6715744722780763,-0.023509289911342934,-0.0069778394391620605,0.7,,
trend_pullback,0.5,-0.03,0.03,1.0,0.65,2,75,-0.0028274246369485033,0.3466666666666667,35,7,-0.006440454359891291,0.2857142857142857,0.6715744722780763,-0.023509289911342934,-0.0069778394391620605,0.7,,
trend_pullback,0.5,0.0,-0.03,1.0,0.65,2,75,-0.0028274246369485033,0.3466666666666667,35,7,-0.006440454359891291,0.2857142857142857,0.6715744722780763,-0.023509289911342934,-0.0069778394391620605,0.7,,
trend_pullback,0.5,-0.03,-0.03,1.0,0.65,2,75,-0.0028274246369485033,0.3466666666666667,35,7,-0.006440454359891291,0.2857142857142857,0.6715744722780763,-0.023509289911342934,-0.0069778394391620605,0.7,,
trend_pullback,0.5,-0.03,0.03,1.0,0.65,2,75,-0.0026241744745886383,0.3466666666666667,35,7,-0.006440454359891291,0.2857142857142857,0.6715744722780763,-0.023509289911342934,-0.0069778394391620605,0.45,,
trend_pullback,0.5,-0.03,0.0,1.0,0.65,2,75,-0.0028274246369485033,0.3466666666666667,35,7,-0.006440454359891291,0.2857142857142857,0.6715744722780763,-0.023509289911342934,-0.0069778394391620605,0.7,,
trend_pullback,0.5,-0.03,0.0,1.0,0.65,2,75,-0.0026241744745886383,0.3466666666666667,35,7,-0.006440454359891291,0.2857142857142857,0.6715744722780763,-0.023509289911342934,-0.0069778394391620605,0.45,,
trend_pullback,0.5,-0.03,-0.03,1.0,0.65,2,75,-0.0026241744745886383,0.3466666666666667,35,7,-0.006440454359891291,0.2857142857142857,0.6715744722780763,-0.023509289911342934,-0.0069778394391620605,0.45,,
trend_pullback,0.5,0.0,-0.03,1.0,0.65,2,75,-0.0026241744745886383,0.3466666666666667,35,7,-0.006440454359891291,0.2857142857142857,0.6715744722780763,-0.023509289911342934,-0.0069778394391620605,0.45,,
trend_pullback,0.5,0.03,0.03,1.0,0.65,2,75,-0.0034598060441592793,0.3333333333333333,35,7,-0.006440454359891291,0.2857142857142857,0.6715744722780763,-0.023509289911342934,-0.0069778394391620605,0.45,,
trend_pullback,0.5,0.03,0.03,1.0,0.65,2,75,-0.0036630562065191443,0.3333333333333333,35,7,-0.006440454359891291,0.2857142857142857,0.6715744722780763,-0.023509289911342934,-0.0069778394391620605,0.7,,
trend_pullback,0.5,0.03,0.0,1.0,0.65,2,75,-0.0034598060441592793,0.3333333333333333,35,7,-0.006440454359891291,0.2857142857142857,0.6715744722780763,-0.023509289911342934,-0.0069778394391620605,0.45,,
trend_pullback,0.5,0.03,-0.03,1.0,0.65,2,75,-0.0034598060441592793,0.3333333333333333,35,7,-0.006440454359891291,0.2857142857142857,0.6715744722780763,-0.023509289911342934,-0.0069778394391620605,0.45,,
trend_pullback,0.3,0.03,0.03,0.75,0.5,1,90,-0.002969851906720954,0.4,83,18,-0.0044749145984324685,0.39759036144578314,0.702419494637355,-0.09260528980288307,-0.007077468418859622,0.7,,
trend_pullback,0.3,0.03,0.03,1.0,0.65,1,90,0.0002481175518978148,0.4222222222222222,82,17,-0.004167041883441612,0.35365853658536583,0.762543755470461,-0.10622447148492808,-0.007163140089121839,0.45,,
trend_pullback,0.4,0.03,-0.03,0.75,0.5,3,80,-0.0022980181560816396,0.4,52,11,-0.005133994308283167,0.3076923076923077,0.7411779901007765,-0.07495550041600008,-0.007197364823237974,0.7,,
trend_pullback,0.4,0.03,-0.03,0.75,0.35,3,80,-0.0022980181560816396,0.4,52,11,-0.005133994308283167,0.3076923076923077,0.7411779901007765,-0.07495550041600008,-0.007197364823237974,0.7,,
trend_pullback,0.4,0.03,0.03,0.75,0.35,3,80,-0.0022980181560816396,0.4,52,11,-0.005133994308283167,0.3076923076923077,0.7411779901007765,-0.07495550041600008,-0.007197364823237974,0.7,,
trend_pullback,0.4,0.03,0.03,0.75,0.5,3,80,-0.0022980181560816396,0.4,52,11,-0.005133994308283167,0.3076923076923077,0.7411779901007765,-0.07495550041600008,-0.007197364823237974,0.7,,
trend_pullback,0.4,0.03,0.0,0.75,0.5,3,80,-0.0022980181560816396,0.4,52,11,-0.005133994308283167,0.3076923076923077,0.7411779901007765,-0.07495550041600008,-0.007197364823237974,0.7,,
trend_pullback,0.4,0.03,0.0,0.75,0.35,3,80,-0.0022980181560816396,0.4,52,11,-0.005133994308283167,0.3076923076923077,0.7411779901007765,-0.07495550041600008,-0.007197364823237974,0.7,,
trend_pullback,0.4,0.03,-0.03,1.0,0.35,2,80,-0.0016776798723115824,0.375,52,11,-0.005524267118008243,0.28846153846153844,0.7181835546694195,-0.062307194052841464,-0.007213937050926132,0.45,,
trend_pullback,0.4,0.03,0.0,1.0,0.35,2,80,-0.0016776798723115824,0.375,52,11,-0.005524267118008243,0.28846153846153844,0.7181835546694195,-0.062307194052841464,-0.007213937050926132,0.45,,
trend_pullback,0.4,0.03,-0.03,1.0,0.5,2,80,-0.0016776798723115824,0.375,52,11,-0.005524267118008243,0.28846153846153844,0.7181835546694195,-0.062307194052841464,-0.007213937050926132,0.45,,
trend_pullback,0.4,0.03,0.0,1.0,0.5,2,80,-0.0016776798723115824,0.375,52,11,-0.005524267118008243,0.28846153846153844,0.7181835546694195,-0.062307194052841464,-0.007213937050926132,0.45,,
trend_pullback,0.3,0.0,-0.03,0.75,0.65,2,90,-0.004748442257090596,0.34444444444444444,86,18,-0.004356331315089977,0.313953488372093,0.7705853783886786,-0.10366446453866007,-0.00727361890665261,0.45,,
trend_pullback,0.3,0.0,0.0,0.75,0.65,2,90,-0.004748442257090596,0.34444444444444444,86,18,-0.004356331315089977,0.313953488372093,0.7705853783886786,-0.10366446453866007,-0.00727361890665261,0.45,,
trend_pullback,0.3,0.03,-0.03,1.0,0.65,3,90,-0.0018869047862027813,0.34444444444444444,82,17,-0.004578722647928393,0.3048780487804878,0.7827098314664941,-0.09653075505548969,-0.007278967841726459,0.45,,
trend_pullback,0.3,0.03,0.0,1.0,0.65,3,90,-0.0018869047862027813,0.34444444444444444,82,17,-0.004578722647928393,0.3048780487804878,0.7827098314664941,-0.09653075505548969,-0.007278967841726459,0.45,,
trend_pullback,0.4,0.03,0.03,1.0,0.65,3,80,-0.002871016399596922,0.3375,53,11,-0.005556397114801245,0.3018867924528302,0.7373756472090073,-0.0653614269956978,-0.0073328960128699276,0.7,,
trend_pullback,0.5,0.0,0.0,1.0,0.35,3,75,-0.0004886298683249798,0.37333333333333335,35,7,-0.00654135191937655,0.2857142857142857,0.6754316286081176,-0.032230765116346705,-0.007339416965714921,0.45,,
trend_pullback,0.5,0.0,0.0,1.0,0.35,3,75,-0.002495634855387695,0.3466666666666667,35,7,-0.00654135191937655,0.2857142857142857,0.6754316286081176,-0.032230765116346705,-0.007339416965714921,0.7,,
trend_pullback,0.5,0.0,0.0,1.0,0.5,3,75,-0.002495634855387695,0.3466666666666667,35,7,-0.00654135191937655,0.2857142857142857,0.6754316286081176,-0.032230765116346705,-0.007339416965714921,0.7,,
trend_pullback,0.5,0.0,-0.03,1.0,0.35,3,75,-0.002495634855387695,0.3466666666666667,35,7,-0.00654135191937655,0.2857142857142857,0.6754316286081176,-0.032230765116346705,-0.007339416965714921,0.7,,
trend_pullback,0.5,0.0,0.0,1.0,0.5,3,75,-0.0004886298683249798,0.37333333333333335,35,7,-0.00654135191937655,0.2857142857142857,0.6754316286081176,-0.032230765116346705,-0.007339416965714921,0.45,,
trend_pullback,0.5,0.0,0.03,1.0,0.5,3,75,-0.002495634855387695,0.3466666666666667,35,7,-0.00654135191937655,0.2857142857142857,0.6754316286081176,-0.032230765116346705,-0.007339416965714921,0.7,,
trend_pullback,0.5,0.03,0.03,1.0,0.5,3,75,-0.0008090885600111931,0.37333333333333335,35,7,-0.00654135191937655,0.2857142857142857,0.6754316286081176,-0.032230765116346705,-0.007339416965714921,0.45,,
trend_pullback,0.5,0.03,0.0,1.0,0.5,3,75,-0.0028160935470739083,0.3466666666666667,35,7,-0.00654135191937655,0.2857142857142857,0.6754316286081176,-0.032230765116346705,-0.007339416965714921,0.7,,
trend_pullback,0.5,0.03,0.03,1.0,0.5,3,75,-0.0028160935470739083,0.3466666666666667,35,7,-0.00654135191937655,0.2857142857142857,0.6754316286081176,-0.032230765116346705,-0.007339416965714921,0.7,,
trend_pullback,0.5,0.0,-0.03,1.0,0.35,3,75,-0.0004886298683249798,0.37333333333333335,35,7,-0.00654135191937655,0.2857142857142857,0.6754316286081176,-0.032230765116346705,-0.007339416965714921,0.45,,
trend_pullback,0.5,0.03,-0.03,1.0,0.5,3,75,-0.0008090885600111931,0.37333333333333335,35,7,-0.00654135191937655,0.2857142857142857,0.6754316286081176,-0.032230765116346705,-0.007339416965714921,0.45,,
trend_pullback,0.5,-0.03,-0.03,1.0,0.35,3,75,-0.002495634855387695,0.3466666666666667,35,7,-0.00654135191937655,0.2857142857142857,0.6754316286081176,-0.032230765116346705,-0.007339416965714921,0.7,,
trend_pullback,0.5,-0.03,0.0,1.0,0.5,3,75,-0.002495634855387695,0.3466666666666667,35,7,-0.00654135191937655,0.2857142857142857,0.6754316286081176,-0.032230765116346705,-0.007339416965714921,0.7,,
trend_pullback,0.5,-0.03,0.03,1.0,0.35,3,75,-0.0004886298683249798,0.37333333333333335,35,7,-0.00654135191937655,0.2857142857142857,0.6754316286081176,-0.032230765116346705,-0.007339416965714921,0.45,,
trend_pullback,0.5,-0.03,0.0,1.0,0.5,3,75,-0.0004886298683249798,0.37333333333333335,35,7,-0.00654135191937655,0.2857142857142857,0.6754316286081176,-0.032230765116346705,-0.007339416965714921,0.45,,
trend_pullback,0.5,-0.03,0.0,1.0,0.35,3,75,-0.002495634855387695,0.3466666666666667,35,7,-0.00654135191937655,0.2857142857142857,0.6754316286081176,-0.032230765116346705,-0.007339416965714921,0.7,,
trend_pullback,0.5,-0.03,-0.03,1.0,0.5,3,75,-0.0004886298683249798,0.37333333333333335,35,7,-0.00654135191937655,0.2857142857142857,0.6754316286081176,-0.032230765116346705,-0.007339416965714921,0.45,,
trend_pullback,0.5,-0.03,-0.03,1.0,0.35,3,75,-0.0004886298683249798,0.37333333333333335,35,7,-0.00654135191937655,0.2857142857142857,0.6754316286081176,-0.032230765116346705,-0.007339416965714921,0.45,,
trend_pullback,0.5,-0.03,0.0,1.0,0.35,3,75,-0.0004886298683249798,0.37333333333333335,35,7,-0.00654135191937655,0.2857142857142857,0.6754316286081176,-0.032230765116346705,-0.007339416965714921,0.45,,
trend_pullback,0.5,-0.03,0.03,1.0,0.5,3,75,-0.002495634855387695,0.3466666666666667,35,7,-0.00654135191937655,0.2857142857142857,0.6754316286081176,-0.032230765116346705,-0.007339416965714921,0.7,,
trend_pullback,0.5,0.0,-0.03,1.0,0.5,3,75,-0.002495634855387695,0.3466666666666667,35,7,-0.00654135191937655,0.2857142857142857,0.6754316286081176,-0.032230765116346705,-0.007339416965714921,0.7,,
trend_pullback,0.5,-0.03,-0.03,1.0,0.5,3,75,-0.002495634855387695,0.3466666666666667,35,7,-0.00654135191937655,0.2857142857142857,0.6754316286081176,-0.032230765116346705,-0.007339416965714921,0.7,,
trend_pullback,0.5,-0.03,0.03,1.0,0.35,3,75,-0.002495634855387695,0.3466666666666667,35,7,-0.00654135191937655,0.2857142857142857,0.6754316286081176,-0.032230765116346705,-0.007339416965714921,0.7,,
trend_pullback,0.5,-0.03,0.03,1.0,0.5,3,75,-0.0004886298683249798,0.37333333333333335,35,7,-0.00654135191937655,0.2857142857142857,0.6754316286081176,-0.032230765116346705,-0.007339416965714921,0.45,,
trend_pullback,0.5,0.0,-0.03,1.0,0.5,3,75,-0.0004886298683249798,0.37333333333333335,35,7,-0.00654135191937655,0.2857142857142857,0.6754316286081176,-0.032230765116346705,-0.007339416965714921,0.45,,
trend_pullback,0.5,0.03,0.03,1.0,0.35,3,75,-0.0028160935470739083,0.3466666666666667,35,7,-0.00654135191937655,0.2857142857142857,0.6754316286081176,-0.032230765116346705,-0.007339416965714921,0.7,,
trend_pullback,0.5,0.0,0.03,1.0,0.35,3,75,-0.0004886298683249798,0.37333333333333335,35,7,-0.00654135191937655,0.2857142857142857,0.6754316286081176,-0.032230765116346705,-0.007339416965714921,0.45,,
trend_pullback,0.5,0.03,-0.03,1.0,0.35,3,75,-0.0028160935470739083,0.3466666666666667,35,7,-0.00654135191937655,0.2857142857142857,0.6754316286081176,-0.032230765116346705,-0.007339416965714921,0.7,,
trend_pullback,0.5,0.03,-0.03,1.0,0.5,3,75,-0.0028160935470739083,0.3466666666666667,35,7,-0.00654135191937655,0.2857142857142857,0.6754316286081176,-0.032230765116346705,-0.007339416965714921,0.7,,
trend_pullback,0.5,0.03,0.0,1.0,0.5,3,75,-0.0008090885600111931,0.37333333333333335,35,7,-0.00654135191937655,0.2857142857142857,0.6754316286081176,-0.032230765116346705,-0.007339416965714921,0.45,,
trend_pullback,0.5,0.03,0.0,1.0,0.35,3,75,-0.0028160935470739083,0.3466666666666667,35,7,-0.00654135191937655,0.2857142857142857,0.6754316286081176,-0.032230765116346705,-0.007339416965714921,0.7,,
trend_pullback,0.5,0.03,-0.03,1.0,0.35,3,75,-0.0008090885600111931,0.37333333333333335,35,7,-0.00654135191937655,0.2857142857142857,0.6754316286081176,-0.032230765116346705,-0.007339416965714921,0.45,,
trend_pullback,0.5,0.03,0.03,1.0,0.35,3,75,-0.0008090885600111931,0.37333333333333335,35,7,-0.00654135191937655,0.2857142857142857,0.6754316286081176,-0.032230765116346705,-0.007339416965714921,0.45,,
trend_pullback,0.5,0.03,0.0,1.0,0.35,3,75,-0.0008090885600111931,0.37333333333333335,35,7,-0.00654135191937655,0.2857142857142857,0.6754316286081176,-0.032230765116346705,-0.007339416965714921,0.45,,
trend_pullback,0.5,0.0,0.03,1.0,0.35,3,75,-0.002495634855387695,0.3466666666666667,35,7,-0.00654135191937655,0.2857142857142857,0.6754316286081176,-0.032230765116346705,-0.007339416965714921,0.7,,
trend_pullback,0.5,0.0,0.03,1.0,0.5,3,75,-0.0004886298683249798,0.37333333333333335,35,7,-0.00654135191937655,0.2857142857142857,0.6754316286081176,-0.032230765116346705,-0.007339416965714921,0.45,,
volume_breakout,0.5,0.0,-0.03,0.75,0.5,1,75,0.005638710662047545,0.52,35,7,-0.0055502050888277575,0.2857142857142857,0.639925489494272,-0.06521171155516547,-0.007346575063109154,,-0.05,0.8
volume_breakout,0.5,-0.03,0.03,0.75,0.35,1,75,0.005638710662047545,0.52,35,7,-0.0055502050888277575,0.2857142857142857,0.639925489494272,-0.06521171155516547,-0.007346575063109154,,-0.05,1.1
volume_breakout,0.5,0.03,0.03,0.75,0.65,1,75,0.005638710662047545,0.52,35,7,-0.0055502050888277575,0.2857142857142857,0.639925489494272,-0.06521171155516547,-0.007346575063109154,,-0.05,0.8
volume_breakout,0.5,0.03,0.03,0.75,0.65,1,75,0.005638710662047545,0.52,35,7,-0.0055502050888277575,0.2857142857142857,0.639925489494272,-0.06521171155516547,-0.007346575063109154,,-0.05,1.1
volume_breakout,0.5,0.03,0.03,0.75,0.5,1,75,0.005638710662047545,0.52,35,7,-0.0055502050888277575,0.2857142857142857,0.639925489494272,-0.06521171155516547,-0.007346575063109154,,-0.05,0.8
volume_breakout,0.5,0.03,0.03,0.75,0.5,1,75,0.005638710662047545,0.52,35,7,-0.0055502050888277575,0.2857142857142857,0.639925489494272,-0.06521171155516547,-0.007346575063109154,,-0.05,1.1
volume_breakout,0.5,0.03,0.03,0.75,0.35,1,75,0.005638710662047545,0.52,35,7,-0.0055502050888277575,0.2857142857142857,0.639925489494272,-0.06521171155516547,-0.007346575063109154,,-0.05,0.8
volume_breakout,0.5,0.0,-0.03,0.75,0.5,1,75,0.005638710662047545,0.52,35,7,-0.0055502050888277575,0.2857142857142857,0.639925489494272,-0.06521171155516547,-0.007346575063109154,,-0.05,1.1
volume_breakout,0.5,0.0,-0.03,0.75,0.65,1,75,0.005638710662047545,0.52,35,7,-0.0055502050888277575,0.2857142857142857,0.639925489494272,-0.06521171155516547,-0.007346575063109154,,-0.05,1.1
volume_breakout,0.5,0.0,-0.03,0.75,0.35,1,75,0.005638710662047545,0.52,35,7,-0.0055502050888277575,0.2857142857142857,0.639925489494272,-0.06521171155516547,-0.007346575063109154,,-0.05,1.1
volume_breakout,0.5,0.0,-0.03,0.75,0.35,1,75,0.005638710662047545,0.52,35,7,-0.0055502050888277575,0.2857142857142857,0.639925489494272,-0.06521171155516547,-0.007346575063109154,,-0.05,0.8
volume_breakout,0.5,-0.03,0.03,0.75,0.5,1,75,0.005638710662047545,0.52,35,7,-0.0055502050888277575,0.2857142857142857,0.639925489494272,-0.06521171155516547,-0.007346575063109154,,-0.05,1.1
volume_breakout,0.5,-0.03,0.03,0.75,0.65,1,75,0.005638710662047545,0.52,35,7,-0.0055502050888277575,0.2857142857142857,0.639925489494272,-0.06521171155516547,-0.007346575063109154,,-0.05,1.1
volume_breakout,0.5,-0.03,0.03,0.75,0.65,1,75,0.005638710662047545,0.52,35,7,-0.0055502050888277575,0.2857142857142857,0.639925489494272,-0.06521171155516547,-0.007346575063109154,,-0.05,0.8
volume_breakout,0.5,-0.03,0.03,0.75,0.35,1,75,0.005638710662047545,0.52,35,7,-0.0055502050888277575,0.2857142857142857,0.639925489494272,-0.06521171155516547,-0.007346575063109154,,-0.05,0.8
volume_breakout,0.5,-0.03,0.0,0.75,0.65,1,75,0.005638710662047545,0.52,35,7,-0.0055502050888277575,0.2857142857142857,0.639925489494272,-0.06521171155516547,-0.007346575063109154,,-0.05,1.1
volume_breakout,0.5,-0.03,0.03,0.75,0.5,1,75,0.005638710662047545,0.52,35,7,-0.0055502050888277575,0.2857142857142857,0.639925489494272,-0.06521171155516547,-0.007346575063109154,,-0.05,0.8
volume_breakout,0.5,0.0,0.0,0.75,0.5,1,75,0.005638710662047545,0.52,35,7,-0.0055502050888277575,0.2857142857142857,0.639925489494272,-0.06521171155516547,-0.007346575063109154,,-0.05,1.1
volume_breakout,0.5,0.0,0.0,0.75,0.35,1,75,0.005638710662047545,0.52,35,7,-0.0055502050888277575,0.2857142857142857,0.639925489494272,-0.06521171155516547,-0.007346575063109154,,-0.05,1.1
volume_breakout,0.5,0.0,0.0,0.75,0.65,1,75,0.005638710662047545,0.52,35,7,-0.0055502050888277575,0.2857142857142857,0.639925489494272,-0.06521171155516547,-0.007346575063109154,,-0.05,0.8
volume_breakout,0.5,0.0,0.0,0.75,0.65,1,75,0.005638710662047545,0.52,35,7,-0.0055502050888277575,0.2857142857142857,0.639925489494272,-0.06521171155516547,-0.007346575063109154,,-0.05,1.1
volume_breakout,0.5,0.0,-0.03,0.75,0.65,1,75,0.005638710662047545,0.52,35,7,-0.0055502050888277575,0.2857142857142857,0.639925489494272,-0.06521171155516547,-0.007346575063109154,,-0.05,0.8
volume_breakout,0.5,-0.03,0.0,0.75,0.35,1,75,0.005638710662047545,0.52,35,7,-0.0055502050888277575,0.2857142857142857,0.639925489494272,-0.06521171155516547,-0.007346575063109154,,-0.05,0.8
volume_breakout,0.5,-0.03,0.0,0.75,0.5,1,75,0.005638710662047545,0.52,35,7,-0.0055502050888277575,0.2857142857142857,0.639925489494272,-0.06521171155516547,-0.007346575063109154,,-0.05,1.1
volume_breakout,0.5,-0.03,0.0,0.75,0.5,1,75,0.005638710662047545,0.52,35,7,-0.0055502050888277575,0.2857142857142857,0.639925489494272,-0.06521171155516547,-0.007346575063109154,,-0.05,0.8
volume_breakout,0.5,0.03,-0.03,0.75,0.5,1,75,0.005638710662047545,0.52,35,7,-0.0055502050888277575,0.2857142857142857,0.639925489494272,-0.06521171155516547,-0.007346575063109154,,-0.05,1.1
volume_breakout,0.5,0.03,-0.03,0.75,0.35,1,75,0.005638710662047545,0.52,35,7,-0.0055502050888277575,0.2857142857142857,0.639925489494272,-0.06521171155516547,-0.007346575063109154,,-0.05,1.1
volume_breakout,0.5,0.03,-0.03,0.75,0.5,1,75,0.005638710662047545,0.52,35,7,-0.0055502050888277575,0.2857142857142857,0.639925489494272,-0.06521171155516547,-0.007346575063109154,,-0.05,0.8
volume_breakout,0.5,0.0,0.03,0.75,0.5,1,75,0.005638710662047545,0.52,35,7,-0.0055502050888277575,0.2857142857142857,0.639925489494272,-0.06521171155516547,-0.007346575063109154,,-0.05,1.1
volume_breakout,0.5,0.0,0.03,0.75,0.35,1,75,0.005638710662047545,0.52,35,7,-0.0055502050888277575,0.2857142857142857,0.639925489494272,-0.06521171155516547,-0.007346575063109154,,-0.05,0.8
volume_breakout,0.5,0.0,0.03,0.75,0.35,1,75,0.005638710662047545,0.52,35,7,-0.0055502050888277575,0.2857142857142857,0.639925489494272,-0.06521171155516547,-0.007346575063109154,,-0.05,1.1
volume_breakout,0.5,0.0,0.03,0.75,0.65,1,75,0.005638710662047545,0.52,35,7,-0.0055502050888277575,0.2857142857142857,0.639925489494272,-0.06521171155516547,-0.007346575063109154,,-0.05,1.1
volume_breakout,0.5,0.0,0.0,0.75,0.35,1,75,0.005638710662047545,0.52,35,7,-0.0055502050888277575,0.2857142857142857,0.639925489494272,-0.06521171155516547,-0.007346575063109154,,-0.05,0.8
volume_breakout,0.5,-0.03,0.0,0.75,0.65,1,75,0.005638710662047545,0.52,35,7,-0.0055502050888277575,0.2857142857142857,0.639925489494272,-0.06521171155516547,-0.007346575063109154,,-0.05,0.8
volume_breakout,0.5,0.0,0.0,0.75,0.5,1,75,0.005638710662047545,0.52,35,7,-0.0055502050888277575,0.2857142857142857,0.639925489494272,-0.06521171155516547,-0.007346575063109154,,-0.05,0.8
volume_breakout,0.5,0.03,-0.03,0.75,0.35,1,75,0.005638710662047545,0.52,35,7,-0.0055502050888277575,0.2857142857142857,0.639925489494272,-0.06521171155516547,-0.007346575063109154,,-0.05,0.8
volume_breakout,0.5,0.0,0.03,0.75,0.65,1,75,0.005638710662047545,0.52,35,7,-0.0055502050888277575,0.2857142857142857,0.639925489494272,-0.06521171155516547,-0.007346575063109154,,-0.05,0.8
volume_breakout,0.5,0.0,0.03,0.75,0.5,1,75,0.005638710662047545,0.52,35,7,-0.0055502050888277575,0.2857142857142857,0.639925489494272,-0.06521171155516547,-0.007346575063109154,,-0.05,0.8
volume_breakout,0.5,0.03,0.0,0.75,0.35,1,75,0.005638710662047545,0.52,35,7,-0.0055502050888277575,0.2857142857142857,0.639925489494272,-0.06521171155516547,-0.007346575063109154,,-0.05,0.8
volume_breakout,0.5,0.03,0.0,0.75,0.35,1,75,0.005638710662047545,0.52,35,7,-0.0055502050888277575,0.2857142857142857,0.639925489494272,-0.06521171155516547,-0.007346575063109154,,-0.05,1.1
volume_breakout,0.5,-0.03,0.0,0.75,0.35,1,75,0.005638710662047545,0.52,35,7,-0.0055502050888277575,0.2857142857142857,0.639925489494272,-0.06521171155516547,-0.007346575063109154,,-0.05,1.1
volume_breakout,0.5,-0.03,-0.03,0.75,0.5,1,75,0.005638710662047545,0.52,35,7,-0.0055502050888277575,0.2857142857142857,0.639925489494272,-0.06521171155516547,-0.007346575063109154,,-0.05,1.1
volume_breakout,0.5,-0.03,-0.03,0.75,0.65,1,75,0.005638710662047545,0.52,35,7,-0.0055502050888277575,0.2857142857142857,0.639925489494272,-0.06521171155516547,-0.007346575063109154,,-0.05,1.1
volume_breakout,0.5,-0.03,-0.03,0.75,0.65,1,75,0.005638710662047545,0.52,35,7,-0.0055502050888277575,0.2857142857142857,0.639925489494272,-0.06521171155516547,-0.007346575063109154,,-0.05,0.8
volume_breakout,0.5,0.03,-0.03,0.75,0.65,1,75,0.005638710662047545,0.52,35,7,-0.0055502050888277575,0.2857142857142857,0.639925489494272,-0.06521171155516547,-0.007346575063109154,,-0.05,0.8
volume_breakout,0.5,0.03,-0.03,0.75,0.65,1,75,0.005638710662047545,0.52,35,7,-0.0055502050888277575,0.2857142857142857,0.639925489494272,-0.06521171155516547,-0.007346575063109154,,-0.05,1.1
volume_breakout,0.5,-0.03,-0.03,0.75,0.35,1,75,0.005638710662047545,0.52,35,7,-0.0055502050888277575,0.2857142857142857,0.639925489494272,-0.06521171155516547,-0.007346575063109154,,-0.05,0.8
volume_breakout,0.5,0.03,0.0,0.75,0.65,1,75,0.005638710662047545,0.52,35,7,-0.0055502050888277575,0.2857142857142857,0.639925489494272,-0.06521171155516547,-0.007346575063109154,,-0.05,1.1
volume_breakout,0.5,0.03,0.0,0.75,0.5,1,75,0.005638710662047545,0.52,35,7,-0.0055502050888277575,0.2857142857142857,0.639925489494272,-0.06521171155516547,-0.007346575063109154,,-0.05,1.1
volume_breakout,0.5,0.03,0.0,0.75,0.5,1,75,0.005638710662047545,0.52,35,7,-0.0055502050888277575,0.2857142857142857,0.639925489494272,-0.06521171155516547,-0.007346575063109154,,-0.05,0.8
volume_breakout,0.5,0.03,0.0,0.75,0.65,1,75,0.005638710662047545,0.52,35,7,-0.0055502050888277575,0.2857142857142857,0.639925489494272,-0.06521171155516547,-0.007346575063109154,,-0.05,0.8
volume_breakout,0.5,-0.03,-0.03,0.75,0.5,1,75,0.005638710662047545,0.52,35,7,-0.0055502050888277575,0.2857142857142857,0.639925489494272,-0.06521171155516547,-0.007346575063109154,,-0.05,0.8
volume_breakout,0.5,-0.03,-0.03,0.75,0.35,1,75,0.005638710662047545,0.52,35,7,-0.0055502050888277575,0.2857142857142857,0.639925489494272,-0.06521171155516547,-0.007346575063109154,,-0.05,1.1
volume_breakout,0.5,0.03,0.03,0.75,0.35,1,75,0.005638710662047545,0.52,35,7,-0.0055502050888277575,0.2857142857142857,0.639925489494272,-0.06521171155516547,-0.007346575063109154,,-0.05,1.1
volume_breakout,0.5,0.0,0.03,0.75,0.5,2,75,0.006660676081840615,0.49333333333333335,35,7,-0.005543932269537146,0.2571428571428571,0.7176112760971094,-0.06782553532417512,-0.007399295510238122,,0.0,0.8
volume_breakout,0.5,0.0,0.03,0.75,0.35,2,75,0.006660676081840615,0.49333333333333335,35,7,-0.005543932269537146,0.2571428571428571,0.7176112760971094,-0.06782553532417512,-0.007399295510238122,,0.0,1.1
volume_breakout,0.5,-0.03,0.0,0.75,0.35,2,75,0.006660676081840615,0.49333333333333335,35,7,-0.005543932269537146,0.2571428571428571,0.7176112760971094,-0.06782553532417512,-0.007399295510238122,,0.0,0.8
volume_breakout,0.5,-0.03,0.0,0.75,0.35,2,75,0.006660676081840615,0.49333333333333335,35,7,-0.005543932269537146,0.2571428571428571,0.7176112760971094,-0.06782553532417512,-0.007399295510238122,,0.0,1.1
volume_breakout,0.5,0.0,0.03,0.75,0.5,2,75,0.006660676081840615,0.49333333333333335,35,7,-0.005543932269537146,0.2571428571428571,0.7176112760971094,-0.06782553532417512,-0.007399295510238122,,0.0,1.1
volume_breakout,0.5,0.0,0.03,0.75,0.35,2,75,0.006660676081840615,0.49333333333333335,35,7,-0.005543932269537146,0.2571428571428571,0.7176112760971094,-0.06782553532417512,-0.007399295510238122,,0.0,0.8
volume_breakout,0.5,0.0,0.0,0.75,0.35,2,75,0.006660676081840615,0.49333333333333335,35,7,-0.005543932269537146,0.2571428571428571,0.7176112760971094,-0.06782553532417512,-0.007399295510238122,,0.0,1.1
volume_breakout,0.5,0.0,0.0,0.75,0.35,2,75,0.006660676081840615,0.49333333333333335,35,7,-0.005543932269537146,0.2571428571428571,0.7176112760971094,-0.06782553532417512,-0.007399295510238122,,0.0,0.8
volume_breakout,0.5,0.0,0.0,0.75,0.65,2,75,0.006660676081840615,0.49333333333333335,35,7,-0.005543932269537146,0.2571428571428571,0.7176112760971094,-0.06782553532417512,-0.007399295510238122,,0.0,1.1
volume_breakout,0.5,0.0,-0.03,0.75,0.5,2,75,0.006660676081840615,0.49333333333333335,35,7,-0.005543932269537146,0.2571428571428571,0.7176112760971094,-0.06782553532417512,-0.007399295510238122,,0.0,0.8
volume_breakout,0.5,0.0,-0.03,0.75,0.35,2,75,0.006660676081840615,0.49333333333333335,35,7,-0.005543932269537146,0.2571428571428571,0.7176112760971094,-0.06782553532417512,-0.007399295510238122,,0.0,1.1
volume_breakout,0.5,0.0,-0.03,0.75,0.35,2,75,0.006660676081840615,0.49333333333333335,35,7,-0.005543932269537146,0.2571428571428571,0.7176112760971094,-0.06782553532417512,-0.007399295510238122,,0.0,0.8
volume_breakout,0.5,0.0,0.0,0.75,0.5,2,75,0.006660676081840615,0.49333333333333335,35,7,-0.005543932269537146,0.2571428571428571,0.7176112760971094,-0.06782553532417512,-0.007399295510238122,,0.0,0.8
volume_breakout,0.5,0.0,0.0,0.75,0.5,2,75,0.006660676081840615,0.49333333333333335,35,7,-0.005543932269537146,0.2571428571428571,0.7176112760971094,-0.06782553532417512,-0.007399295510238122,,0.0,1.1
volume_breakout,0.5,0.0,0.0,0.75,0.65,2,75,0.006660676081840615,0.49333333333333335,35,7,-0.005543932269537146,0.2571428571428571,0.7176112760971094,-0.06782553532417512,-0.007399295510238122,,0.0,0.8
volume_breakout,0.5,-0.03,-0.03,0.75,0.5,2,75,0.006660676081840615,0.49333333333333335,35,7,-0.005543932269537146,0.2571428571428571,0.7176112760971094,-0.06782553532417512,-0.007399295510238122,,0.0,1.1
volume_breakout,0.5,-0.03,-0.03,0.75,0.5,2,75,0.006660676081840615,0.49333333333333335,35,7,-0.005543932269537146,0.2571428571428571,0.7176112760971094,-0.06782553532417512,-0.007399295510238122,,0.0,0.8
volume_breakout,0.5,-0.03,-0.03,0.75,0.35,2,75,0.006660676081840615,0.49333333333333335,35,7,-0.005543932269537146,0.2571428571428571,0.7176112760971094,-0.06782553532417512,-0.007399295510238122,,0.0,1.1
volume_breakout,0.5,-0.03,0.03,0.75,0.65,2,75,0.006660676081840615,0.49333333333333335,35,7,-0.005543932269537146,0.2571428571428571,0.7176112760971094,-0.06782553532417512,-0.007399295510238122,,0.0,1.1
volume_breakout,0.5,-0.03,0.03,0.75,0.65,2,75,0.006660676081840615,0.49333333333333335,35,7,-0.005543932269537146,0.2571428571428571,0.7176112760971094,-0.06782553532417512,-0.007399295510238122,,0.0,0.8
volume_breakout,0.5,-0.03,0.03,0.75,0.35,2,75,0.006660676081840615,0.49333333333333335,35,7,-0.005543932269537146,0.2571428571428571,0.7176112760971094,-0.06782553532417512,-0.007399295510238122,,0.0,1.1
volume_breakout,0.5,-0.03,0.03,0.75,0.35,2,75,0.006660676081840615,0.49333333333333335,35,7,-0.005543932269537146,0.2571428571428571,0.7176112760971094,-0.06782553532417512,-0.007399295510238122,,0.0,0.8
volume_breakout,0.5,-0.03,0.03,0.75,0.5,2,75,0.006660676081840615,0.49333333333333335,35,7,-0.005543932269537146,0.2571428571428571,0.7176112760971094,-0.06782553532417512,-0.007399295510238122,,0.0,1.1
volume_breakout,0.5,-0.03,0.03,0.75,0.5,2,75,0.006660676081840615,0.49333333333333335,35,7,-0.005543932269537146,0.2571428571428571,0.7176112760971094,-0.06782553532417512,-0.007399295510238122,,0.0,0.8
volume_breakout,0.5,-0.03,0.0,0.75,0.65,2,75,0.006660676081840615,0.49333333333333335,35,7,-0.005543932269537146,0.2571428571428571,0.7176112760971094,-0.06782553532417512,-0.007399295510238122,,0.0,1.1
volume_breakout,0.5,-0.03,0.0,0.75,0.65,2,75,0.006660676081840615,0.49333333333333335,35,7,-0.005543932269537146,0.2571428571428571,0.7176112760971094,-0.06782553532417512,-0.007399295510238122,,0.0,0.8
volume_breakout,0.5,-0.03,-0.03,0.75,0.35,2,75,0.006660676081840615,0.49333333333333335,35,7,-0.005543932269537146,0.2571428571428571,0.7176112760971094,-0.06782553532417512,-0.007399295510238122,,0.0,0.8
volume_breakout,0.5,0.0,-0.03,0.75,0.65,2,75,0.006660676081840615,0.49333333333333335,35,7,-0.005543932269537146,0.2571428571428571,0.7176112760971094,-0.06782553532417512,-0.007399295510238122,,0.0,1.1
volume_breakout,0.5,0.0,-0.03,0.75,0.5,2,75,0.006660676081840615,0.49333333333333335,35,7,-0.005543932269537146,0.2571428571428571,0.7176112760971094,-0.06782553532417512,-0.007399295510238122,,0.0,1.1
volume_breakout,0.5,0.0,-0.03,0.75,0.65,2,75,0.006660676081840615,0.49333333333333335,35,7,-0.005543932269537146,0.2571428571428571,0.7176112760971094,-0.06782553532417512,-0.007399295510238122,,0.0,0.8
volume_breakout,0.5,0.0,0.03,0.75,0.65,2,75,0.006660676081840615,0.49333333333333335,35,7,-0.005543932269537146,0.2571428571428571,0.7176112760971094,-0.06782553532417512,-0.007399295510238122,,0.0,1.1
volume_breakout,0.5,-0.03,0.0,0.75,0.5,2,75,0.006660676081840615,0.49333333333333335,35,7,-0.005543932269537146,0.2571428571428571,0.7176112760971094,-0.06782553532417512,-0.007399295510238122,,0.0,1.1
volume_breakout,0.5,-0.03,-0.03,0.75,0.65,2,75,0.006660676081840615,0.49333333333333335,35,7,-0.005543932269537146,0.2571428571428571,0.7176112760971094,-0.06782553532417512,-0.007399295510238122,,0.0,0.8
volume_breakout,0.5,-0.03,-0.03,0.75,0.65,2,75,0.006660676081840615,0.49333333333333335,35,7,-0.005543932269537146,0.2571428571428571,0.7176112760971094,-0.06782553532417512,-0.007399295510238122,,0.0,1.1
volume_breakout,0.5,-0.03,0.0,0.75,0.5,2,75,0.006660676081840615,0.49333333333333335,35,7,-0.005543932269537146,0.2571428571428571,0.7176112760971094,-0.06782553532417512,-0.007399295510238122,,0.0,0.8
volume_breakout,0.5,0.0,0.03,0.75,0.65,2,75,0.006660676081840615,0.49333333333333335,35,7,-0.005543932269537146,0.2571428571428571,0.7176112760971094,-0.06782553532417512,-0.007399295510238122,,0.0,0.8
volume_breakout,0.5,0.03,0.0,0.75,0.65,2,75,0.0049339169367661915,0.5066666666666667,35,7,-0.005846907653302013,0.3142857142857143,0.6960485067743369,-0.05859454938963082,-0.007430732008297354,,-0.05,1.1
volume_breakout,0.5,0.03,0.0,0.75,0.65,2,75,0.0049339169367661915,0.5066666666666667,35,7,-0.005846907653302013,0.3142857142857143,0.6960485067743369,-0.05859454938963082,-0.007430732008297354,,-0.05,0.8
volume_breakout,0.5,0.0,-0.03,0.75,0.35,2,75,0.0049339169367661915,0.5066666666666667,35,7,-0.005846907653302013,0.3142857142857143,0.6960485067743369,-0.05859454938963082,-0.007430732008297354,,-0.05,1.1
volume_breakout,0.5,0.0,0.0,0.75,0.5,2,75,0.0049339169367661915,0.5066666666666667,35,7,-0.005846907653302013,0.3142857142857143,0.6960485067743369,-0.05859454938963082,-0.007430732008297354,,-0.05,0.8
volume_breakout,0.5,0.0,-0.03,0.75,0.35,2,75,0.0049339169367661915,0.5066666666666667,35,7,-0.005846907653302013,0.3142857142857143,0.6960485067743369,-0.05859454938963082,-0.007430732008297354,,-0.05,0.8
volume_breakout,0.5,0.0,0.0,0.75,0.35,2,75,0.0049339169367661915,0.5066666666666667,35,7,-0.005846907653302013,0.3142857142857143,0.6960485067743369,-0.05859454938963082,-0.007430732008297354,,-0.05,0.8
volume_breakout,0.5,-0.03,0.03,0.75,0.65,2,75,0.0049339169367661915,0.5066666666666667,35,7,-0.005846907653302013,0.3142857142857143,0.6960485067743369,-0.05859454938963082,-0.007430732008297354,,-0.05,0.8
volume_breakout,0.5,-0.03,0.03,0.75,0.5,2,75,0.0049339169367661915,0.5066666666666667,35,7,-0.005846907653302013,0.3142857142857143,0.6960485067743369,-0.05859454938963082,-0.007430732008297354,,-0.05,1.1
volume_breakout,0.5,0.0,-0.03,0.75,0.5,2,75,0.0049339169367661915,0.5066666666666667,35,7,-0.005846907653302013,0.3142857142857143,0.6960485067743369,-0.05859454938963082,-0.007430732008297354,,-0.05,1.1
volume_breakout,0.5,0.0,-0.03,0.75,0.5,2,75,0.0049339169367661915,0.5066666666666667,35,7,-0.005846907653302013,0.3142857142857143,0.6960485067743369,-0.05859454938963082,-0.007430732008297354,,-0.05,0.8
volume_breakout,0.5,0.0,0.0,0.75,0.65,2,75,0.0049339169367661915,0.5066666666666667,35,7,-0.005846907653302013,0.3142857142857143,0.6960485067743369,-0.05859454938963082,-0.007430732008297354,,-0.05,0.8
volume_breakout,0.5,0.0,0.0,0.75,0.65,2,75,0.0049339169367661915,0.5066666666666667,35,7,-0.005846907653302013,0.3142857142857143,0.6960485067743369,-0.05859454938963082,-0.007430732008297354,,-0.05,1.1
volume_breakout,0.5,0.0,0.0,0.75,0.5,2,75,0.0049339169367661915,0.5066666666666667,35,7,-0.005846907653302013,0.3142857142857143,0.6960485067743369,-0.05859454938963082,-0.007430732008297354,,-0.05,1.1
volume_breakout,0.5,-0.03,-0.03,0.75,0.5,2,75,0.0049339169367661915,0.5066666666666667,35,7,-0.005846907653302013,0.3142857142857143,0.6960485067743369,-0.05859454938963082,-0.007430732008297354,,-0.05,0.8
volume_breakout,0.5,-0.03,0.03,0.75,0.65,2,75,0.0049339169367661915,0.5066666666666667,35,7,-0.005846907653302013,0.3142857142857143,0.6960485067743369,-0.05859454938963082,-0.007430732008297354,,-0.05,1.1
volume_breakout,0.5,-0.03,0.03,0.75,0.35,2,75,0.0049339169367661915,0.5066666666666667,35,7,-0.005846907653302013,0.3142857142857143,0.6960485067743369,-0.05859454938963082,-0.007430732008297354,,-0.05,0.8
volume_breakout,0.5,-0.03,0.03,0.75,0.35,2,75,0.0049339169367661915,0.5066666666666667,35,7,-0.005846907653302013,0.3142857142857143,0.6960485067743369,-0.05859454938963082,-0.007430732008297354,,-0.05,1.1
volume_breakout,0.5,-0.03,0.03,0.75,0.5,2,75,0.0049339169367661915,0.5066666666666667,35,7,-0.005846907653302013,0.3142857142857143,0.6960485067743369,-0.05859454938963082,-0.007430732008297354,,-0.05,0.8
volume_breakout,0.5,-0.03,-0.03,0.75,0.5,2,75,0.0049339169367661915,0.5066666666666667,35,7,-0.005846907653302013,0.3142857142857143,0.6960485067743369,-0.05859454938963082,-0.007430732008297354,,-0.05,1.1
volume_breakout,0.5,0.0,-0.03,0.75,0.65,2,75,0.0049339169367661915,0.5066666666666667,35,7,-0.005846907653302013,0.3142857142857143,0.6960485067743369,-0.05859454938963082,-0.007430732008297354,,-0.05,1.1
volume_breakout,0.5,0.0,-0.03,0.75,0.65,2,75,0.0049339169367661915,0.5066666666666667,35,7,-0.005846907653302013,0.3142857142857143,0.6960485067743369,-0.05859454938963082,-0.007430732008297354,,-0.05,0.8
volume_breakout,0.5,-0.03,-0.03,0.75,0.35,2,75,0.0049339169367661915,0.5066666666666667,35,7,-0.005846907653302013,0.3142857142857143,0.6960485067743369,-0.05859454938963082,-0.007430732008297354,,-0.05,1.1
volume_breakout,0.5,0.0,0.03,0.75,0.35,2,75,0.0049339169367661915,0.5066666666666667,35,7,-0.005846907653302013,0.3142857142857143,0.6960485067743369,-0.05859454938963082,-0.007430732008297354,,-0.05,1.1
volume_breakout,0.5,-0.03,-0.03,0.75,0.35,2,75,0.0049339169367661915,0.5066666666666667,35,7,-0.005846907653302013,0.3142857142857143,0.6960485067743369,-0.05859454938963082,-0.007430732008297354,,-0.05,0.8
volume_breakout,0.5,0.0,0.0,0.75,0.35,2,75,0.0049339169367661915,0.5066666666666667,35,7,-0.005846907653302013,0.3142857142857143,0.6960485067743369,-0.05859454938963082,-0.007430732008297354,,-0.05,1.1
volume_breakout,0.5,0.03,0.03,0.75,0.65,2,75,0.0049339169367661915,0.5066666666666667,35,7,-0.005846907653302013,0.3142857142857143,0.6960485067743369,-0.05859454938963082,-0.007430732008297354,,-0.05,1.1
volume_breakout,0.5,0.0,0.03,0.75,0.5,2,75,0.0049339169367661915,0.5066666666666667,35,7,-0.005846907653302013,0.3142857142857143,0.6960485067743369,-0.05859454938963082,-0.007430732008297354,,-0.05,0.8
volume_breakout,0.5,0.0,0.03,0.75,0.5,2,75,0.0049339169367661915,0.5066666666666667,35,7,-0.005846907653302013,0.3142857142857143,0.6960485067743369,-0.05859454938963082,-0.007430732008297354,,-0.05,1.1
volume_breakout,0.5,0.0,0.03,0.75,0.35,2,75,0.0049339169367661915,0.5066666666666667,35,7,-0.005846907653302013,0.3142857142857143,0.6960485067743369,-0.05859454938963082,-0.007430732008297354,,-0.05,0.8
volume_breakout,0.5,0.0,0.03,0.75,0.65,2,75,0.0049339169367661915,0.5066666666666667,35,7,-0.005846907653302013,0.3142857142857143,0.6960485067743369,-0.05859454938963082,-0.007430732008297354,,-0.05,0.8
volume_breakout,0.5,0.03,-0.03,0.75,0.5,2,75,0.0049339169367661915,0.5066666666666667,35,7,-0.005846907653302013,0.3142857142857143,0.6960485067743369,-0.05859454938963082,-0.007430732008297354,,-0.05,0.8
volume_breakout,0.5,0.03,-0.03,0.75,0.35,2,75,0.0049339169367661915,0.5066666666666667,35,7,-0.005846907653302013,0.3142857142857143,0.6960485067743369,-0.05859454938963082,-0.007430732008297354,,-0.05,0.8
volume_breakout,0.5,0.0,0.03,0.75,0.65,2,75,0.0049339169367661915,0.5066666666666667,35,7,-0.005846907653302013,0.3142857142857143,0.6960485067743369,-0.05859454938963082,-0.007430732008297354,,-0.05,1.1
volume_breakout,0.5,-0.03,0.0,0.75,0.65,2,75,0.0049339169367661915,0.5066666666666667,35,7,-0.005846907653302013,0.3142857142857143,0.6960485067743369,-0.05859454938963082,-0.007430732008297354,,-0.05,0.8
volume_breakout,0.5,0.03,0.0,0.75,0.35,2,75,0.0049339169367661915,0.5066666666666667,35,7,-0.005846907653302013,0.3142857142857143,0.6960485067743369,-0.05859454938963082,-0.007430732008297354,,-0.05,1.1
volume_breakout,0.5,0.03,0.0,0.75,0.5,2,75,0.0049339169367661915,0.5066666666666667,35,7,-0.005846907653302013,0.3142857142857143,0.6960485067743369,-0.05859454938963082,-0.007430732008297354,,-0.05,0.8
volume_breakout,0.5,0.03,0.0,0.75,0.35,2,75,0.0049339169367661915,0.5066666666666667,35,7,-0.005846907653302013,0.3142857142857143,0.6960485067743369,-0.05859454938963082,-0.007430732008297354,,-0.05,0.8
volume_breakout,0.5,0.03,0.03,0.75,0.35,2,75,0.0049339169367661915,0.5066666666666667,35,7,-0.005846907653302013,0.3142857142857143,0.6960485067743369,-0.05859454938963082,-0.007430732008297354,,-0.05,0.8
volume_breakout,0.5,-0.03,0.0,0.75,0.35,2,75,0.0049339169367661915,0.5066666666666667,35,7,-0.005846907653302013,0.3142857142857143,0.6960485067743369,-0.05859454938963082,-0.007430732008297354,,-0.05,0.8
volume_breakout,0.5,-0.03,0.0,0.75,0.5,2,75,0.0049339169367661915,0.5066666666666667,35,7,-0.005846907653302013,0.3142857142857143,0.6960485067743369,-0.05859454938963082,-0.007430732008297354,,-0.05,1.1
volume_breakout,0.5,-0.03,0.0,0.75,0.5,2,75,0.0049339169367661915,0.5066666666666667,35,7,-0.005846907653302013,0.3142857142857143,0.6960485067743369,-0.05859454938963082,-0.007430732008297354,,-0.05,0.8
volume_breakout,0.5,-0.03,-0.03,0.75,0.65,2,75,0.0049339169367661915,0.5066666666666667,35,7,-0.005846907653302013,0.3142857142857143,0.6960485067743369,-0.05859454938963082,-0.007430732008297354,,-0.05,0.8
volume_breakout,0.5,0.03,-0.03,0.75,0.65,2,75,0.0049339169367661915,0.5066666666666667,35,7,-0.005846907653302013,0.3142857142857143,0.6960485067743369,-0.05859454938963082,-0.007430732008297354,,-0.05,1.1
volume_breakout,0.5,-0.03,-0.03,0.75,0.65,2,75,0.0049339169367661915,0.5066666666666667,35,7,-0.005846907653302013,0.3142857142857143,0.6960485067743369,-0.05859454938963082,-0.007430732008297354,,-0.05,1.1
volume_breakout,0.5,0.03,-0.03,0.75,0.65,2,75,0.0049339169367661915,0.5066666666666667,35,7,-0.005846907653302013,0.3142857142857143,0.6960485067743369,-0.05859454938963082,-0.007430732008297354,,-0.05,0.8
volume_breakout,0.5,-0.03,0.0,0.75,0.65,2,75,0.0049339169367661915,0.5066666666666667,35,7,-0.005846907653302013,0.3142857142857143,0.6960485067743369,-0.05859454938963082,-0.007430732008297354,,-0.05,1.1
volume_breakout,0.5,0.03,0.0,0.75,0.5,2,75,0.0049339169367661915,0.5066666666666667,35,7,-0.005846907653302013,0.3142857142857143,0.6960485067743369,-0.05859454938963082,-0.007430732008297354,,-0.05,1.1
volume_breakout,0.5,0.03,0.03,0.75,0.65,2,75,0.0049339169367661915,0.5066666666666667,35,7,-0.005846907653302013,0.3142857142857143,0.6960485067743369,-0.05859454938963082,-0.007430732008297354,,-0.05,0.8
volume_breakout,0.5,0.03,0.03,0.75,0.5,2,75,0.0049339169367661915,0.5066666666666667,35,7,-0.005846907653302013,0.3142857142857143,0.6960485067743369,-0.05859454938963082,-0.007430732008297354,,-0.05,1.1
volume_breakout,0.5,0.03,0.03,0.75,0.5,2,75,0.0049339169367661915,0.5066666666666667,35,7,-0.005846907653302013,0.3142857142857143,0.6960485067743369,-0.05859454938963082,-0.007430732008297354,,-0.05,0.8
volume_breakout,0.5,0.03,0.03,0.75,0.35,2,75,0.0049339169367661915,0.5066666666666667,35,7,-0.005846907653302013,0.3142857142857143,0.6960485067743369,-0.05859454938963082,-0.007430732008297354,,-0.05,1.1
volume_breakout,0.5,0.03,-0.03,0.75,0.5,2,75,0.0049339169367661915,0.5066666666666667,35,7,-0.005846907653302013,0.3142857142857143,0.6960485067743369,-0.05859454938963082,-0.007430732008297354,,-0.05,1.1
volume_breakout,0.5,-0.03,0.0,0.75,0.35,2,75,0.0049339169367661915,0.5066666666666667,35,7,-0.005846907653302013,0.3142857142857143,0.6960485067743369,-0.05859454938963082,-0.007430732008297354,,-0.05,1.1
volume_breakout,0.5,0.03,-0.03,0.75,0.35,2,75,0.0049339169367661915,0.5066666666666667,35,7,-0.005846907653302013,0.3142857142857143,0.6960485067743369,-0.05859454938963082,-0.007430732008297354,,-0.05,1.1
trend_pullback,0.3,-0.03,0.03,0.75,0.65,2,90,-0.0063814974597549085,0.32222222222222224,90,18,-0.004530178766865581,0.3111111111111111,0.7585154927992391,-0.10318921403769366,-0.00743622631479658,0.7,,
trend_pullback,0.3,-0.03,-0.03,0.75,0.65,2,90,-0.007177793756051206,0.3111111111111111,90,18,-0.004530178766865581,0.3111111111111111,0.7585154927992391,-0.10318921403769366,-0.00743622631479658,0.7,,
trend_pullback,0.3,-0.03,0.0,0.75,0.65,2,90,-0.007177793756051206,0.3111111111111111,90,18,-0.004530178766865581,0.3111111111111111,0.7585154927992391,-0.10318921403769366,-0.00743622631479658,0.7,,
trend_pullback,0.3,0.0,-0.03,0.75,0.65,3,90,-0.004278871524569166,0.37777777777777777,86,18,-0.0038852769991905923,0.32558139534883723,0.8118891781303268,-0.12812813001209533,-0.00752614860502087,0.45,,
trend_pullback,0.3,0.0,0.0,0.75,0.65,3,90,-0.004278871524569166,0.37777777777777777,86,18,-0.0038852769991905923,0.32558139534883723,0.8118891781303268,-0.12812813001209533,-0.00752614860502087,0.45,,
trend_pullback,0.3,0.03,0.0,0.75,0.35,1,90,-0.002464374498930405,0.4111111111111111,84,18,-0.00457777694502334,0.39285714285714285,0.6995190235438886,-0.10413118198974791,-0.007526832648829806,0.7,,
trend_pullback,0.3,0.03,-0.03,0.75,0.35,1,90,-0.0019276764031640893,0.4222222222222222,84,18,-0.00457777694502334,0.39285714285714285,0.6995190235438886,-0.10413118198974791,-0.007526832648829806,0.7,,
trend_pullback,0.3,0.03,-0.03,0.75,0.5,1,90,-0.0023770863470603952,0.4111111111111111,84,18,-0.00457777694502334,0.39285714285714285,0.6995190235438886,-0.10413118198974791,-0.007526832648829806,0.7,,
trend_pullback,0.3,0.03,0.0,0.75,0.5,1,90,-0.0029137844428267106,0.4,84,18,-0.00457777694502334,0.39285714285714285,0.6995190235438886,-0.10413118198974791,-0.007526832648829806,0.7,,
trend_pullback,0.3,0.03,0.03,0.75,0.35,1,90,-0.0025405540630554424,0.4111111111111111,84,18,-0.0046969454132326435,0.39285714285714285,0.6896416875340933,-0.10360850183314507,-0.007632790046343473,0.7,,
volume_breakout,0.3,0.0,0.03,0.75,0.35,3,90,0.005576373152892485,0.4666666666666667,90,18,-0.004730511093675926,0.3111111111111111,0.7799327690094068,-0.10530897496444502,-0.0076947971503569254,,-0.05,0.8
volume_breakout,0.3,0.0,0.03,0.75,0.65,3,90,0.005576373152892485,0.4666666666666667,90,18,-0.004730511093675926,0.3111111111111111,0.7799327690094068,-0.10530897496444502,-0.0076947971503569254,,-0.05,1.1
volume_breakout,0.3,0.0,0.0,0.75,0.65,3,90,0.005576373152892485,0.4666666666666667,90,18,-0.004730511093675926,0.3111111111111111,0.7799327690094068,-0.10530897496444502,-0.0076947971503569254,,-0.05,1.1
volume_breakout,0.3,0.0,-0.03,0.75,0.35,3,90,0.005576373152892485,0.4666666666666667,90,18,-0.004730511093675926,0.3111111111111111,0.7799327690094068,-0.10530897496444502,-0.0076947971503569254,,-0.05,1.1
volume_breakout,0.3,0.0,0.0,0.75,0.5,3,90,0.005576373152892485,0.4666666666666667,90,18,-0.004730511093675926,0.3111111111111111,0.7799327690094068,-0.10530897496444502,-0.0076947971503569254,,-0.05,0.8
volume_breakout,0.3,0.0,0.0,0.75,0.35,3,90,0.005576373152892485,0.4666666666666667,90,18,-0.004730511093675926,0.3111111111111111,0.7799327690094068,-0.10530897496444502,-0.0076947971503569254,,-0.05,1.1
volume_breakout,0.3,0.0,-0.03,0.75,0.5,3,90,0.005576373152892485,0.4666666666666667,90,18,-0.004730511093675926,0.3111111111111111,0.7799327690094068,-0.10530897496444502,-0.0076947971503569254,,-0.05,0.8
volume_breakout,0.3,0.0,0.03,0.75,0.65,3,90,0.005576373152892485,0.4666666666666667,90,18,-0.004730511093675926,0.3111111111111111,0.7799327690094068,-0.10530897496444502,-0.0076947971503569254,,-0.05,0.8
volume_breakout,0.3,0.0,0.03,0.75,0.35,3,90,0.005576373152892485,0.4666666666666667,90,18,-0.004730511093675926,0.3111111111111111,0.7799327690094068,-0.10530897496444502,-0.0076947971503569254,,-0.05,1.1
volume_breakout,0.3,0.0,0.03,0.75,0.5,3,90,0.005576373152892485,0.4666666666666667,90,18,-0.004730511093675926,0.3111111111111111,0.7799327690094068,-0.10530897496444502,-0.0076947971503569254,,-0.05,0.8
volume_breakout,0.3,0.0,-0.03,0.75,0.65,3,90,0.005576373152892485,0.4666666666666667,90,18,-0.004730511093675926,0.3111111111111111,0.7799327690094068,-0.10530897496444502,-0.0076947971503569254,,-0.05,0.8
volume_breakout,0.3,0.0,-0.03,0.75,0.5,3,90,0.005576373152892485,0.4666666666666667,90,18,-0.004730511093675926,0.3111111111111111,0.7799327690094068,-0.10530897496444502,-0.0076947971503569254,,-0.05,1.1
volume_breakout,0.3,0.0,0.03,0.75,0.5,3,90,0.005576373152892485,0.4666666666666667,90,18,-0.004730511093675926,0.3111111111111111,0.7799327690094068,-0.10530897496444502,-0.0076947971503569254,,-0.05,1.1
volume_breakout,0.3,0.0,0.0,0.75,0.5,3,90,0.005576373152892485,0.4666666666666667,90,18,-0.004730511093675926,0.3111111111111111,0.7799327690094068,-0.10530897496444502,-0.0076947971503569254,,-0.05,1.1
volume_breakout,0.3,0.0,0.0,0.75,0.65,3,90,0.005576373152892485,0.4666666666666667,90,18,-0.004730511093675926,0.3111111111111111,0.7799327690094068,-0.10530897496444502,-0.0076947971503569254,,-0.05,0.8
volume_breakout,0.3,0.0,0.0,0.75,0.35,3,90,0.005576373152892485,0.4666666666666667,90,18,-0.004730511093675926,0.3111111111111111,0.7799327690094068,-0.10530897496444502,-0.0076947971503569254,,-0.05,0.8
volume_breakout,0.3,0.0,-0.03,0.75,0.35,3,90,0.005576373152892485,0.4666666666666667,90,18,-0.004730511093675926,0.3111111111111111,0.7799327690094068,-0.10530897496444502,-0.0076947971503569254,,-0.05,0.8
volume_breakout,0.3,0.0,-0.03,0.75,0.65,3,90,0.005576373152892485,0.4666666666666667,90,18,-0.004730511093675926,0.3111111111111111,0.7799327690094068,-0.10530897496444502,-0.0076947971503569254,,-0.05,1.1
trend_pullback,0.4,0.03,0.0,1.0,0.5,2,80,-0.0030608033862979016,0.3625,53,11,-0.0060162620780458255,0.2830188679245283,0.6965886256796694,-0.062307194052841464,-0.007711330743211152,0.7,,
trend_pullback,0.4,0.03,0.0,1.0,0.35,2,80,-0.0030608033862979016,0.3625,53,11,-0.0060162620780458255,0.2830188679245283,0.6965886256796694,-0.062307194052841464,-0.007711330743211152,0.7,,
trend_pullback,0.4,0.03,-0.03,1.0,0.35,2,80,-0.0030608033862979016,0.3625,53,11,-0.0060162620780458255,0.2830188679245283,0.6965886256796694,-0.062307194052841464,-0.007711330743211152,0.7,,
trend_pullback,0.4,0.03,-0.03,1.0,0.5,2,80,-0.0030608033862979016,0.3625,53,11,-0.0060162620780458255,0.2830188679245283,0.6965886256796694,-0.062307194052841464,-0.007711330743211152,0.7,,
trend_pullback,0.3,0.0,0.0,0.75,0.5,2,90,-0.0067840633634674505,0.32222222222222224,88,18,-0.004953903052038063,0.3181818181818182,0.7403607286079235,-0.09968475212404548,-0.007759355433607447,0.7,,
trend_pullback,0.4,0.03,0.03,1.0,0.65,2,80,-0.0027809464028929042,0.35,52,11,-0.006011844280696062,0.28846153846153844,0.7066163276319818,-0.06722701335978265,-0.007852000599581545,0.45,,
trend_pullback,0.3,0.03,-0.03,1.0,0.65,1,90,-0.00037261906077851105,0.4222222222222222,83,17,-0.005055409425095329,0.3493975903614458,0.715959638982118,-0.10032890184820598,-0.00788628657079598,0.7,,
trend_pullback,0.3,0.03,0.0,1.0,0.65,1,90,-0.00037261906077851105,0.4222222222222222,83,17,-0.005055409425095329,0.3493975903614458,0.715959638982118,-0.10032890184820598,-0.00788628657079598,0.7,,
trend_pullback,0.4,0.03,0.0,1.0,0.5,1,80,0.0013279877383283421,0.4625,52,11,-0.0059995725728536715,0.34615384615384615,0.6457420921161295,-0.0689871709686074,-0.00790775217888286,0.45,,
trend_pullback,0.4,0.03,-0.03,1.0,0.35,1,80,0.0013279877383283421,0.4625,52,11,-0.0059995725728536715,0.34615384615384615,0.6457420921161295,-0.0689871709686074,-0.00790775217888286,0.45,,
trend_pullback,0.4,0.03,-0.03,1.0,0.5,1,80,0.0013279877383283421,0.4625,52,11,-0.0059995725728536715,0.34615384615384615,0.6457420921161295,-0.0689871709686074,-0.00790775217888286,0.45,,
trend_pullback,0.4,0.03,0.0,1.0,0.35,1,80,0.0013279877383283421,0.4625,52,11,-0.0059995725728536715,0.34615384615384615,0.6457420921161295,-0.0689871709686074,-0.00790775217888286,0.45,,
trend_pullback,0.5,0.03,-0.03,1.0,0.5,1,75,0.0006924347366324915,0.44,35,7,-0.0069931467197610585,0.3142857142857143,0.5813062270790451,-0.03707625946273718,-0.007960107946873412,0.7,,
trend_pullback,0.5,0.03,-0.03,1.0,0.5,1,75,0.0010231259180882716,0.4533333333333333,35,7,-0.0069931467197610585,0.3142857142857143,0.5813062270790451,-0.03707625946273718,-0.007960107946873412,0.45,,
trend_pullback,0.5,0.0,0.03,1.0,0.5,1,75,0.0014507354924312918,0.44,35,7,-0.0069931467197610585,0.3142857142857143,0.5813062270790451,-0.03707625946273718,-0.007960107946873412,0.7,,
trend_pullback,0.5,0.0,0.03,1.0,0.5,1,75,0.0017814266738870718,0.4533333333333333,35,7,-0.0069931467197610585,0.3142857142857143,0.5813062270790451,-0.03707625946273718,-0.007960107946873412,0.45,,
trend_pullback,0.5,0.03,0.0,1.0,0.5,1,75,0.0010231259180882716,0.4533333333333333,35,7,-0.0069931467197610585,0.3142857142857143,0.5813062270790451,-0.03707625946273718,-0.007960107946873412,0.45,,
trend_pullback,0.5,0.03,0.0,1.0,0.35,1,75,0.0006924347366324915,0.44,35,7,-0.0069931467197610585,0.3142857142857143,0.5813062270790451,-0.03707625946273718,-0.007960107946873412,0.7,,
trend_pullback,0.5,0.0,0.0,1.0,0.35,1,75,0.0017814266738870718,0.4533333333333333,35,7,-0.0069931467197610585,0.3142857142857143,0.5813062270790451,-0.03707625946273718,-0.007960107946873412,0.45,,
trend_pullback,0.5,0.03,0.03,1.0,0.5,1,75,0.0006924347366324915,0.44,35,7,-0.0069931467197610585,0.3142857142857143,0.5813062270790451,-0.03707625946273718,-0.007960107946873412,0.7,,
trend_pullback,0.5,0.03,0.03,1.0,0.35,1,75,0.0010231259180882716,0.4533333333333333,35,7,-0.0069931467197610585,0.3142857142857143,0.5813062270790451,-0.03707625946273718,-0.007960107946873412,0.45,,
trend_pullback,0.5,0.03,0.0,1.0,0.5,1,75,0.0006924347366324915,0.44,35,7,-0.0069931467197610585,0.3142857142857143,0.5813062270790451,-0.03707625946273718,-0.007960107946873412,0.7,,
trend_pullback,0.5,0.03,0.0,1.0,0.35,1,75,0.0010231259180882716,0.4533333333333333,35,7,-0.0069931467197610585,0.3142857142857143,0.5813062270790451,-0.03707625946273718,-0.007960107946873412,0.45,,
trend_pullback,0.5,-0.03,0.03,1.0,0.35,1,75,0.0014507354924312918,0.44,35,7,-0.0069931467197610585,0.3142857142857143,0.5813062270790451,-0.03707625946273718,-0.007960107946873412,0.7,,
trend_pullback,0.5,-0.03,-0.03,1.0,0.35,1,75,0.0014507354924312918,0.44,35,7,-0.0069931467197610585,0.3142857142857143,0.5813062270790451,-0.03707625946273718,-0.007960107946873412,0.7,,
trend_pullback,0.5,-0.03,-0.03,1.0,0.35,1,75,0.0017814266738870718,0.4533333333333333,35,7,-0.0069931467197610585,0.3142857142857143,0.5813062270790451,-0.03707625946273718,-0.007960107946873412,0.45,,
trend_pullback,0.5,0.03,0.03,1.0,0.35,1,75,0.0006924347366324915,0.44,35,7,-0.0069931467197610585,0.3142857142857143,0.5813062270790451,-0.03707625946273718,-0.007960107946873412,0.7,,
trend_pullback,0.5,-0.03,-0.03,1.0,0.5,1,75,0.0014507354924312918,0.44,35,7,-0.0069931467197610585,0.3142857142857143,0.5813062270790451,-0.03707625946273718,-0.007960107946873412,0.7,,
trend_pullback,0.5,-0.03,0.03,1.0,0.35,1,75,0.0017814266738870718,0.4533333333333333,35,7,-0.0069931467197610585,0.3142857142857143,0.5813062270790451,-0.03707625946273718,-0.007960107946873412,0.45,,
trend_pullback,0.5,0.0,-0.03,1.0,0.35,1,75,0.0014507354924312918,0.44,35,7,-0.0069931467197610585,0.3142857142857143,0.5813062270790451,-0.03707625946273718,-0.007960107946873412,0.7,,
trend_pullback,0.5,0.0,0.0,1.0,0.5,1,75,0.0014507354924312918,0.44,35,7,-0.0069931467197610585,0.3142857142857143,0.5813062270790451,-0.03707625946273718,-0.007960107946873412,0.7,,
trend_pullback,0.5,0.0,-0.03,1.0,0.35,1,75,0.0017814266738870718,0.4533333333333333,35,7,-0.0069931467197610585,0.3142857142857143,0.5813062270790451,-0.03707625946273718,-0.007960107946873412,0.45,,
trend_pullback,0.5,-0.03,0.0,1.0,0.35,1,75,0.0017814266738870718,0.4533333333333333,35,7,-0.0069931467197610585,0.3142857142857143,0.5813062270790451,-0.03707625946273718,-0.007960107946873412,0.45,,
trend_pullback,0.5,-0.03,0.0,1.0,0.5,1,75,0.0014507354924312918,0.44,35,7,-0.0069931467197610585,0.3142857142857143,0.5813062270790451,-0.03707625946273718,-0.007960107946873412,0.7,,
trend_pullback,0.5,0.03,-0.03,1.0,0.35,1,75,0.0010231259180882716,0.4533333333333333,35,7,-0.0069931467197610585,0.3142857142857143,0.5813062270790451,-0.03707625946273718,-0.007960107946873412,0.45,,
trend_pullback,0.5,0.03,-0.03,1.0,0.35,1,75,0.0006924347366324915,0.44,35,7,-0.0069931467197610585,0.3142857142857143,0.5813062270790451,-0.03707625946273718,-0.007960107946873412,0.7,,
trend_pullback,0.5,-0.03,0.0,1.0,0.35,1,75,0.0014507354924312918,0.44,35,7,-0.0069931467197610585,0.3142857142857143,0.5813062270790451,-0.03707625946273718,-0.007960107946873412,0.7,,
trend_pullback,0.5,0.0,-0.03,1.0,0.5,1,75,0.0014507354924312918,0.44,35,7,-0.0069931467197610585,0.3142857142857143,0.5813062270790451,-0.03707625946273718,-0.007960107946873412,0.7,,
trend_pullback,0.5,-0.03,0.03,1.0,0.5,1,75,0.0014507354924312918,0.44,35,7,-0.0069931467197610585,0.3142857142857143,0.5813062270790451,-0.03707625946273718,-0.007960107946873412,0.7,,
trend_pullback,0.5,0.03,0.03,1.0,0.5,1,75,0.0010231259180882716,0.4533333333333333,35,7,-0.0069931467197610585,0.3142857142857143,0.5813062270790451,-0.03707625946273718,-0.007960107946873412,0.45,,
trend_pullback,0.5,0.0,0.0,1.0,0.5,1,75,0.0017814266738870718,0.4533333333333333,35,7,-0.0069931467197610585,0.3142857142857143,0.5813062270790451,-0.03707625946273718,-0.007960107946873412,0.45,,
trend_pullback,0.5,0.0,0.0,1.0,0.35,1,75,0.0014507354924312918,0.44,35,7,-0.0069931467197610585,0.3142857142857143,0.5813062270790451,-0.03707625946273718,-0.007960107946873412,0.7,,
trend_pullback,0.5,-0.03,-0.03,1.0,0.5,1,75,0.0017814266738870718,0.4533333333333333,35,7,-0.0069931467197610585,0.3142857142857143,0.5813062270790451,-0.03707625946273718,-0.007960107946873412,0.45,,
trend_pullback,0.5,0.0,0.03,1.0,0.35,1,75,0.0017814266738870718,0.4533333333333333,35,7,-0.0069931467197610585,0.3142857142857143,0.5813062270790451,-0.03707625946273718,-0.007960107946873412,0.45,,
trend_pullback,0.5,-0.03,0.03,1.0,0.5,1,75,0.0017814266738870718,0.4533333333333333,35,7,-0.0069931467197610585,0.3142857142857143,0.5813062270790451,-0.03707625946273718,-0.007960107946873412,0.45,,
trend_pullback,0.5,0.0,-0.03,1.0,0.5,1,75,0.0017814266738870718,0.4533333333333333,35,7,-0.0069931467197610585,0.3142857142857143,0.5813062270790451,-0.03707625946273718,-0.007960107946873412,0.45,,
trend_pullback,0.5,0.0,0.03,1.0,0.35,1,75,0.0014507354924312918,0.44,35,7,-0.0069931467197610585,0.3142857142857143,0.5813062270790451,-0.03707625946273718,-0.007960107946873412,0.7,,
trend_pullback,0.5,-0.03,0.0,1.0,0.5,1,75,0.0017814266738870718,0.4533333333333333,35,7,-0.0069931467197610585,0.3142857142857143,0.5813062270790451,-0.03707625946273718,-0.007960107946873412,0.45,,
volume_breakout,0.4,0.0,-0.03,0.75,0.5,2,80,0.003855675333346508,0.4875,55,11,-0.005922591448505018,0.3090909090909091,0.7041788310996199,-0.07726065073924271,-0.008064366262907394,,-0.05,0.8
volume_breakout,0.4,0.0,-0.03,0.75,0.35,2,80,0.003855675333346508,0.4875,55,11,-0.005922591448505018,0.3090909090909091,0.7041788310996199,-0.07726065073924271,-0.008064366262907394,,-0.05,1.1
volume_breakout,0.4,0.0,0.0,0.75,0.5,2,80,0.003855675333346508,0.4875,55,11,-0.005922591448505018,0.3090909090909091,0.7041788310996199,-0.07726065073924271,-0.008064366262907394,,-0.05,1.1
volume_breakout,0.4,0.0,0.0,0.75,0.5,2,80,0.003855675333346508,0.4875,55,11,-0.005922591448505018,0.3090909090909091,0.7041788310996199,-0.07726065073924271,-0.008064366262907394,,-0.05,0.8
volume_breakout,0.4,0.0,-0.03,0.75,0.65,2,80,0.003855675333346508,0.4875,55,11,-0.005922591448505018,0.3090909090909091,0.7041788310996199,-0.07726065073924271,-0.008064366262907394,,-0.05,1.1
volume_breakout,0.4,0.0,0.0,0.75,0.65,2,80,0.003855675333346508,0.4875,55,11,-0.005922591448505018,0.3090909090909091,0.7041788310996199,-0.07726065073924271,-0.008064366262907394,,-0.05,0.8
volume_breakout,0.4,0.0,0.0,0.75,0.35,2,80,0.003855675333346508,0.4875,55,11,-0.005922591448505018,0.3090909090909091,0.7041788310996199,-0.07726065073924271,-0.008064366262907394,,-0.05,1.1
volume_breakout,0.4,0.0,0.0,0.75,0.35,2,80,0.003855675333346508,0.4875,55,11,-0.005922591448505018,0.3090909090909091,0.7041788310996199,-0.07726065073924271,-0.008064366262907394,,-0.05,0.8
volume_breakout,0.4,0.0,-0.03,0.75,0.35,2,80,0.003855675333346508,0.4875,55,11,-0.005922591448505018,0.3090909090909091,0.7041788310996199,-0.07726065073924271,-0.008064366262907394,,-0.05,0.8
volume_breakout,0.4,0.0,-0.03,0.75,0.65,2,80,0.003855675333346508,0.4875,55,11,-0.005922591448505018,0.3090909090909091,0.7041788310996199,-0.07726065073924271,-0.008064366262907394,,-0.05,0.8
volume_breakout,0.4,0.0,-0.03,0.75,0.5,2,80,0.003855675333346508,0.4875,55,11,-0.005922591448505018,0.3090909090909091,0.7041788310996199,-0.07726065073924271,-0.008064366262907394,,-0.05,1.1
volume_breakout,0.4,0.0,0.03,0.75,0.5,2,80,0.003855675333346508,0.4875,55,11,-0.005922591448505018,0.3090909090909091,0.7041788310996199,-0.07726065073924271,-0.008064366262907394,,-0.05,1.1
volume_breakout,0.4,0.0,0.03,0.75,0.65,2,80,0.003855675333346508,0.4875,55,11,-0.005922591448505018,0.3090909090909091,0.7041788310996199,-0.07726065073924271,-0.008064366262907394,,-0.05,0.8
volume_breakout,0.4,0.0,0.03,0.75,0.65,2,80,0.003855675333346508,0.4875,55,11,-0.005922591448505018,0.3090909090909091,0.7041788310996199,-0.07726065073924271,-0.008064366262907394,,-0.05,1.1
volume_breakout,0.4,0.0,0.0,0.75,0.65,2,80,0.003855675333346508,0.4875,55,11,-0.005922591448505018,0.3090909090909091,0.7041788310996199,-0.07726065073924271,-0.008064366262907394,,-0.05,1.1
volume_breakout,0.4,0.0,0.03,0.75,0.35,2,80,0.003855675333346508,0.4875,55,11,-0.005922591448505018,0.3090909090909091,0.7041788310996199,-0.07726065073924271,-0.008064366262907394,,-0.05,0.8
volume_breakout,0.4,0.0,0.03,0.75,0.35,2,80,0.003855675333346508,0.4875,55,11,-0.005922591448505018,0.3090909090909091,0.7041788310996199,-0.07726065073924271,-0.008064366262907394,,-0.05,1.1
volume_breakout,0.4,0.0,0.03,0.75,0.5,2,80,0.003855675333346508,0.4875,55,11,-0.005922591448505018,0.3090909090909091,0.7041788310996199,-0.07726065073924271,-0.008064366262907394,,-0.05,0.8
trend_pullback,0.3,0.03,0.0,0.75,0.65,1,90,-0.0020563608812214653,0.4222222222222222,81,17,-0.005265761401087204,0.35802469135802467,0.6773309193743993,-0.10198850831886619,-0.00815608392080959,0.45,,
trend_pullback,0.3,0.03,-0.03,0.75,0.65,1,90,-0.0012803144145278314,0.43333333333333335,81,17,-0.005265761401087204,0.35802469135802467,0.6773309193743993,-0.10198850831886619,-0.00815608392080959,0.45,,
trend_pullback,0.4,0.03,0.03,1.0,0.35,3,80,-0.000519836489797965,0.375,52,11,-0.006079756099580369,0.28846153846153844,0.7085098637007426,-0.0751681390106248,-0.008157672803973927,0.45,,
trend_pullback,0.4,0.03,0.03,1.0,0.5,3,80,-0.000519836489797965,0.375,52,11,-0.006079756099580369,0.28846153846153844,0.7085098637007426,-0.0751681390106248,-0.008157672803973927,0.45,,
trend_pullback,0.3,-0.03,0.0,0.75,0.65,3,90,-0.004593615522869569,0.37777777777777777,88,18,-0.004515157067390807,0.3181818181818182,0.783994370851925,-0.12812813001209533,-0.008163002375040685,0.45,,
trend_pullback,0.3,-0.03,-0.03,0.75,0.65,3,90,-0.004593615522869569,0.37777777777777777,88,18,-0.004515157067390807,0.3181818181818182,0.783994370851925,-0.12812813001209533,-0.008163002375040685,0.45,,
trend_pullback,0.3,0.0,0.0,0.75,0.35,2,90,-0.006379794323678969,0.3333333333333333,89,18,-0.005253297399767972,0.3146067415730337,0.7266842887607294,-0.10367503777076015,-0.008181877460700595,0.7,,
trend_pullback,0.3,0.0,-0.03,0.75,0.5,2,90,-0.0067840633634674505,0.32222222222222224,89,18,-0.005253297399767972,0.3146067415730337,0.7266842887607294,-0.10367503777076015,-0.008181877460700595,0.7,,
trend_pullback,0.3,-0.03,-0.03,0.75,0.5,3,90,-0.005364198247367343,0.35555555555555557,90,18,-0.005110397314858893,0.3111111111111111,0.7517982504380816,-0.10990443259792804,-0.008219580730187213,0.7,,
trend_pullback,0.3,-0.03,0.0,0.75,0.5,3,90,-0.005364198247367343,0.35555555555555557,90,18,-0.005110397314858893,0.3111111111111111,0.7517982504380816,-0.10990443259792804,-0.008219580730187213,0.7,,
trend_pullback,0.3,-0.03,0.0,0.75,0.35,3,90,-0.005364198247367343,0.35555555555555557,90,18,-0.005110397314858893,0.3111111111111111,0.7517982504380816,-0.10990443259792804,-0.008219580730187213,0.7,,
trend_pullback,0.3,-0.03,-0.03,0.75,0.35,3,90,-0.005364198247367343,0.35555555555555557,90,18,-0.005110397314858893,0.3111111111111111,0.7517982504380816,-0.10990443259792804,-0.008219580730187213,0.7,,
trend_pullback,0.3,0.0,0.0,0.75,0.5,3,90,-0.005364198247367343,0.35555555555555557,88,18,-0.004974380793539558,0.3068181818181818,0.7596748863478779,-0.11711409637834214,-0.008297884963302853,0.7,,
flow_trend,0.3,0.0,-0.03,0.75,0.35,3,90,-0.003452192498553046,0.4111111111111111,90,18,-0.004680556577839579,0.3111111111111111,0.7784106806762898,-0.12761983381937791,-0.008314548922251844,,,
flow_trend,0.3,0.0,-0.03,0.75,0.5,3,90,-0.003452192498553046,0.4111111111111111,90,18,-0.004680556577839579,0.3111111111111111,0.7784106806762898,-0.12761983381937791,-0.008314548922251844,,,
flow_trend,0.3,0.0,-0.03,0.75,0.65,3,90,-0.0034521924985530437,0.4111111111111111,90,18,-0.004680556577839579,0.3111111111111111,0.7784106806762898,-0.12761983381937791,-0.008314548922251844,,,
flow_trend,0.3,0.0,0.03,0.75,0.35,3,90,-0.003452192498553046,0.4111111111111111,90,18,-0.004680556577839579,0.3111111111111111,0.7784106806762898,-0.12761983381937791,-0.008314548922251844,,,
flow_trend,0.3,0.0,0.03,0.75,0.5,3,90,-0.003452192498553046,0.4111111111111111,90,18,-0.004680556577839579,0.3111111111111111,0.7784106806762898,-0.12761983381937791,-0.008314548922251844,,,
flow_trend,0.3,0.0,0.03,0.75,0.65,3,90,-0.0034521924985530437,0.4111111111111111,90,18,-0.004680556577839579,0.3111111111111111,0.7784106806762898,-0.12761983381937791,-0.008314548922251844,,,
flow_trend,0.3,0.0,0.0,0.75,0.65,3,90,-0.0034521924985530437,0.4111111111111111,90,18,-0.004680556577839579,0.3111111111111111,0.7784106806762898,-0.12761983381937791,-0.008314548922251844,,,
flow_trend,0.3,0.0,0.0,0.75,0.35,3,90,-0.003452192498553046,0.4111111111111111,90,18,-0.004680556577839579,0.3111111111111111,0.7784106806762898,-0.12761983381937791,-0.008314548922251844,,,
flow_trend,0.3,0.0,0.0,0.75,0.5,3,90,-0.003452192498553046,0.4111111111111111,90,18,-0.004680556577839579,0.3111111111111111,0.7784106806762898,-0.12761983381937791,-0.008314548922251844,,,
volume_breakout,0.4,-0.03,-0.03,0.75,0.5,3,80,0.004599992860125295,0.45,55,11,-0.005906299700569426,0.3090909090909091,0.7273218521270874,-0.08645949108661599,-0.008318253970136134,,-0.05,0.8
volume_breakout,0.4,-0.03,-0.03,0.75,0.65,3,80,0.004599992860125295,0.45,55,11,-0.005906299700569426,0.3090909090909091,0.7273218521270874,-0.08645949108661599,-0.008318253970136134,,-0.05,0.8
volume_breakout,0.4,-0.03,0.03,0.75,0.65,3,80,0.004599992860125295,0.45,55,11,-0.005906299700569426,0.3090909090909091,0.7273218521270874,-0.08645949108661599,-0.008318253970136134,,-0.05,1.1
volume_breakout,0.4,-0.03,-0.03,0.75,0.65,3,80,0.004599992860125295,0.45,55,11,-0.005906299700569426,0.3090909090909091,0.7273218521270874,-0.08645949108661599,-0.008318253970136134,,-0.05,1.1
volume_breakout,0.4,-0.03,0.0,0.75,0.35,3,80,0.004599992860125295,0.45,55,11,-0.005906299700569426,0.3090909090909091,0.7273218521270874,-0.08645949108661599,-0.008318253970136134,,-0.05,0.8
volume_breakout,0.4,-0.03,-0.03,0.75,0.35,3,80,0.004599992860125295,0.45,55,11,-0.005906299700569426,0.3090909090909091,0.7273218521270874,-0.08645949108661599,-0.008318253970136134,,-0.05,1.1
volume_breakout,0.4,-0.03,-0.03,0.75,0.35,3,80,0.004599992860125295,0.45,55,11,-0.005906299700569426,0.3090909090909091,0.7273218521270874,-0.08645949108661599,-0.008318253970136134,,-0.05,0.8
volume_breakout,0.4,-0.03,0.0,0.75,0.35,3,80,0.004599992860125295,0.45,55,11,-0.005906299700569426,0.3090909090909091,0.7273218521270874,-0.08645949108661599,-0.008318253970136134,,-0.05,1.1
volume_breakout,0.4,-0.03,0.0,0.75,0.5,3,80,0.004599992860125295,0.45,55,11,-0.005906299700569426,0.3090909090909091,0.7273218521270874,-0.08645949108661599,-0.008318253970136134,,-0.05,0.8
volume_breakout,0.4,-0.03,0.0,0.75,0.5,3,80,0.004599992860125295,0.45,55,11,-0.005906299700569426,0.3090909090909091,0.7273218521270874,-0.08645949108661599,-0.008318253970136134,,-0.05,1.1
volume_breakout,0.4,-0.03,0.03,0.75,0.35,3,80,0.004599992860125295,0.45,55,11,-0.005906299700569426,0.3090909090909091,0.7273218521270874,-0.08645949108661599,-0.008318253970136134,,-0.05,0.8
volume_breakout,0.4,-0.03,0.0,0.75,0.65,3,80,0.004599992860125295,0.45,55,11,-0.005906299700569426,0.3090909090909091,0.7273218521270874,-0.08645949108661599,-0.008318253970136134,,-0.05,0.8
volume_breakout,0.4,-0.03,0.03,0.75,0.65,3,80,0.004599992860125295,0.45,55,11,-0.005906299700569426,0.3090909090909091,0.7273218521270874,-0.08645949108661599,-0.008318253970136134,,-0.05,0.8
volume_breakout,0.4,-0.03,0.0,0.75,0.65,3,80,0.004599992860125295,0.45,55,11,-0.005906299700569426,0.3090909090909091,0.7273218521270874,-0.08645949108661599,-0.008318253970136134,,-0.05,1.1
volume_breakout,0.4,-0.03,0.03,0.75,0.5,3,80,0.004599992860125295,0.45,55,11,-0.005906299700569426,0.3090909090909091,0.7273218521270874,-0.08645949108661599,-0.008318253970136134,,-0.05,1.1
volume_breakout,0.4,-0.03,0.03,0.75,0.5,3,80,0.004599992860125295,0.45,55,11,-0.005906299700569426,0.3090909090909091,0.7273218521270874,-0.08645949108661599,-0.008318253970136134,,-0.05,0.8
volume_breakout,0.4,-0.03,0.03,0.75,0.35,3,80,0.004599992860125295,0.45,55,11,-0.005906299700569426,0.3090909090909091,0.7273218521270874,-0.08645949108661599,-0.008318253970136134,,-0.05,1.1
volume_breakout,0.4,-0.03,-0.03,0.75,0.5,3,80,0.004599992860125295,0.45,55,11,-0.005906299700569426,0.3090909090909091,0.7273218521270874,-0.08645949108661599,-0.008318253970136134,,-0.05,1.1
trend_pullback,0.4,0.03,0.03,1.0,0.65,2,80,-0.003455818616077648,0.35,53,11,-0.006494639671626326,0.2830188679245283,0.6862644966109792,-0.06722701335978265,-0.00833988394826706,0.7,,
trend_pullback,0.3,0.03,-0.03,1.0,0.65,2,90,-0.0029155535668329772,0.34444444444444444,82,17,-0.005512130240550275,0.2926829268292683,0.7356223568478133,-0.10208235807247412,-0.008390695393512546,0.45,,
trend_pullback,0.3,0.03,0.0,1.0,0.65,2,90,-0.0029155535668329772,0.34444444444444444,82,17,-0.005512130240550275,0.2926829268292683,0.7356223568478133,-0.10208235807247412,-0.008390695393512546,0.45,,
trend_pullback,0.4,0.03,-0.03,1.0,0.5,1,80,0.000538067483308304,0.45,53,11,-0.0064825995054413384,0.33962264150943394,0.6233738645914276,-0.0689871709686074,-0.008396371168351704,0.7,,
trend_pullback,0.4,0.03,0.0,1.0,0.35,1,80,0.000538067483308304,0.45,53,11,-0.0064825995054413384,0.33962264150943394,0.6233738645914276,-0.0689871709686074,-0.008396371168351704,0.7,,
trend_pullback,0.4,0.03,-0.03,1.0,0.35,1,80,0.000538067483308304,0.45,53,11,-0.0064825995054413384,0.33962264150943394,0.6233738645914276,-0.0689871709686074,-0.008396371168351704,0.7,,
trend_pullback,0.4,0.03,0.0,1.0,0.5,1,80,0.000538067483308304,0.45,53,11,-0.0064825995054413384,0.33962264150943394,0.6233738645914276,-0.0689871709686074,-0.008396371168351704,0.7,,
flow_trend,0.3,0.0,-0.03,0.75,0.35,2,90,-0.0022243097617718802,0.4444444444444444,90,18,-0.005022512539665042,0.32222222222222224,0.7444351898432985,-0.11892134423366907,-0.008404044069214288,,,
flow_trend,0.3,0.0,0.0,0.75,0.35,2,90,-0.0022243097617718802,0.4444444444444444,90,18,-0.005022512539665042,0.32222222222222224,0.7444351898432985,-0.11892134423366907,-0.008404044069214288,,,
flow_trend,0.3,0.0,-0.03,0.75,0.65,2,90,-0.0023462266046189537,0.4444444444444444,90,18,-0.005022512539665042,0.32222222222222224,0.7444351898432985,-0.11892134423366907,-0.008404044069214288,,,
flow_trend,0.3,0.0,0.0,0.75,0.5,2,90,-0.0022243097617718802,0.4444444444444444,90,18,-0.005022512539665042,0.32222222222222224,0.7444351898432985,-0.11892134423366907,-0.008404044069214288,,,
flow_trend,0.3,0.0,0.0,0.75,0.65,2,90,-0.0023462266046189537,0.4444444444444444,90,18,-0.005022512539665042,0.32222222222222224,0.7444351898432985,-0.11892134423366907,-0.008404044069214288,,,
flow_trend,0.3,0.0,0.03,0.75,0.5,2,90,-0.0022243097617718802,0.4444444444444444,90,18,-0.005022512539665042,0.32222222222222224,0.7444351898432985,-0.11892134423366907,-0.008404044069214288,,,
flow_trend,0.3,0.0,-0.03,0.75,0.5,2,90,-0.0022243097617718802,0.4444444444444444,90,18,-0.005022512539665042,0.32222222222222224,0.7444351898432985,-0.11892134423366907,-0.008404044069214288,,,
flow_trend,0.3,0.0,0.03,0.75,0.65,2,90,-0.0023462266046189537,0.4444444444444444,90,18,-0.005022512539665042,0.32222222222222224,0.7444351898432985,-0.11892134423366907,-0.008404044069214288,,,
flow_trend,0.3,0.0,0.03,0.75,0.35,2,90,-0.0022243097617718802,0.4444444444444444,90,18,-0.005022512539665042,0.32222222222222224,0.7444351898432985,-0.11892134423366907,-0.008404044069214288,,,
trend_pullback,0.3,0.03,0.03,1.0,0.65,1,90,0.00018897799727245093,0.4222222222222222,83,17,-0.00545149363114755,0.3373493975903614,0.696604683553045,-0.10622447148492797,-0.008464076604807129,0.7,,
flow_trend,0.4,0.03,-0.03,1.0,0.65,2,80,-0.0014356068778406624,0.45,54,11,-0.006637136128121062,0.3148148148148148,0.6734153192905606,-0.06668601627162951,-0.008469362786447308,,,
flow_trend,0.4,0.03,0.03,1.0,0.65,2,80,-0.0014356068778406624,0.45,54,11,-0.006637136128121062,0.3148148148148148,0.6734153192905606,-0.06668601627162951,-0.008469362786447308,,,
flow_trend,0.4,0.03,0.0,1.0,0.65,2,80,-0.0014356068778406624,0.45,54,11,-0.006637136128121062,0.3148148148148148,0.6734153192905606,-0.06668601627162951,-0.008469362786447308,,,
flow_trend,0.4,0.03,0.0,1.0,0.35,2,80,-0.001298450429637705,0.45,54,11,-0.006637136128121062,0.3148148148148148,0.6734153192905606,-0.06668601627162951,-0.008469362786447308,,,
flow_trend,0.4,0.03,0.0,1.0,0.5,2,80,-0.001298450429637705,0.45,54,11,-0.006637136128121062,0.3148148148148148,0.6734153192905606,-0.06668601627162951,-0.008469362786447308,,,
flow_trend,0.4,0.03,0.03,1.0,0.5,2,80,-0.001298450429637705,0.45,54,11,-0.006637136128121062,0.3148148148148148,0.6734153192905606,-0.06668601627162951,-0.008469362786447308,,,
flow_trend,0.4,0.03,0.03,1.0,0.35,2,80,-0.001298450429637705,0.45,54,11,-0.006637136128121062,0.3148148148148148,0.6734153192905606,-0.06668601627162951,-0.008469362786447308,,,
flow_trend,0.4,0.03,-0.03,1.0,0.5,2,80,-0.001298450429637705,0.45,54,11,-0.006637136128121062,0.3148148148148148,0.6734153192905606,-0.06668601627162951,-0.008469362786447308,,,
flow_trend,0.4,0.03,-0.03,1.0,0.35,2,80,-0.001298450429637705,0.45,54,11,-0.006637136128121062,0.3148148148148148,0.6734153192905606,-0.06668601627162951,-0.008469362786447308,,,
trend_pullback,0.5,0.0,0.03,1.0,0.5,2,75,-0.0018687064204002915,0.36,35,7,-0.007691011317500691,0.2571428571428571,0.5992611086691725,-0.03192673214893027,-0.008498998004801306,0.45,,
trend_pullback,0.5,0.0,0.03,1.0,0.5,2,75,-0.0028274246369485033,0.3466666666666667,35,7,-0.007691011317500691,0.2571428571428571,0.5992611086691725,-0.03192673214893027,-0.008498998004801306,0.7,,
trend_pullback,0.5,0.03,-0.03,1.0,0.5,2,75,-0.0022829884115392026,0.36,35,7,-0.007691011317500691,0.2571428571428571,0.5992611086691725,-0.03192673214893027,-0.008498998004801306,0.45,,
trend_pullback,0.5,0.03,-0.03,1.0,0.5,2,75,-0.0032417066280874146,0.3466666666666667,35,7,-0.007691011317500691,0.2571428571428571,0.5992611086691725,-0.03192673214893027,-0.008498998004801306,0.7,,
trend_pullback,0.5,0.0,-0.03,1.0,0.5,2,75,-0.0018687064204002915,0.36,35,7,-0.007691011317500691,0.2571428571428571,0.5992611086691725,-0.03192673214893027,-0.008498998004801306,0.45,,
trend_pullback,0.5,0.03,-0.03,1.0,0.35,2,75,-0.0022829884115392026,0.36,35,7,-0.007691011317500691,0.2571428571428571,0.5992611086691725,-0.03192673214893027,-0.008498998004801306,0.45,,
trend_pullback,0.5,-0.03,0.03,1.0,0.5,2,75,-0.0018687064204002915,0.36,35,7,-0.007691011317500691,0.2571428571428571,0.5992611086691725,-0.03192673214893027,-0.008498998004801306,0.45,,
trend_pullback,0.5,-0.03,0.03,1.0,0.5,2,75,-0.0028274246369485033,0.3466666666666667,35,7,-0.007691011317500691,0.2571428571428571,0.5992611086691725,-0.03192673214893027,-0.008498998004801306,0.7,,
trend_pullback,0.5,-0.03,0.0,1.0,0.35,2,75,-0.0028274246369485033,0.3466666666666667,35,7,-0.007691011317500691,0.2571428571428571,0.5992611086691725,-0.03192673214893027,-0.008498998004801306,0.7,,
trend_pullback,0.5,0.0,-0.03,1.0,0.35,2,75,-0.0028274246369485033,0.3466666666666667,35,7,-0.007691011317500691,0.2571428571428571,0.5992611086691725,-0.03192673214893027,-0.008498998004801306,0.7,,
trend_pullback,0.5,0.0,-0.03,1.0,0.5,2,75,-0.0028274246369485033,0.3466666666666667,35,7,-0.007691011317500691,0.2571428571428571,0.5992611086691725,-0.03192673214893027,-0.008498998004801306,0.7,,
trend_pullback,0.5,0.0,0.03,1.0,0.35,2,75,-0.0028274246369485033,0.3466666666666667,35,7,-0.007691011317500691,0.2571428571428571,0.5992611086691725,-0.03192673214893027,-0.008498998004801306,0.7,,
trend_pullback,0.5,0.0,0.03,1.0,0.35,2,75,-0.0018687064204002915,0.36,35,7,-0.007691011317500691,0.2571428571428571,0.5992611086691725,-0.03192673214893027,-0.008498998004801306,0.45,,
trend_pullback,0.5,0.03,0.0,1.0,0.5,2,75,-0.0022829884115392026,0.36,35,7,-0.007691011317500691,0.2571428571428571,0.5992611086691725,-0.03192673214893027,-0.008498998004801306,0.45,,
trend_pullback,0.5,-0.03,0.03,1.0,0.35,2,75,-0.0018687064204002915,0.36,35,7,-0.007691011317500691,0.2571428571428571,0.5992611086691725,-0.03192673214893027,-0.008498998004801306,0.45,,
trend_pullback,0.5,-0.03,0.0,1.0,0.5,2,75,-0.0028274246369485033,0.3466666666666667,35,7,-0.007691011317500691,0.2571428571428571,0.5992611086691725,-0.03192673214893027,-0.008498998004801306,0.7,,
trend_pullback,0.5,-0.03,0.03,1.0,0.35,2,75,-0.0028274246369485033,0.3466666666666667,35,7,-0.007691011317500691,0.2571428571428571,0.5992611086691725,-0.03192673214893027,-0.008498998004801306,0.7,,
trend_pullback,0.5,-0.03,-0.03,1.0,0.5,2,75,-0.0028274246369485033,0.3466666666666667,35,7,-0.007691011317500691,0.2571428571428571,0.5992611086691725,-0.03192673214893027,-0.008498998004801306,0.7,,
trend_pullback,0.5,-0.03,-0.03,1.0,0.35,2,75,-0.0018687064204002915,0.36,35,7,-0.007691011317500691,0.2571428571428571,0.5992611086691725,-0.03192673214893027,-0.008498998004801306,0.45,,
trend_pullback,0.5,0.03,0.03,1.0,0.35,2,75,-0.0022829884115392026,0.36,35,7,-0.007691011317500691,0.2571428571428571,0.5992611086691725,-0.03192673214893027,-0.008498998004801306,0.45,,
trend_pullback,0.5,-0.03,0.0,1.0,0.35,2,75,-0.0018687064204002915,0.36,35,7,-0.007691011317500691,0.2571428571428571,0.5992611086691725,-0.03192673214893027,-0.008498998004801306,0.45,,
trend_pullback,0.5,0.0,0.0,1.0,0.5,2,75,-0.0018687064204002915,0.36,35,7,-0.007691011317500691,0.2571428571428571,0.5992611086691725,-0.03192673214893027,-0.008498998004801306,0.45,,
trend_pullback,0.5,-0.03,-0.03,1.0,0.35,2,75,-0.0028274246369485033,0.3466666666666667,35,7,-0.007691011317500691,0.2571428571428571,0.5992611086691725,-0.03192673214893027,-0.008498998004801306,0.7,,
trend_pullback,0.5,0.03,0.03,1.0,0.5,2,75,-0.0022829884115392026,0.36,35,7,-0.007691011317500691,0.2571428571428571,0.5992611086691725,-0.03192673214893027,-0.008498998004801306,0.45,,
trend_pullback,0.5,0.03,0.0,1.0,0.35,2,75,-0.0032417066280874146,0.3466666666666667,35,7,-0.007691011317500691,0.2571428571428571,0.5992611086691725,-0.03192673214893027,-0.008498998004801306,0.7,,
trend_pullback,0.5,0.03,-0.03,1.0,0.35,2,75,-0.0032417066280874146,0.3466666666666667,35,7,-0.007691011317500691,0.2571428571428571,0.5992611086691725,-0.03192673214893027,-0.008498998004801306,0.7,,
trend_pullback,0.5,0.03,0.0,1.0,0.35,2,75,-0.0022829884115392026,0.36,35,7,-0.007691011317500691,0.2571428571428571,0.5992611086691725,-0.03192673214893027,-0.008498998004801306,0.45,,
trend_pullback,0.5,0.03,0.03,1.0,0.35,2,75,-0.0032417066280874146,0.3466666666666667,35,7,-0.007691011317500691,0.2571428571428571,0.5992611086691725,-0.03192673214893027,-0.008498998004801306,0.7,,
trend_pullback,0.5,0.03,0.0,1.0,0.5,2,75,-0.0032417066280874146,0.3466666666666667,35,7,-0.007691011317500691,0.2571428571428571,0.5992611086691725,-0.03192673214893027,-0.008498998004801306,0.7,,
trend_pullback,0.5,0.03,0.03,1.0,0.5,2,75,-0.0032417066280874146,0.3466666666666667,35,7,-0.007691011317500691,0.2571428571428571,0.5992611086691725,-0.03192673214893027,-0.008498998004801306,0.7,,
trend_pullback,0.5,0.0,0.0,1.0,0.35,2,75,-0.0018687064204002915,0.36,35,7,-0.007691011317500691,0.2571428571428571,0.5992611086691725,-0.03192673214893027,-0.008498998004801306,0.45,,
trend_pullback,0.5,0.0,0.0,1.0,0.35,2,75,-0.0028274246369485033,0.3466666666666667,35,7,-0.007691011317500691,0.2571428571428571,0.5992611086691725,-0.03192673214893027,-0.008498998004801306,0.7,,
trend_pullback,0.5,0.0,0.0,1.0,0.5,2,75,-0.0028274246369485033,0.3466666666666667,35,7,-0.007691011317500691,0.2571428571428571,0.5992611086691725,-0.03192673214893027,-0.008498998004801306,0.7,,
trend_pullback,0.5,-0.03,-0.03,1.0,0.5,2,75,-0.0018687064204002915,0.36,35,7,-0.007691011317500691,0.2571428571428571,0.5992611086691725,-0.03192673214893027,-0.008498998004801306,0.45,,
trend_pullback,0.5,0.0,-0.03,1.0,0.35,2,75,-0.0018687064204002915,0.36,35,7,-0.007691011317500691,0.2571428571428571,0.5992611086691725,-0.03192673214893027,-0.008498998004801306,0.45,,
trend_pullback,0.5,-0.03,0.0,1.0,0.5,2,75,-0.0018687064204002915,0.36,35,7,-0.007691011317500691,0.2571428571428571,0.5992611086691725,-0.03192673214893027,-0.008498998004801306,0.45,,
trend_pullback,0.3,0.03,0.03,1.0,0.35,1,90,0.0009258787052357078,0.4444444444444444,82,17,-0.005135255744523643,0.32926829268292684,0.7108150164010233,-0.11864098275520896,-0.008516781473079656,0.45,,
trend_pullback,0.3,0.03,0.03,1.0,0.5,1,90,0.0009258787052357078,0.4444444444444444,82,17,-0.005135255744523643,0.32926829268292684,0.7108150164010233,-0.11864098275520896,-0.008516781473079656,0.45,,
trend_pullback,0.4,0.03,0.03,1.0,0.35,1,80,0.0013279877383283421,0.4625,52,11,-0.006481323361656794,0.3269230769230769,0.620011176324223,-0.0736112630627328,-0.008534658459457722,0.45,,
trend_pullback,0.4,0.03,0.03,1.0,0.5,1,80,0.0013279877383283421,0.4625,52,11,-0.006481323361656794,0.3269230769230769,0.620011176324223,-0.0736112630627328,-0.008534658459457722,0.45,,
trend_pullback,0.3,-0.03,-0.03,0.75,0.35,2,90,-0.0067840633634674505,0.32222222222222224,90,18,-0.005541697109188797,0.3,0.7101977092296585,-0.10618143964144822,-0.00854959087112483,0.7,,
trend_pullback,0.3,-0.03,0.0,0.75,0.5,2,90,-0.0067840633634674505,0.32222222222222224,90,18,-0.005541697109188797,0.3,0.7101977092296585,-0.10618143964144822,-0.00854959087112483,0.7,,
trend_pullback,0.3,-0.03,0.0,0.75,0.35,2,90,-0.0067840633634674505,0.32222222222222224,90,18,-0.005541697109188797,0.3,0.7101977092296585,-0.10618143964144822,-0.00854959087112483,0.7,,
trend_pullback,0.3,-0.03,-0.03,0.75,0.5,2,90,-0.0067840633634674505,0.32222222222222224,90,18,-0.005541697109188797,0.3,0.7101977092296585,-0.10618143964144822,-0.00854959087112483,0.7,,
trend_pullback,0.3,0.0,-0.03,0.75,0.35,2,90,-0.006379794323678969,0.3333333333333333,90,18,-0.00554603853977055,0.3111111111111111,0.7135039650593139,-0.10606920915878881,-0.008549738823269386,0.7,,
trend_pullback,0.3,-0.03,0.0,0.75,0.65,2,90,-0.00524376836713946,0.3333333333333333,88,18,-0.005286952432347096,0.29545454545454547,0.7267754723944436,-0.11500430951829499,-0.008555387849797334,0.45,,
trend_pullback,0.3,-0.03,-0.03,0.75,0.65,2,90,-0.00524376836713946,0.3333333333333333,88,18,-0.005286952432347096,0.29545454545454547,0.7267754723944436,-0.11500430951829499,-0.008555387849797334,0.45,,
volume_breakout,0.4,-0.03,0.0,0.75,0.5,2,80,0.006519383826725575,0.4875,55,11,-0.005957186524756247,0.2727272727272727,0.7099276717389479,-0.09258994359041262,-0.008557402914533888,,0.0,1.1
volume_breakout,0.4,-0.03,0.03,0.75,0.65,2,80,0.006519383826725575,0.4875,55,11,-0.005957186524756247,0.2727272727272727,0.7099276717389479,-0.09258994359041262,-0.008557402914533888,,0.0,0.8
volume_breakout,0.4,-0.03,-0.03,0.75,0.65,2,80,0.006519383826725575,0.4875,55,11,-0.005957186524756247,0.2727272727272727,0.7099276717389479,-0.09258994359041262,-0.008557402914533888,,0.0,0.8
volume_breakout,0.4,-0.03,0.0,0.75,0.65,2,80,0.006519383826725575,0.4875,55,11,-0.005957186524756247,0.2727272727272727,0.7099276717389479,-0.09258994359041262,-0.008557402914533888,,0.0,1.1
volume_breakout,0.4,-0.03,0.0,0.75,0.35,2,80,0.006519383826725575,0.4875,55,11,-0.005957186524756247,0.2727272727272727,0.7099276717389479,-0.09258994359041262,-0.008557402914533888,,0.0,1.1
volume_breakout,0.4,-0.03,0.0,0.75,0.35,2,80,0.006519383826725575,0.4875,55,11,-0.005957186524756247,0.2727272727272727,0.7099276717389479,-0.09258994359041262,-0.008557402914533888,,0.0,0.8
volume_breakout,0.4,-0.03,-0.03,0.75,0.5,2,80,0.006519383826725575,0.4875,55,11,-0.005957186524756247,0.2727272727272727,0.7099276717389479,-0.09258994359041262,-0.008557402914533888,,0.0,1.1
volume_breakout,0.4,-0.03,0.03,0.75,0.5,2,80,0.006519383826725575,0.4875,55,11,-0.005957186524756247,0.2727272727272727,0.7099276717389479,-0.09258994359041262,-0.008557402914533888,,0.0,1.1
volume_breakout,0.4,-0.03,0.03,0.75,0.5,2,80,0.006519383826725575,0.4875,55,11,-0.005957186524756247,0.2727272727272727,0.7099276717389479,-0.09258994359041262,-0.008557402914533888,,0.0,0.8
volume_breakout,0.4,-0.03,0.03,0.75,0.35,2,80,0.006519383826725575,0.4875,55,11,-0.005957186524756247,0.2727272727272727,0.7099276717389479,-0.09258994359041262,-0.008557402914533888,,0.0,1.1
volume_breakout,0.4,-0.03,0.03,0.75,0.35,2,80,0.006519383826725575,0.4875,55,11,-0.005957186524756247,0.2727272727272727,0.7099276717389479,-0.09258994359041262,-0.008557402914533888,,0.0,0.8
volume_breakout,0.4,-0.03,0.03,0.75,0.65,2,80,0.006519383826725575,0.4875,55,11,-0.005957186524756247,0.2727272727272727,0.7099276717389479,-0.09258994359041262,-0.008557402914533888,,0.0,1.1
volume_breakout,0.4,-0.03,0.0,0.75,0.5,2,80,0.006519383826725575,0.4875,55,11,-0.005957186524756247,0.2727272727272727,0.7099276717389479,-0.09258994359041262,-0.008557402914533888,,0.0,0.8
volume_breakout,0.4,-0.03,-0.03,0.75,0.35,2,80,0.006519383826725575,0.4875,55,11,-0.005957186524756247,0.2727272727272727,0.7099276717389479,-0.09258994359041262,-0.008557402914533888,,0.0,1.1
volume_breakout,0.4,-0.03,-0.03,0.75,0.35,2,80,0.006519383826725575,0.4875,55,11,-0.005957186524756247,0.2727272727272727,0.7099276717389479,-0.09258994359041262,-0.008557402914533888,,0.0,0.8
volume_breakout,0.4,-0.03,-0.03,0.75,0.5,2,80,0.006519383826725575,0.4875,55,11,-0.005957186524756247,0.2727272727272727,0.7099276717389479,-0.09258994359041262,-0.008557402914533888,,0.0,0.8
volume_breakout,0.4,-0.03,0.0,0.75,0.65,2,80,0.006519383826725575,0.4875,55,11,-0.005957186524756247,0.2727272727272727,0.7099276717389479,-0.09258994359041262,-0.008557402914533888,,0.0,0.8
volume_breakout,0.4,-0.03,-0.03,0.75,0.65,2,80,0.006519383826725575,0.4875,55,11,-0.005957186524756247,0.2727272727272727,0.7099276717389479,-0.09258994359041262,-0.008557402914533888,,0.0,1.1
trend_pullback,0.3,0.0,0.0,0.75,0.35,3,90,-0.005095351919902329,0.35555555555555557,89,18,-0.005273545054286305,0.30337078651685395,0.7467203308776594,-0.11711409637834214,-0.008600287862917154,0.7,,
trend_pullback,0.3,0.0,-0.03,0.75,0.5,3,90,-0.005364198247367343,0.35555555555555557,89,18,-0.005273545054286305,0.30337078651685395,0.7467203308776594,-0.11711409637834214,-0.008600287862917154,0.7,,
trend_pullback,0.4,0.03,0.03,1.0,0.35,3,80,-0.0024014036651692607,0.35,53,11,-0.006561270135437343,0.2830188679245283,0.688451531686129,-0.0751681390106248,-0.008644201422834554,0.7,,
trend_pullback,0.4,0.03,0.03,1.0,0.5,3,80,-0.0024014036651692607,0.35,53,11,-0.006561270135437343,0.2830188679245283,0.688451531686129,-0.0751681390106248,-0.008644201422834554,0.7,,
trend_pullback,0.3,0.03,0.03,0.75,0.5,1,90,-0.0032893583467464554,0.4,81,17,-0.005701057700573672,0.35802469135802467,0.6349680525646955,-0.10537172548304863,-0.008703467451923956,0.45,,
trend_pullback,0.3,0.03,-0.03,1.0,0.65,3,90,-0.0028015516144565228,0.3333333333333333,83,17,-0.005988617555784679,0.2891566265060241,0.7224857350098676,-0.09699610973831596,-0.00871787941418169,0.7,,
trend_pullback,0.3,0.03,0.0,1.0,0.65,3,90,-0.0028015516144565228,0.3333333333333333,83,17,-0.005988617555784679,0.2891566265060241,0.7224857350098676,-0.09699610973831596,-0.00871787941418169,0.7,,
trend_pullback,0.3,0.0,0.03,0.75,0.65,2,90,-0.003952145960794297,0.35555555555555557,86,18,-0.005402842942996955,0.3023255813953488,0.7208747926802536,-0.11972782538922189,-0.008814459006503548,0.45,,
flow_trend,0.4,0.03,0.03,1.0,0.5,3,80,-0.0020718249240008002,0.4375,54,11,-0.006895224041573216,0.2962962962962963,0.6849684257286065,-0.07152745063117893,-0.008869805454076432,,,
flow_trend,0.4,0.03,0.03,1.0,0.65,3,80,-0.002071824924000797,0.4375,54,11,-0.006895224041573216,0.2962962962962963,0.6849684257286065,-0.07152745063117893,-0.008869805454076432,,,
flow_trend,0.4,0.03,-0.03,1.0,0.65,3,80,-0.002071824924000797,0.4375,54,11,-0.006895224041573216,0.2962962962962963,0.6849684257286065,-0.07152745063117893,-0.008869805454076432,,,
flow_trend,0.4,0.03,-0.03,1.0,0.35,3,80,-0.0020718249240008002,0.4375,54,11,-0.006895224041573216,0.2962962962962963,0.6849684257286065,-0.07152745063117893,-0.008869805454076432,,,
flow_trend,0.4,0.03,-0.03,1.0,0.5,3,80,-0.0020718249240008002,0.4375,54,11,-0.006895224041573216,0.2962962962962963,0.6849684257286065,-0.07152745063117893,-0.008869805454076432,,,
flow_trend,0.4,0.03,0.0,1.0,0.5,3,80,-0.0020718249240008002,0.4375,54,11,-0.006895224041573216,0.2962962962962963,0.6849684257286065,-0.07152745063117893,-0.008869805454076432,,,
flow_trend,0.4,0.03,0.0,1.0,0.65,3,80,-0.002071824924000797,0.4375,54,11,-0.006895224041573216,0.2962962962962963,0.6849684257286065,-0.07152745063117893,-0.008869805454076432,,,
flow_trend,0.4,0.03,0.0,1.0,0.35,3,80,-0.0020718249240008002,0.4375,54,11,-0.006895224041573216,0.2962962962962963,0.6849684257286065,-0.07152745063117893,-0.008869805454076432,,,
flow_trend,0.4,0.03,0.03,1.0,0.35,3,80,-0.0020718249240008002,0.4375,54,11,-0.006895224041573216,0.2962962962962963,0.6849684257286065,-0.07152745063117893,-0.008869805454076432,,,
trend_pullback,0.3,0.03,0.03,1.0,0.65,3,90,-0.0008869047862027807,0.35555555555555557,82,17,-0.005676283623538148,0.2926829268292683,0.7354613386530258,-0.11272196016202218,-0.008874077093735557,0.45,,
trend_pullback,0.3,0.03,0.03,0.75,0.35,1,90,-0.0028600605030809434,0.4111111111111111,81,17,-0.005820435867389365,0.35802469135802467,0.6301514007817454,-0.10710062384522845,-0.008875916732550782,0.45,,
trend_pullback,0.3,0.0,0.03,0.75,0.5,2,90,-0.006572068216994926,0.32222222222222224,88,18,-0.005714316989685428,0.3068181818181818,0.7020180623374083,-0.11168114382515992,-0.008889246788855873,0.7,,
flow_trend,0.4,0.0,0.0,0.75,0.35,2,80,-0.001960302808512717,0.4375,55,11,-0.006826927264186924,0.3090909090909091,0.663097780563427,-0.07434731814489592,-0.008891572363392945,,,
flow_trend,0.4,0.0,-0.03,0.75,0.5,2,80,-0.001960302808512717,0.4375,55,11,-0.006826927264186924,0.3090909090909091,0.663097780563427,-0.07434731814489592,-0.008891572363392945,,,
flow_trend,0.4,0.0,-0.03,0.75,0.65,2,80,-0.0020974592567156746,0.4375,55,11,-0.006826927264186924,0.3090909090909091,0.663097780563427,-0.07434731814489592,-0.008891572363392945,,,
flow_trend,0.4,0.0,-0.03,0.75,0.35,2,80,-0.001960302808512717,0.4375,55,11,-0.006826927264186924,0.3090909090909091,0.663097780563427,-0.07434731814489592,-0.008891572363392945,,,
flow_trend,0.4,0.0,0.03,0.75,0.65,2,80,-0.0020974592567156746,0.4375,55,11,-0.006826927264186924,0.3090909090909091,0.663097780563427,-0.07434731814489592,-0.008891572363392945,,,
flow_trend,0.4,0.0,0.0,0.75,0.65,2,80,-0.0020974592567156746,0.4375,55,11,-0.006826927264186924,0.3090909090909091,0.663097780563427,-0.07434731814489592,-0.008891572363392945,,,
flow_trend,0.4,0.0,0.0,0.75,0.5,2,80,-0.001960302808512717,0.4375,55,11,-0.006826927264186924,0.3090909090909091,0.663097780563427,-0.07434731814489592,-0.008891572363392945,,,
flow_trend,0.4,0.0,0.03,0.75,0.35,2,80,-0.001960302808512717,0.4375,55,11,-0.006826927264186924,0.3090909090909091,0.663097780563427,-0.07434731814489592,-0.008891572363392945,,,
flow_trend,0.4,0.0,0.03,0.75,0.5,2,80,-0.001960302808512717,0.4375,55,11,-0.006826927264186924,0.3090909090909091,0.663097780563427,-0.07434731814489592,-0.008891572363392945,,,
trend_pullback,0.3,0.0,-0.03,0.75,0.35,3,90,-0.005095351919902329,0.35555555555555557,90,18,-0.00556606122034979,0.3,0.7342001893667022,-0.11711409637834214,-0.008895934064358377,0.7,,
trend_pullback,0.4,0.03,0.03,1.0,0.35,2,80,-0.0016776798723115824,0.375,52,11,-0.006853565309856234,0.2692307692307692,0.6608833285911618,-0.07526760468820703,-0.008946372618354655,0.45,,
trend_pullback,0.4,0.03,0.03,1.0,0.5,2,80,-0.0016776798723115824,0.375,52,11,-0.006853565309856234,0.2692307692307692,0.6608833285911618,-0.07526760468820703,-0.008946372618354655,0.45,,
trend_pullback,0.4,0.03,0.03,1.0,0.5,1,80,0.000538067483308304,0.45,53,11,-0.006955260656719873,0.32075471698113206,0.5986813840155613,-0.0736112630627328,-0.009013928202597967,0.7,,
trend_pullback,0.4,0.03,0.03,1.0,0.35,1,80,0.000538067483308304,0.45,53,11,-0.006955260656719873,0.32075471698113206,0.5986813840155613,-0.0736112630627328,-0.009013928202597967,0.7,,
trend_pullback,0.3,0.0,0.03,0.75,0.65,3,90,-0.003278871524569165,0.3888888888888889,86,18,-0.0049317886270975695,0.313953488372093,0.7653946072427567,-0.1437530739186884,-0.009053032192847532,0.45,,
flow_trend,0.4,0.03,0.03,0.75,0.5,2,80,-0.001298450429637705,0.45,52,11,-0.0074077952099718776,0.3076923076923077,0.6385880829507546,-0.06145614585305115,-0.009091832564825722,,,
flow_trend,0.4,0.03,0.0,0.75,0.65,2,80,-0.0014356068778406624,0.45,52,11,-0.0074077952099718776,0.3076923076923077,0.6385880829507546,-0.06145614585305115,-0.009091832564825722,,,
flow_trend,0.4,0.03,-0.03,0.75,0.5,2,80,-0.001298450429637705,0.45,52,11,-0.0074077952099718776,0.3076923076923077,0.6385880829507546,-0.06145614585305115,-0.009091832564825722,,,
flow_trend,0.4,0.03,-0.03,0.75,0.65,2,80,-0.0014356068778406624,0.45,52,11,-0.0074077952099718776,0.3076923076923077,0.6385880829507546,-0.06145614585305115,-0.009091832564825722,,,
flow_trend,0.4,0.03,0.0,0.75,0.5,2,80,-0.001298450429637705,0.45,52,11,-0.0074077952099718776,0.3076923076923077,0.6385880829507546,-0.06145614585305115,-0.009091832564825722,,,
flow_trend,0.4,0.03,0.0,0.75,0.35,2,80,-0.001298450429637705,0.45,52,11,-0.0074077952099718776,0.3076923076923077,0.6385880829507546,-0.06145614585305115,-0.009091832564825722,,,
flow_trend,0.4,0.03,-0.03,0.75,0.35,2,80,-0.001298450429637705,0.45,52,11,-0.0074077952099718776,0.3076923076923077,0.6385880829507546,-0.06145614585305115,-0.009091832564825722,,,
flow_trend,0.4,0.03,0.03,0.75,0.35,2,80,-0.001298450429637705,0.45,52,11,-0.0074077952099718776,0.3076923076923077,0.6385880829507546,-0.06145614585305115,-0.009091832564825722,,,
flow_trend,0.4,0.03,0.03,0.75,0.65,2,80,-0.0014356068778406624,0.45,52,11,-0.0074077952099718776,0.3076923076923077,0.6385880829507546,-0.06145614585305115,-0.009091832564825722,,,
trend_pullback,0.3,0.03,0.0,1.0,0.5,1,90,0.00036428164718474584,0.4444444444444444,83,18,-0.0050580238788988496,0.3373493975903614,0.7151112419636189,-0.1408619723979354,-0.009105105240346006,0.45,,
trend_pullback,0.3,0.03,-0.03,1.0,0.35,1,90,0.00036428164718474584,0.4444444444444444,83,18,-0.0050580238788988496,0.3373493975903614,0.7151112419636189,-0.1408619723979354,-0.009105105240346006,0.45,,
trend_pullback,0.3,0.03,0.0,1.0,0.35,1,90,0.00036428164718474584,0.4444444444444444,83,18,-0.0050580238788988496,0.3373493975903614,0.7151112419636189,-0.1408619723979354,-0.009105105240346006,0.45,,
trend_pullback,0.3,0.03,-0.03,1.0,0.5,1,90,0.00036428164718474584,0.4444444444444444,83,18,-0.0050580238788988496,0.3373493975903614,0.7151112419636189,-0.1408619723979354,-0.009105105240346006,0.45,,
trend_pullback,0.3,0.03,0.03,0.75,0.65,1,90,-0.0015844841294945123,0.4222222222222222,81,17,-0.005949725287518101,0.345679012345679,0.6439317883049689,-0.11201834138836086,-0.009149292582092685,0.45,,
trend_pullback,0.3,0.0,0.03,0.75,0.35,2,90,-0.006167799177206445,0.3333333333333333,89,18,-0.006005167360587839,0.30337078651685395,0.6891141562508045,-0.11561826028504762,-0.009301436630076567,0.7,,
trend_pullback,0.3,0.03,-0.03,1.0,0.5,3,90,-0.0007116139168574497,0.36666666666666664,83,18,-0.005545946111130622,0.2891566265060241,0.7376168549127954,-0.1342604929900818,-0.009389356687104876,0.45,,
trend_pullback,0.3,0.03,0.0,1.0,0.35,3,90,-0.0007116139168574497,0.36666666666666664,83,18,-0.005545946111130622,0.2891566265060241,0.7376168549127954,-0.1342604929900818,-0.009389356687104876,0.45,,
trend_pullback,0.3,0.03,-0.03,1.0,0.35,3,90,-0.0007116139168574497,0.36666666666666664,83,18,-0.005545946111130622,0.2891566265060241,0.7376168549127954,-0.1342604929900818,-0.009389356687104876,0.45,,
trend_pullback,0.3,0.03,0.0,1.0,0.5,3,90,-0.0007116139168574497,0.36666666666666664,83,18,-0.005545946111130622,0.2891566265060241,0.7376168549127954,-0.1342604929900818,-0.009389356687104876,0.45,,
trend_pullback,0.4,0.03,0.03,1.0,0.35,2,80,-0.0030608033862979016,0.3625,53,11,-0.0073204791719344185,0.2641509433962264,0.6415914339677289,-0.07526760468820703,-0.009418109454088696,0.7,,
trend_pullback,0.4,0.03,0.03,1.0,0.5,2,80,-0.0030608033862979016,0.3625,53,11,-0.0073204791719344185,0.2641509433962264,0.6415914339677289,-0.07526760468820703,-0.009418109454088696,0.7,,
trend_pullback,0.3,0.03,-0.03,0.75,0.5,1,90,-0.0026965927870858967,0.4111111111111111,82,18,-0.005791475920226014,0.35365853658536583,0.6337492691870913,-0.13036567145599043,-0.009544008746608955,0.45,,
trend_pullback,0.3,0.03,0.0,0.75,0.5,1,90,-0.003233290882852212,0.4,82,18,-0.005791475920226014,0.35365853658536583,0.6337492691870913,-0.13036567145599043,-0.009544008746608955,0.45,,
flow_trend,0.4,0.0,-0.03,0.75,0.5,3,80,-0.0028780696708181107,0.425,55,11,-0.007344401786271889,0.2909090909090909,0.6671318813070868,-0.07977321039466778,-0.00957081512778515,,,
flow_trend,0.4,0.0,-0.03,0.75,0.35,3,80,-0.0028780696708181107,0.425,55,11,-0.007344401786271889,0.2909090909090909,0.6671318813070868,-0.07977321039466778,-0.00957081512778515,,,
flow_trend,0.4,0.0,-0.03,0.75,0.65,3,80,-0.002878069670818108,0.425,55,11,-0.007344401786271889,0.2909090909090909,0.6671318813070868,-0.07977321039466778,-0.00957081512778515,,,
flow_trend,0.4,0.0,0.0,0.75,0.65,3,80,-0.002878069670818108,0.425,55,11,-0.007344401786271889,0.2909090909090909,0.6671318813070868,-0.07977321039466778,-0.00957081512778515,,,
flow_trend,0.4,0.0,0.0,0.75,0.5,3,80,-0.0028780696708181107,0.425,55,11,-0.007344401786271889,0.2909090909090909,0.6671318813070868,-0.07977321039466778,-0.00957081512778515,,,
flow_trend,0.4,0.0,0.03,0.75,0.35,3,80,-0.0028780696708181107,0.425,55,11,-0.007344401786271889,0.2909090909090909,0.6671318813070868,-0.07977321039466778,-0.00957081512778515,,,
flow_trend,0.4,0.0,0.03,0.75,0.5,3,80,-0.0028780696708181107,0.425,55,11,-0.007344401786271889,0.2909090909090909,0.6671318813070868,-0.07977321039466778,-0.00957081512778515,,,
flow_trend,0.4,0.0,0.0,0.75,0.35,3,80,-0.0028780696708181107,0.425,55,11,-0.007344401786271889,0.2909090909090909,0.6671318813070868,-0.07977321039466778,-0.00957081512778515,,,
flow_trend,0.4,0.0,0.03,0.75,0.65,3,80,-0.002878069670818108,0.425,55,11,-0.007344401786271889,0.2909090909090909,0.6671318813070868,-0.07977321039466778,-0.00957081512778515,,,
trend_pullback,0.3,0.03,0.03,1.0,0.65,2,90,-0.001915553566832977,0.35555555555555557,82,17,-0.006355099825624609,0.2804878048780488,0.7007227260743755,-0.11449301248115851,-0.00961470951854077,0.45,,
flow_trend,0.4,0.03,-0.03,0.75,0.5,3,80,-0.0020718249240008002,0.4375,52,11,-0.0076758095816337295,0.28846153846153844,0.6530164473423447,-0.07152745063117916,-0.009658378988733517,,,
flow_trend,0.4,0.03,-0.03,0.75,0.35,3,80,-0.0020718249240008002,0.4375,52,11,-0.0076758095816337295,0.28846153846153844,0.6530164473423447,-0.07152745063117916,-0.009658378988733517,,,
flow_trend,0.4,0.03,0.03,0.75,0.65,3,80,-0.002071824924000797,0.4375,52,11,-0.0076758095816337295,0.28846153846153844,0.6530164473423447,-0.07152745063117916,-0.009658378988733517,,,
flow_trend,0.4,0.03,-0.03,0.75,0.65,3,80,-0.002071824924000797,0.4375,52,11,-0.0076758095816337295,0.28846153846153844,0.6530164473423447,-0.07152745063117916,-0.009658378988733517,,,
flow_trend,0.4,0.03,0.03,0.75,0.5,3,80,-0.0020718249240008002,0.4375,52,11,-0.0076758095816337295,0.28846153846153844,0.6530164473423447,-0.07152745063117916,-0.009658378988733517,,,
flow_trend,0.4,0.03,0.0,0.75,0.35,3,80,-0.0020718249240008002,0.4375,52,11,-0.0076758095816337295,0.28846153846153844,0.6530164473423447,-0.07152745063117916,-0.009658378988733517,,,
flow_trend,0.4,0.03,0.0,0.75,0.5,3,80,-0.0020718249240008002,0.4375,52,11,-0.0076758095816337295,0.28846153846153844,0.6530164473423447,-0.07152745063117916,-0.009658378988733517,,,
flow_trend,0.4,0.03,0.0,0.75,0.65,3,80,-0.002071824924000797,0.4375,52,11,-0.0076758095816337295,0.28846153846153844,0.6530164473423447,-0.07152745063117916,-0.009658378988733517,,,
flow_trend,0.4,0.03,0.03,0.75,0.35,3,80,-0.0020718249240008002,0.4375,52,11,-0.0076758095816337295,0.28846153846153844,0.6530164473423447,-0.07152745063117916,-0.009658378988733517,,,
trend_pullback,0.3,-0.03,0.03,0.75,0.35,2,90,-0.006572068216994926,0.32222222222222224,90,18,-0.00628521295933289,0.28888888888888886,0.6729341364777528,-0.11809126521097435,-0.009659717381542683,0.7,,
trend_pullback,0.3,-0.03,0.03,0.75,0.5,2,90,-0.006572068216994926,0.32222222222222224,90,18,-0.00628521295933289,0.28888888888888886,0.6729341364777528,-0.11809126521097435,-0.009659717381542683,0.7,,
trend_pullback,0.3,-0.03,0.03,0.75,0.65,3,90,-0.0035936155228695693,0.3888888888888889,88,18,-0.00553788434011808,0.3068181818181818,0.7395413869661533,-0.1437530739186884,-0.009665591210937194,0.45,,
trend_pullback,0.3,0.03,0.03,0.75,0.65,3,90,-0.002636593756118669,0.37777777777777777,82,17,-0.0057490274115352975,0.3048780487804878,0.7288111817151776,-0.1370222550913719,-0.009677492268847659,0.7,,
trend_pullback,0.3,0.03,-0.03,0.75,0.65,3,90,-0.004535902235654136,0.36666666666666664,82,17,-0.0057490274115352975,0.3048780487804878,0.7288111817151776,-0.1370222550913719,-0.009677492268847659,0.7,,
trend_pullback,0.3,0.03,0.0,0.75,0.65,3,90,-0.004924698686014647,0.35555555555555557,82,17,-0.0057490274115352975,0.3048780487804878,0.7288111817151776,-0.1370222550913719,-0.009677492268847659,0.7,,
trend_pullback,0.3,-0.03,0.03,0.75,0.5,3,90,-0.004984640842848941,0.36666666666666664,90,18,-0.006110397314858895,0.3,0.7082061470603734,-0.12585596606391525,-0.009709024760011259,0.7,,
trend_pullback,0.3,-0.03,0.03,0.75,0.35,3,90,-0.004984640842848941,0.36666666666666664,90,18,-0.006110397314858895,0.3,0.7082061470603734,-0.12585596606391525,-0.009709024760011259,0.7,,
trend_pullback,0.3,0.03,-0.03,0.75,0.35,1,90,-0.00224718284318959,0.4222222222222222,82,18,-0.005909398255739077,0.35365853658536583,0.6290581538255168,-0.13204626820118825,-0.009713521763318345,0.45,,
trend_pullback,0.3,0.03,0.0,0.75,0.35,1,90,-0.002783880938955906,0.4111111111111111,82,18,-0.005909398255739077,0.35365853658536583,0.6290581538255168,-0.13204626820118825,-0.009713521763318345,0.45,,
trend_pullback,0.3,0.0,0.0,0.75,0.5,2,90,-0.006549537083936507,0.3333333333333333,88,18,-0.006060885740218425,0.3068181818181818,0.6842473797842654,-0.1275789071066903,-0.009717191108473067,0.45,,
trend_pullback,0.3,0.0,0.0,0.75,0.35,2,90,-0.006145268044148026,0.34444444444444444,88,18,-0.006060885740218425,0.3068181818181818,0.6842473797842654,-0.1275789071066903,-0.009717191108473067,0.45,,
flow_trend,0.3,0.0,0.0,1.0,0.35,3,90,-0.003452192498553046,0.4111111111111111,90,18,-0.00568055657783958,0.3,0.7354653879104623,-0.1432538869767368,-0.00979430684016407,,,
flow_trend,0.3,0.0,0.03,1.0,0.5,3,90,-0.003452192498553046,0.4111111111111111,90,18,-0.00568055657783958,0.3,0.7354653879104623,-0.1432538869767368,-0.00979430684016407,,,
flow_trend,0.3,0.0,0.03,1.0,0.65,3,90,-0.0034521924985530437,0.4111111111111111,90,18,-0.00568055657783958,0.3,0.7354653879104623,-0.1432538869767368,-0.00979430684016407,,,
flow_trend,0.3,0.0,-0.03,1.0,0.65,3,90,-0.0034521924985530437,0.4111111111111111,90,18,-0.00568055657783958,0.3,0.7354653879104623,-0.1432538869767368,-0.00979430684016407,,,
flow_trend,0.3,0.0,-0.03,1.0,0.5,3,90,-0.003452192498553046,0.4111111111111111,90,18,-0.00568055657783958,0.3,0.7354653879104623,-0.1432538869767368,-0.00979430684016407,,,
flow_trend,0.3,0.0,-0.03,1.0,0.35,3,90,-0.003452192498553046,0.4111111111111111,90,18,-0.00568055657783958,0.3,0.7354653879104623,-0.1432538869767368,-0.00979430684016407,,,
flow_trend,0.3,0.0,0.0,1.0,0.5,3,90,-0.003452192498553046,0.4111111111111111,90,18,-0.00568055657783958,0.3,0.7354653879104623,-0.1432538869767368,-0.00979430684016407,,,
flow_trend,0.3,0.0,0.0,1.0,0.65,3,90,-0.0034521924985530437,0.4111111111111111,90,18,-0.00568055657783958,0.3,0.7354653879104623,-0.1432538869767368,-0.00979430684016407,,,
flow_trend,0.3,0.0,0.03,1.0,0.35,3,90,-0.003452192498553046,0.4111111111111111,90,18,-0.00568055657783958,0.3,0.7354653879104623,-0.1432538869767368,-0.00979430684016407,,,
trend_pullback,0.3,0.0,0.03,0.75,0.5,3,90,-0.004984640842848941,0.36666666666666664,88,18,-0.00599710806626683,0.29545454545454547,0.7152050987791239,-0.13293642440023568,-0.009806399523579118,0.7,,
trend_pullback,0.3,0.03,0.03,1.0,0.35,3,90,0.00028838608314255075,0.37777777777777777,82,17,-0.006325774722241968,0.2804878048780488,0.7043282922987286,-0.12203174093202662,-0.009810644877128084,0.45,,
trend_pullback,0.3,0.03,0.03,1.0,0.5,3,90,0.00028838608314255075,0.37777777777777777,82,17,-0.006325774722241968,0.2804878048780488,0.7043282922987286,-0.12203174093202662,-0.009810644877128084,0.45,,
trend_pullback,0.3,0.03,0.03,1.0,0.5,1,90,0.0002237273674401184,0.43333333333333335,84,18,-0.006446858929932138,0.32142857142857145,0.6435691392096617,-0.117623170909399,-0.009814661772411692,0.7,,
trend_pullback,0.3,0.03,-0.03,1.0,0.65,2,90,-0.0035154399785527492,0.34444444444444444,83,17,-0.00691077927379666,0.27710843373493976,0.6764571650818213,-0.1036003122415664,-0.009849674349773197,0.7,,
trend_pullback,0.3,0.03,0.0,1.0,0.65,2,90,-0.0035154399785527492,0.34444444444444444,83,17,-0.00691077927379666,0.27710843373493976,0.6764571650818213,-0.1036003122415664,-0.009849674349773197,0.7,,
flow_trend,0.3,0.0,0.03,1.0,0.5,2,90,-0.0022243097617718802,0.4444444444444444,90,18,-0.006022512539665042,0.3111111111111111,0.6989302117753255,-0.1345221018530719,-0.009883443042313367,,,
flow_trend,0.3,0.0,0.0,1.0,0.5,2,90,-0.0022243097617718802,0.4444444444444444,90,18,-0.006022512539665042,0.3111111111111111,0.6989302117753255,-0.1345221018530719,-0.009883443042313367,,,
flow_trend,0.3,0.0,0.0,1.0,0.35,2,90,-0.0022243097617718802,0.4444444444444444,90,18,-0.006022512539665042,0.3111111111111111,0.6989302117753255,-0.1345221018530719,-0.009883443042313367,,,
flow_trend,0.3,0.0,0.0,1.0,0.65,2,90,-0.0023462266046189537,0.4444444444444444,90,18,-0.006022512539665042,0.3111111111111111,0.6989302117753255,-0.1345221018530719,-0.009883443042313367,,,
flow_trend,0.3,0.0,-0.03,1.0,0.5,2,90,-0.0022243097617718802,0.4444444444444444,90,18,-0.006022512539665042,0.3111111111111111,0.6989302117753255,-0.1345221018530719,-0.009883443042313367,,,
flow_trend,0.3,0.0,0.03,1.0,0.65,2,90,-0.0023462266046189537,0.4444444444444444,90,18,-0.006022512539665042,0.3111111111111111,0.6989302117753255,-0.1345221018530719,-0.009883443042313367,,,
flow_trend,0.3,0.0,-0.03,1.0,0.65,2,90,-0.0023462266046189537,0.4444444444444444,90,18,-0.006022512539665042,0.3111111111111111,0.6989302117753255,-0.1345221018530719,-0.009883443042313367,,,
flow_trend,0.3,0.0,-0.03,1.0,0.35,2,90,-0.0022243097617718802,0.4444444444444444,90,18,-0.006022512539665042,0.3111111111111111,0.6989302117753255,-0.1345221018530719,-0.009883443042313367,,,
flow_trend,0.3,0.0,0.03,1.0,0.35,2,90,-0.0022243097617718802,0.4444444444444444,90,18,-0.006022512539665042,0.3111111111111111,0.6989302117753255,-0.1345221018530719,-0.009883443042313367,,,
volume_breakout,0.3,-0.03,0.03,0.75,0.65,1,90,0.004934167948867821,0.5111111111111111,90,18,-0.006305684888452564,0.3,0.6287456710868308,-0.12565125550179934,-0.009918036135734836,,-0.05,0.8
volume_breakout,0.3,-0.03,0.03,0.75,0.5,1,90,0.004934167948867821,0.5111111111111111,90,18,-0.006305684888452564,0.3,0.6287456710868308,-0.12565125550179934,-0.009918036135734836,,-0.05,1.1
volume_breakout,0.3,-0.03,0.03,0.75,0.65,1,90,0.004934167948867821,0.5111111111111111,90,18,-0.006305684888452564,0.3,0.6287456710868308,-0.12565125550179934,-0.009918036135734836,,-0.05,1.1
volume_breakout,0.3,-0.03,0.03,0.75,0.5,1,90,0.004934167948867821,0.5111111111111111,90,18,-0.006305684888452564,0.3,0.6287456710868308,-0.12565125550179934,-0.009918036135734836,,-0.05,0.8
volume_breakout,0.3,-0.03,-0.03,0.75,0.5,1,90,0.004934167948867821,0.5111111111111111,90,18,-0.006305684888452564,0.3,0.6287456710868308,-0.12565125550179934,-0.009918036135734836,,-0.05,1.1
volume_breakout,0.3,-0.03,-0.03,0.75,0.5,1,90,0.004934167948867821,0.5111111111111111,90,18,-0.006305684888452564,0.3,0.6287456710868308,-0.12565125550179934,-0.009918036135734836,,-0.05,0.8
volume_breakout,0.3,-0.03,-0.03,0.75,0.35,1,90,0.004934167948867821,0.5111111111111111,90,18,-0.006305684888452564,0.3,0.6287456710868308,-0.12565125550179934,-0.009918036135734836,,-0.05,0.8
volume_breakout,0.3,-0.03,-0.03,0.75,0.35,1,90,0.004934167948867821,0.5111111111111111,90,18,-0.006305684888452564,0.3,0.6287456710868308,-0.12565125550179934,-0.009918036135734836,,-0.05,1.1
volume_breakout,0.3,-0.03,0.0,0.75,0.5,1,90,0.004934167948867821,0.5111111111111111,90,18,-0.006305684888452564,0.3,0.6287456710868308,-0.12565125550179934,-0.009918036135734836,,-0.05,0.8
volume_breakout,0.3,-0.03,0.0,0.75,0.65,1,90,0.004934167948867821,0.5111111111111111,90,18,-0.006305684888452564,0.3,0.6287456710868308,-0.12565125550179934,-0.009918036135734836,,-0.05,1.1
volume_breakout,0.3,-0.03,-0.03,0.75,0.65,1,90,0.004934167948867821,0.5111111111111111,90,18,-0.006305684888452564,0.3,0.6287456710868308,-0.12565125550179934,-0.009918036135734836,,-0.05,1.1
volume_breakout,0.3,-0.03,0.0,0.75,0.35,1,90,0.004934167948867821,0.5111111111111111,90,18,-0.006305684888452564,0.3,0.6287456710868308,-0.12565125550179934,-0.009918036135734836,,-0.05,1.1
volume_breakout,0.3,-0.03,0.0,0.75,0.5,1,90,0.004934167948867821,0.5111111111111111,90,18,-0.006305684888452564,0.3,0.6287456710868308,-0.12565125550179934,-0.009918036135734836,,-0.05,1.1
volume_breakout,0.3,-0.03,0.0,0.75,0.65,1,90,0.004934167948867821,0.5111111111111111,90,18,-0.006305684888452564,0.3,0.6287456710868308,-0.12565125550179934,-0.009918036135734836,,-0.05,0.8
volume_breakout,0.3,-0.03,0.0,0.75,0.35,1,90,0.004934167948867821,0.5111111111111111,90,18,-0.006305684888452564,0.3,0.6287456710868308,-0.12565125550179934,-0.009918036135734836,,-0.05,0.8
volume_breakout,0.3,-0.03,0.03,0.75,0.35,1,90,0.004934167948867821,0.5111111111111111,90,18,-0.006305684888452564,0.3,0.6287456710868308,-0.12565125550179934,-0.009918036135734836,,-0.05,1.1
volume_breakout,0.3,-0.03,-0.03,0.75,0.65,1,90,0.004934167948867821,0.5111111111111111,90,18,-0.006305684888452564,0.3,0.6287456710868308,-0.12565125550179934,-0.009918036135734836,,-0.05,0.8
volume_breakout,0.3,-0.03,0.03,0.75,0.35,1,90,0.004934167948867821,0.5111111111111111,90,18,-0.006305684888452564,0.3,0.6287456710868308,-0.12565125550179934,-0.009918036135734836,,-0.05,0.8
trend_pullback,0.3,0.03,0.0,1.0,0.35,1,90,-0.0003378696906108436,0.43333333333333335,85,18,-0.006356013658964299,0.32941176470588235,0.648453709983582,-0.12633238118874335,-0.009983871667130703,0.7,,
trend_pullback,0.3,0.03,0.0,1.0,0.5,1,90,-0.0003378696906108436,0.43333333333333335,85,18,-0.006356013658964299,0.32941176470588235,0.648453709983582,-0.12633238118874335,-0.009983871667130703,0.7,,
trend_pullback,0.3,0.03,-0.03,1.0,0.35,1,90,-0.0003378696906108436,0.43333333333333335,85,18,-0.006356013658964299,0.32941176470588235,0.648453709983582,-0.12633238118874335,-0.009983871667130703,0.7,,
trend_pullback,0.3,0.03,-0.03,1.0,0.5,1,90,-0.0003378696906108436,0.43333333333333335,85,18,-0.006356013658964299,0.32941176470588235,0.648453709983582,-0.12633238118874335,-0.009983871667130703,0.7,,
trend_pullback,0.3,-0.03,0.03,0.75,0.65,2,90,-0.00444747207084316,0.34444444444444444,88,18,-0.00630967970507437,0.2840909090909091,0.6798628621296164,-0.1308644473405477,-0.010065647409758396,0.45,,
trend_pullback,0.3,0.0,0.03,0.75,0.35,3,90,-0.004715794515383926,0.36666666666666664,89,18,-0.006284781009342485,0.29213483146067415,0.7032133681729034,-0.13293642440023568,-0.010097070399306329,0.7,,
trend_pullback,0.3,0.0,-0.03,0.75,0.35,2,90,-0.006145268044148026,0.34444444444444444,89,18,-0.006347842080215972,0.30337078651685395,0.671681904360706,-0.13144556311754463,-0.010123288497652136,0.45,,
trend_pullback,0.3,0.0,-0.03,0.75,0.5,2,90,-0.006549537083936507,0.3333333333333333,89,18,-0.006347842080215972,0.30337078651685395,0.671681904360706,-0.13144556311754463,-0.010123288497652136,0.45,,
trend_pullback,0.3,0.03,-0.03,0.75,0.65,2,90,-0.005699141588834027,0.3333333333333333,82,17,-0.006717175168339798,0.2926829268292683,0.6561307994694879,-0.12095181511250963,-0.010181696921847715,0.7,,
trend_pullback,0.3,0.03,0.0,0.75,0.65,2,90,-0.006373853187575755,0.32222222222222224,82,17,-0.006717175168339798,0.2926829268292683,0.6561307994694879,-0.12095181511250963,-0.010181696921847715,0.7,,
trend_pullback,0.3,0.0,0.03,0.75,0.35,2,90,-0.0059332728976755015,0.34444444444444444,87,18,-0.006536487030484939,0.2988505747126437,0.6586753090919366,-0.13035519720510325,-0.010282474119365052,0.45,,
trend_pullback,0.3,0.0,0.03,0.75,0.5,2,90,-0.006337541937463983,0.3333333333333333,87,18,-0.006536487030484939,0.2988505747126437,0.6586753090919366,-0.13035519720510325,-0.010282474119365052,0.45,,
trend_pullback,0.3,0.03,0.03,1.0,0.65,3,90,-0.0018015516144565223,0.34444444444444444,83,17,-0.00707295490518227,0.27710843373493976,0.6779196317510857,-0.11317897515519193,-0.010298844251900256,0.7,,
trend_pullback,0.3,0.03,0.0,1.0,0.35,2,90,-0.0019348722063162467,0.36666666666666664,83,18,-0.006353785219776527,0.27710843373493976,0.694569354059464,-0.13795210225439647,-0.010318705948893555,0.45,,
trend_pullback,0.3,0.03,0.0,1.0,0.5,2,90,-0.0019348722063162467,0.36666666666666664,83,18,-0.006353785219776527,0.27710843373493976,0.694569354059464,-0.13795210225439647,-0.010318705948893555,0.45,,
trend_pullback,0.3,0.03,-0.03,1.0,0.5,2,90,-0.0019348722063162467,0.36666666666666664,83,18,-0.006353785219776527,0.27710843373493976,0.694569354059464,-0.13795210225439647,-0.010318705948893555,0.45,,
trend_pullback,0.3,0.03,-0.03,1.0,0.35,2,90,-0.0019348722063162467,0.36666666666666664,83,18,-0.006353785219776527,0.27710843373493976,0.694569354059464,-0.13795210225439647,-0.010318705948893555,0.45,,
trend_pullback,0.3,0.03,0.03,1.0,0.35,1,90,0.0002237273674401184,0.43333333333333335,85,18,-0.006643078272422906,0.3176470588235294,0.6339203300914256,-0.12832301214934283,-0.010334288554380334,0.7,,
trend_pullback,0.3,0.03,0.03,1.0,0.5,2,90,-0.0009348722063162465,0.37777777777777777,82,17,-0.006888874136799354,0.2682926829268293,0.6728370687625919,-0.12212616642866825,-0.010384449862468753,0.45,,
trend_pullback,0.3,0.03,0.03,1.0,0.35,2,90,-0.0009348722063162465,0.37777777777777777,82,17,-0.006888874136799354,0.2682926829268293,0.6728370687625919,-0.12212616642866825,-0.010384449862468753,0.45,,
volume_breakout,0.4,-0.03,0.0,0.75,0.5,1,80,0.004221164666641126,0.5,55,11,-0.007586070045086799,0.2727272727272727,0.5517787464983583,-0.09875478231090395,-0.010410768827789327,,-0.05,0.8
volume_breakout,0.4,-0.03,-0.03,0.75,0.5,1,80,0.004221164666641126,0.5,55,11,-0.007586070045086799,0.2727272727272727,0.5517787464983583,-0.09875478231090395,-0.010410768827789327,,-0.05,1.1
volume_breakout,0.4,-0.03,0.03,0.75,0.5,1,80,0.004221164666641126,0.5,55,11,-0.007586070045086799,0.2727272727272727,0.5517787464983583,-0.09875478231090395,-0.010410768827789327,,-0.05,0.8
volume_breakout,0.4,-0.03,0.03,0.75,0.35,1,80,0.004221164666641126,0.5,55,11,-0.007586070045086799,0.2727272727272727,0.5517787464983583,-0.09875478231090395,-0.010410768827789327,,-0.05,1.1
volume_breakout,0.4,-0.03,0.03,0.75,0.65,1,80,0.004221164666641126,0.5,55,11,-0.007586070045086799,0.2727272727272727,0.5517787464983583,-0.09875478231090395,-0.010410768827789327,,-0.05,0.8
volume_breakout,0.4,-0.03,0.03,0.75,0.5,1,80,0.004221164666641126,0.5,55,11,-0.007586070045086799,0.2727272727272727,0.5517787464983583,-0.09875478231090395,-0.010410768827789327,,-0.05,1.1
volume_breakout,0.4,-0.03,0.0,0.75,0.65,1,80,0.004221164666641126,0.5,55,11,-0.007586070045086799,0.2727272727272727,0.5517787464983583,-0.09875478231090395,-0.010410768827789327,,-0.05,1.1
volume_breakout,0.4,-0.03,-0.03,0.75,0.5,1,80,0.004221164666641126,0.5,55,11,-0.007586070045086799,0.2727272727272727,0.5517787464983583,-0.09875478231090395,-0.010410768827789327,,-0.05,0.8
volume_breakout,0.4,-0.03,-0.03,0.75,0.65,1,80,0.004221164666641126,0.5,55,11,-0.007586070045086799,0.2727272727272727,0.5517787464983583,-0.09875478231090395,-0.010410768827789327,,-0.05,0.8
volume_breakout,0.4,-0.03,-0.03,0.75,0.65,1,80,0.004221164666641126,0.5,55,11,-0.007586070045086799,0.2727272727272727,0.5517787464983583,-0.09875478231090395,-0.010410768827789327,,-0.05,1.1
volume_breakout,0.4,-0.03,0.03,0.75,0.65,1,80,0.004221164666641126,0.5,55,11,-0.007586070045086799,0.2727272727272727,0.5517787464983583,-0.09875478231090395,-0.010410768827789327,,-0.05,1.1
volume_breakout,0.4,-0.03,0.03,0.75,0.35,1,80,0.004221164666641126,0.5,55,11,-0.007586070045086799,0.2727272727272727,0.5517787464983583,-0.09875478231090395,-0.010410768827789327,,-0.05,0.8
volume_breakout,0.4,-0.03,0.0,0.75,0.65,1,80,0.004221164666641126,0.5,55,11,-0.007586070045086799,0.2727272727272727,0.5517787464983583,-0.09875478231090395,-0.010410768827789327,,-0.05,0.8
volume_breakout,0.4,-0.03,0.0,0.75,0.5,1,80,0.004221164666641126,0.5,55,11,-0.007586070045086799,0.2727272727272727,0.5517787464983583,-0.09875478231090395,-0.010410768827789327,,-0.05,1.1
volume_breakout,0.4,-0.03,0.0,0.75,0.35,1,80,0.004221164666641126,0.5,55,11,-0.007586070045086799,0.2727272727272727,0.5517787464983583,-0.09875478231090395,-0.010410768827789327,,-0.05,0.8
volume_breakout,0.4,-0.03,0.0,0.75,0.35,1,80,0.004221164666641126,0.5,55,11,-0.007586070045086799,0.2727272727272727,0.5517787464983583,-0.09875478231090395,-0.010410768827789327,,-0.05,1.1
volume_breakout,0.4,-0.03,-0.03,0.75,0.35,1,80,0.004221164666641126,0.5,55,11,-0.007586070045086799,0.2727272727272727,0.5517787464983583,-0.09875478231090395,-0.010410768827789327,,-0.05,1.1
volume_breakout,0.4,-0.03,-0.03,0.75,0.35,1,80,0.004221164666641126,0.5,55,11,-0.007586070045086799,0.2727272727272727,0.5517787464983583,-0.09875478231090395,-0.010410768827789327,,-0.05,0.8
trend_pullback,0.3,0.03,0.03,0.75,0.65,2,90,-0.003867320195968132,0.35555555555555557,82,17,-0.006897826237981936,0.2926829268292683,0.6468828139196073,-0.12351463632532844,-0.010441544624261887,0.7,,
volume_breakout,0.3,-0.03,0.0,0.75,0.65,3,90,0.005576373152892485,0.4666666666666667,90,18,-0.006839732560040255,0.28888888888888886,0.6918758518530521,-0.13877844666584793,-0.010830116997052431,,-0.05,1.1
volume_breakout,0.3,-0.03,0.03,0.75,0.35,3,90,0.005576373152892485,0.4666666666666667,90,18,-0.006839732560040255,0.28888888888888886,0.6918758518530521,-0.13877844666584793,-0.010830116997052431,,-0.05,1.1
volume_breakout,0.3,-0.03,-0.03,0.75,0.65,3,90,0.005576373152892485,0.4666666666666667,90,18,-0.006839732560040255,0.28888888888888886,0.6918758518530521,-0.13877844666584793,-0.010830116997052431,,-0.05,1.1
volume_breakout,0.3,-0.03,0.0,0.75,0.35,3,90,0.005576373152892485,0.4666666666666667,90,18,-0.006839732560040255,0.28888888888888886,0.6918758518530521,-0.13877844666584793,-0.010830116997052431,,-0.05,0.8
volume_breakout,0.3,-0.03,0.03,0.75,0.65,3,90,0.005576373152892485,0.4666666666666667,90,18,-0.006839732560040255,0.28888888888888886,0.6918758518530521,-0.13877844666584793,-0.010830116997052431,,-0.05,1.1
volume_breakout,0.3,-0.03,-0.03,0.75,0.65,3,90,0.005576373152892485,0.4666666666666667,90,18,-0.006839732560040255,0.28888888888888886,0.6918758518530521,-0.13877844666584793,-0.010830116997052431,,-0.05,0.8
volume_breakout,0.3,-0.03,-0.03,0.75,0.5,3,90,0.005576373152892485,0.4666666666666667,90,18,-0.006839732560040255,0.28888888888888886,0.6918758518530521,-0.13877844666584793,-0.010830116997052431,,-0.05,0.8
volume_breakout,0.3,-0.03,0.0,0.75,0.5,3,90,0.005576373152892485,0.4666666666666667,90,18,-0.006839732560040255,0.28888888888888886,0.6918758518530521,-0.13877844666584793,-0.010830116997052431,,-0.05,0.8
volume_breakout,0.3,-0.03,-0.03,0.75,0.5,3,90,0.005576373152892485,0.4666666666666667,90,18,-0.006839732560040255,0.28888888888888886,0.6918758518530521,-0.13877844666584793,-0.010830116997052431,,-0.05,1.1
volume_breakout,0.3,-0.03,-0.03,0.75,0.35,3,90,0.005576373152892485,0.4666666666666667,90,18,-0.006839732560040255,0.28888888888888886,0.6918758518530521,-0.13877844666584793,-0.010830116997052431,,-0.05,0.8
volume_breakout,0.3,-0.03,0.0,0.75,0.35,3,90,0.005576373152892485,0.4666666666666667,90,18,-0.006839732560040255,0.28888888888888886,0.6918758518530521,-0.13877844666584793,-0.010830116997052431,,-0.05,1.1
volume_breakout,0.3,-0.03,-0.03,0.75,0.35,3,90,0.005576373152892485,0.4666666666666667,90,18,-0.006839732560040255,0.28888888888888886,0.6918758518530521,-0.13877844666584793,-0.010830116997052431,,-0.05,1.1
volume_breakout,0.3,-0.03,0.03,0.75,0.35,3,90,0.005576373152892485,0.4666666666666667,90,18,-0.006839732560040255,0.28888888888888886,0.6918758518530521,-0.13877844666584793,-0.010830116997052431,,-0.05,0.8
volume_breakout,0.3,-0.03,0.0,0.75,0.5,3,90,0.005576373152892485,0.4666666666666667,90,18,-0.006839732560040255,0.28888888888888886,0.6918758518530521,-0.13877844666584793,-0.010830116997052431,,-0.05,1.1
volume_breakout,0.3,-0.03,0.0,0.75,0.65,3,90,0.005576373152892485,0.4666666666666667,90,18,-0.006839732560040255,0.28888888888888886,0.6918758518530521,-0.13877844666584793,-0.010830116997052431,,-0.05,0.8
volume_breakout,0.3,-0.03,0.03,0.75,0.65,3,90,0.005576373152892485,0.4666666666666667,90,18,-0.006839732560040255,0.28888888888888886,0.6918758518530521,-0.13877844666584793,-0.010830116997052431,,-0.05,0.8
volume_breakout,0.3,-0.03,0.03,0.75,0.5,3,90,0.005576373152892485,0.4666666666666667,90,18,-0.006839732560040255,0.28888888888888886,0.6918758518530521,-0.13877844666584793,-0.010830116997052431,,-0.05,1.1
volume_breakout,0.3,-0.03,0.03,0.75,0.5,3,90,0.005576373152892485,0.4666666666666667,90,18,-0.006839732560040255,0.28888888888888886,0.6918758518530521,-0.13877844666584793,-0.010830116997052431,,-0.05,0.8
trend_pullback,0.3,-0.03,0.0,0.75,0.5,2,90,-0.007044863193985371,0.32222222222222224,90,18,-0.006932947400978084,0.28888888888888886,0.64526006150755,-0.13861620235939032,-0.010930118456382906,0.45,,
trend_pullback,0.3,-0.03,-0.03,0.75,0.5,2,90,-0.007044863193985371,0.32222222222222224,90,18,-0.006932947400978084,0.28888888888888886,0.64526006150755,-0.13861620235939032,-0.010930118456382906,0.45,,
trend_pullback,0.3,-0.03,-0.03,0.75,0.35,2,90,-0.007044863193985371,0.32222222222222224,90,18,-0.006932947400978084,0.28888888888888886,0.64526006150755,-0.13861620235939032,-0.010930118456382906,0.45,,
trend_pullback,0.3,-0.03,0.0,0.75,0.35,2,90,-0.007044863193985371,0.32222222222222224,90,18,-0.006932947400978084,0.28888888888888886,0.64526006150755,-0.13861620235939032,-0.010930118456382906,0.45,,
trend_pullback,0.3,0.0,0.0,0.75,0.5,3,90,-0.005685221561340595,0.35555555555555557,88,18,-0.006682943619262078,0.2840909090909091,0.6829698724822051,-0.14847519815650378,-0.01096645709583664,0.45,,
trend_pullback,0.3,0.0,0.0,0.75,0.35,3,90,-0.0054163752338755805,0.35555555555555557,88,18,-0.006682943619262078,0.2840909090909091,0.6829698724822051,-0.14847519815650378,-0.01096645709583664,0.45,,
flow_trend,0.4,-0.03,-0.03,1.0,0.65,2,80,-0.0020974592567156746,0.4375,55,11,-0.008463290900550561,0.2909090909090909,0.5938602135872423,-0.09073732264093182,-0.011036945526381705,,,
flow_trend,0.4,-0.03,0.0,1.0,0.5,2,80,-0.001960302808512717,0.4375,55,11,-0.008463290900550561,0.2909090909090909,0.5938602135872423,-0.09073732264093182,-0.011036945526381705,,,
flow_trend,0.4,-0.03,0.0,1.0,0.35,2,80,-0.001960302808512717,0.4375,55,11,-0.008463290900550561,0.2909090909090909,0.5938602135872423,-0.09073732264093182,-0.011036945526381705,,,
flow_trend,0.4,-0.03,0.0,0.75,0.65,2,80,-0.0020974592567156746,0.4375,55,11,-0.008463290900550561,0.2909090909090909,0.5938602135872423,-0.09073732264093182,-0.011036945526381705,,,
flow_trend,0.4,-0.03,0.0,0.75,0.5,2,80,-0.001960302808512717,0.4375,55,11,-0.008463290900550561,0.2909090909090909,0.5938602135872423,-0.09073732264093182,-0.011036945526381705,,,
flow_trend,0.4,0.0,-0.03,1.0,0.5,2,80,-0.001960302808512717,0.4375,55,11,-0.00846329090055056,0.2909090909090909,0.5938602135872423,-0.09073732264093182,-0.011036945526381705,,,
flow_trend,0.4,-0.03,0.03,0.75,0.65,2,80,-0.0020974592567156746,0.4375,55,11,-0.008463290900550561,0.2909090909090909,0.5938602135872423,-0.09073732264093182,-0.011036945526381705,,,
flow_trend,0.4,-0.03,-0.03,1.0,0.35,2,80,-0.001960302808512717,0.4375,55,11,-0.008463290900550561,0.2909090909090909,0.5938602135872423,-0.09073732264093182,-0.011036945526381705,,,
flow_trend,0.4,-0.03,0.0,1.0,0.65,2,80,-0.0020974592567156746,0.4375,55,11,-0.008463290900550561,0.2909090909090909,0.5938602135872423,-0.09073732264093182,-0.011036945526381705,,,
flow_trend,0.4,-0.03,0.03,1.0,0.65,2,80,-0.0020974592567156746,0.4375,55,11,-0.008463290900550561,0.2909090909090909,0.5938602135872423,-0.09073732264093182,-0.011036945526381705,,,
flow_trend,0.4,0.0,0.03,1.0,0.65,2,80,-0.0020974592567156746,0.4375,55,11,-0.00846329090055056,0.2909090909090909,0.5938602135872423,-0.09073732264093182,-0.011036945526381705,,,
flow_trend,0.4,-0.03,0.03,1.0,0.35,2,80,-0.001960302808512717,0.4375,55,11,-0.008463290900550561,0.2909090909090909,0.5938602135872423,-0.09073732264093182,-0.011036945526381705,,,
flow_trend,0.4,-0.03,0.03,1.0,0.5,2,80,-0.001960302808512717,0.4375,55,11,-0.008463290900550561,0.2909090909090909,0.5938602135872423,-0.09073732264093182,-0.011036945526381705,,,
flow_trend,0.4,0.0,0.0,1.0,0.65,2,80,-0.0020974592567156746,0.4375,55,11,-0.00846329090055056,0.2909090909090909,0.5938602135872423,-0.09073732264093182,-0.011036945526381705,,,
flow_trend,0.4,-0.03,0.03,0.75,0.35,2,80,-0.001960302808512717,0.4375,55,11,-0.008463290900550561,0.2909090909090909,0.5938602135872423,-0.09073732264093182,-0.011036945526381705,,,
flow_trend,0.4,0.0,-0.03,1.0,0.65,2,80,-0.0020974592567156746,0.4375,55,11,-0.00846329090055056,0.2909090909090909,0.5938602135872423,-0.09073732264093182,-0.011036945526381705,,,
flow_trend,0.4,-0.03,0.03,0.75,0.5,2,80,-0.001960302808512717,0.4375,55,11,-0.008463290900550561,0.2909090909090909,0.5938602135872423,-0.09073732264093182,-0.011036945526381705,,,
flow_trend,0.4,-0.03,-0.03,0.75,0.5,2,80,-0.001960302808512717,0.4375,55,11,-0.008463290900550561,0.2909090909090909,0.5938602135872423,-0.09073732264093182,-0.011036945526381705,,,
flow_trend,0.4,-0.03,-0.03,0.75,0.65,2,80,-0.0020974592567156746,0.4375,55,11,-0.008463290900550561,0.2909090909090909,0.5938602135872423,-0.09073732264093182,-0.011036945526381705,,,
flow_trend,0.4,-0.03,-0.03,0.75,0.35,2,80,-0.001960302808512717,0.4375,55,11,-0.008463290900550561,0.2909090909090909,0.5938602135872423,-0.09073732264093182,-0.011036945526381705,,,
flow_trend,0.4,-0.03,0.0,0.75,0.35,2,80,-0.001960302808512717,0.4375,55,11,-0.008463290900550561,0.2909090909090909,0.5938602135872423,-0.09073732264093182,-0.011036945526381705,,,
flow_trend,0.4,-0.03,-0.03,1.0,0.5,2,80,-0.001960302808512717,0.4375,55,11,-0.008463290900550561,0.2909090909090909,0.5938602135872423,-0.09073732264093182,-0.011036945526381705,,,
flow_trend,0.4,0.0,-0.03,1.0,0.35,2,80,-0.001960302808512717,0.4375,55,11,-0.00846329090055056,0.2909090909090909,0.5938602135872423,-0.09073732264093182,-0.011036945526381705,,,
flow_trend,0.4,0.0,0.03,1.0,0.5,2,80,-0.001960302808512717,0.4375,55,11,-0.00846329090055056,0.2909090909090909,0.5938602135872423,-0.09073732264093182,-0.011036945526381705,,,
flow_trend,0.4,0.0,0.03,1.0,0.35,2,80,-0.001960302808512717,0.4375,55,11,-0.00846329090055056,0.2909090909090909,0.5938602135872423,-0.09073732264093182,-0.011036945526381705,,,
flow_trend,0.4,0.0,0.0,1.0,0.35,2,80,-0.001960302808512717,0.4375,55,11,-0.00846329090055056,0.2909090909090909,0.5938602135872423,-0.09073732264093182,-0.011036945526381705,,,
flow_trend,0.4,0.0,0.0,1.0,0.5,2,80,-0.001960302808512717,0.4375,55,11,-0.00846329090055056,0.2909090909090909,0.5938602135872423,-0.09073732264093182,-0.011036945526381705,,,
trend_pullback,0.3,0.03,0.03,1.0,0.65,2,90,-0.0025154399785527488,0.35555555555555557,83,17,-0.007743592598809858,0.26506024096385544,0.6438159866930034,-0.11598998610178946,-0.011062338185190292,0.7,,
trend_pullback,0.3,0.03,-0.03,1.0,0.5,3,90,-0.002384118072743046,0.34444444444444444,85,18,-0.007217806202633431,0.27058823529411763,0.6682197591201767,-0.1347064140172214,-0.011091943683370027,0.7,,
trend_pullback,0.3,0.03,-0.03,1.0,0.35,3,90,-0.002384118072743046,0.34444444444444444,85,18,-0.007217806202633431,0.27058823529411763,0.6682197591201767,-0.1347064140172214,-0.011091943683370027,0.7,,
trend_pullback,0.3,0.03,0.0,1.0,0.35,3,90,-0.002384118072743046,0.34444444444444444,85,18,-0.007217806202633431,0.27058823529411763,0.6682197591201767,-0.1347064140172214,-0.011091943683370027,0.7,,
trend_pullback,0.3,0.03,0.0,1.0,0.5,3,90,-0.002384118072743046,0.34444444444444444,85,18,-0.007217806202633431,0.27058823529411763,0.6682197591201767,-0.1347064140172214,-0.011091943683370027,0.7,,
trend_pullback,0.3,0.0,-0.03,0.75,0.5,3,90,-0.005685221561340595,0.35555555555555557,89,18,-0.006962910544888347,0.2808988764044944,0.6715304821377542,-0.14847519815650378,-0.011249283869049023,0.45,,
trend_pullback,0.3,0.0,-0.03,0.75,0.35,3,90,-0.0054163752338755805,0.35555555555555557,89,18,-0.006962910544888347,0.2808988764044944,0.6715304821377542,-0.14847519815650378,-0.011249283869049023,0.45,,
flow_trend,0.3,-0.03,-0.03,1.0,0.5,3,90,-0.003452192498553046,0.4111111111111111,90,18,-0.0066805565778395816,0.28888888888888886,0.6939018727911277,-0.15876440869866415,-0.011270013370601724,,,
flow_trend,0.3,-0.03,-0.03,1.0,0.65,3,90,-0.0034521924985530437,0.4111111111111111,90,18,-0.0066805565778395816,0.28888888888888886,0.6939018727911277,-0.15876440869866415,-0.011270013370601724,,,
flow_trend,0.3,-0.03,0.03,1.0,0.65,3,90,-0.0034521924985530437,0.4111111111111111,90,18,-0.0066805565778395816,0.28888888888888886,0.6939018727911277,-0.15876440869866415,-0.011270013370601724,,,
flow_trend,0.3,-0.03,0.03,1.0,0.5,3,90,-0.003452192498553046,0.4111111111111111,90,18,-0.0066805565778395816,0.28888888888888886,0.6939018727911277,-0.15876440869866415,-0.011270013370601724,,,
flow_trend,0.3,-0.03,-0.03,0.75,0.65,3,90,-0.0034521924985530437,0.4111111111111111,90,18,-0.0066805565778395816,0.28888888888888886,0.6939018727911277,-0.15876440869866415,-0.011270013370601724,,,
flow_trend,0.3,-0.03,0.03,0.75,0.5,3,90,-0.003452192498553046,0.4111111111111111,90,18,-0.0066805565778395816,0.28888888888888886,0.6939018727911277,-0.15876440869866415,-0.011270013370601724,,,
flow_trend,0.3,-0.03,0.03,0.75,0.35,3,90,-0.003452192498553046,0.4111111111111111,90,18,-0.0066805565778395816,0.28888888888888886,0.6939018727911277,-0.15876440869866415,-0.011270013370601724,,,
flow_trend,0.3,-0.03,0.03,1.0,0.35,3,90,-0.003452192498553046,0.4111111111111111,90,18,-0.0066805565778395816,0.28888888888888886,0.6939018727911277,-0.15876440869866415,-0.011270013370601724,,,
flow_trend,0.3,-0.03,-0.03,0.75,0.35,3,90,-0.003452192498553046,0.4111111111111111,90,18,-0.0066805565778395816,0.28888888888888886,0.6939018727911277,-0.15876440869866415,-0.011270013370601724,,,
flow_trend,0.3,-0.03,0.0,1.0,0.65,3,90,-0.0034521924985530437,0.4111111111111111,90,18,-0.0066805565778395816,0.28888888888888886,0.6939018727911277,-0.15876440869866415,-0.011270013370601724,,,
flow_trend,0.3,-0.03,-0.03,1.0,0.35,3,90,-0.003452192498553046,0.4111111111111111,90,18,-0.0066805565778395816,0.28888888888888886,0.6939018727911277,-0.15876440869866415,-0.011270013370601724,,,
flow_trend,0.3,-0.03,0.0,0.75,0.5,3,90,-0.003452192498553046,0.4111111111111111,90,18,-0.0066805565778395816,0.28888888888888886,0.6939018727911277,-0.15876440869866415,-0.011270013370601724,,,
flow_trend,0.3,-0.03,0.0,0.75,0.65,3,90,-0.0034521924985530437,0.4111111111111111,90,18,-0.0066805565778395816,0.28888888888888886,0.6939018727911277,-0.15876440869866415,-0.011270013370601724,,,
flow_trend,0.3,-0.03,0.0,1.0,0.5,3,90,-0.003452192498553046,0.4111111111111111,90,18,-0.0066805565778395816,0.28888888888888886,0.6939018727911277,-0.15876440869866415,-0.011270013370601724,,,
flow_trend,0.3,-0.03,0.0,0.75,0.35,3,90,-0.003452192498553046,0.4111111111111111,90,18,-0.0066805565778395816,0.28888888888888886,0.6939018727911277,-0.15876440869866415,-0.011270013370601724,,,
flow_trend,0.3,-0.03,0.0,1.0,0.35,3,90,-0.003452192498553046,0.4111111111111111,90,18,-0.0066805565778395816,0.28888888888888886,0.6939018727911277,-0.15876440869866415,-0.011270013370601724,,,
flow_trend,0.3,-0.03,0.03,0.75,0.65,3,90,-0.0034521924985530437,0.4111111111111111,90,18,-0.0066805565778395816,0.28888888888888886,0.6939018727911277,-0.15876440869866415,-0.011270013370601724,,,
flow_trend,0.3,-0.03,-0.03,0.75,0.5,3,90,-0.003452192498553046,0.4111111111111111,90,18,-0.0066805565778395816,0.28888888888888886,0.6939018727911277,-0.15876440869866415,-0.011270013370601724,,,
volume_breakout,0.3,-0.03,0.0,0.75,0.5,2,90,0.004739356033130319,0.5,90,18,-0.007369518341615948,0.28888888888888886,0.6536381696612799,-0.13820955260728607,-0.01135239537741921,,-0.05,0.8
volume_breakout,0.3,-0.03,0.03,0.75,0.65,2,90,0.004739356033130319,0.5,90,18,-0.007369518341615948,0.28888888888888886,0.6536381696612799,-0.13820955260728607,-0.01135239537741921,,-0.05,1.1
volume_breakout,0.3,-0.03,0.0,0.75,0.5,2,90,0.004739356033130319,0.5,90,18,-0.007369518341615948,0.28888888888888886,0.6536381696612799,-0.13820955260728607,-0.01135239537741921,,-0.05,1.1
volume_breakout,0.3,-0.03,0.03,0.75,0.65,2,90,0.004739356033130319,0.5,90,18,-0.007369518341615948,0.28888888888888886,0.6536381696612799,-0.13820955260728607,-0.01135239537741921,,-0.05,0.8
volume_breakout,0.3,-0.03,0.03,0.75,0.5,2,90,0.004739356033130319,0.5,90,18,-0.007369518341615948,0.28888888888888886,0.6536381696612799,-0.13820955260728607,-0.01135239537741921,,-0.05,1.1
volume_breakout,0.3,-0.03,0.0,0.75,0.65,2,90,0.004739356033130319,0.5,90,18,-0.007369518341615948,0.28888888888888886,0.6536381696612799,-0.13820955260728607,-0.01135239537741921,,-0.05,0.8
volume_breakout,0.3,-0.03,0.03,0.75,0.35,2,90,0.004739356033130319,0.5,90,18,-0.007369518341615948,0.28888888888888886,0.6536381696612799,-0.13820955260728607,-0.01135239537741921,,-0.05,1.1
volume_breakout,0.3,-0.03,0.03,0.75,0.5,2,90,0.004739356033130319,0.5,90,18,-0.007369518341615948,0.28888888888888886,0.6536381696612799,-0.13820955260728607,-0.01135239537741921,,-0.05,0.8
volume_breakout,0.3,-0.03,0.0,0.75,0.65,2,90,0.004739356033130319,0.5,90,18,-0.007369518341615948,0.28888888888888886,0.6536381696612799,-0.13820955260728607,-0.01135239537741921,,-0.05,1.1
volume_breakout,0.3,-0.03,0.03,0.75,0.35,2,90,0.004739356033130319,0.5,90,18,-0.007369518341615948,0.28888888888888886,0.6536381696612799,-0.13820955260728607,-0.01135239537741921,,-0.05,0.8
volume_breakout,0.3,-0.03,-0.03,0.75,0.5,2,90,0.004739356033130319,0.5,90,18,-0.007369518341615948,0.28888888888888886,0.6536381696612799,-0.13820955260728607,-0.01135239537741921,,-0.05,1.1
volume_breakout,0.3,-0.03,0.0,0.75,0.35,2,90,0.004739356033130319,0.5,90,18,-0.007369518341615948,0.28888888888888886,0.6536381696612799,-0.13820955260728607,-0.01135239537741921,,-0.05,0.8
volume_breakout,0.3,-0.03,0.0,0.75,0.35,2,90,0.004739356033130319,0.5,90,18,-0.007369518341615948,0.28888888888888886,0.6536381696612799,-0.13820955260728607,-0.01135239537741921,,-0.05,1.1
volume_breakout,0.3,-0.03,-0.03,0.75,0.5,2,90,0.004739356033130319,0.5,90,18,-0.007369518341615948,0.28888888888888886,0.6536381696612799,-0.13820955260728607,-0.01135239537741921,,-0.05,0.8
volume_breakout,0.3,-0.03,-0.03,0.75,0.35,2,90,0.004739356033130319,0.5,90,18,-0.007369518341615948,0.28888888888888886,0.6536381696612799,-0.13820955260728607,-0.01135239537741921,,-0.05,0.8
volume_breakout,0.3,-0.03,-0.03,0.75,0.35,2,90,0.004739356033130319,0.5,90,18,-0.007369518341615948,0.28888888888888886,0.6536381696612799,-0.13820955260728607,-0.01135239537741921,,-0.05,1.1
volume_breakout,0.3,-0.03,-0.03,0.75,0.65,2,90,0.004739356033130319,0.5,90,18,-0.007369518341615948,0.28888888888888886,0.6536381696612799,-0.13820955260728607,-0.01135239537741921,,-0.05,1.1
volume_breakout,0.3,-0.03,-0.03,0.75,0.65,2,90,0.004739356033130319,0.5,90,18,-0.007369518341615948,0.28888888888888886,0.6536381696612799,-0.13820955260728607,-0.01135239537741921,,-0.05,0.8
flow_trend,0.3,-0.03,-0.03,1.0,0.5,2,90,-0.0022243097617718802,0.4444444444444444,90,18,-0.007022512539665045,0.3,0.6549951127869511,-0.15018853151747602,-0.011364419706992587,,,
flow_trend,0.3,-0.03,-0.03,1.0,0.65,2,90,-0.0023462266046189537,0.4444444444444444,90,18,-0.007022512539665045,0.3,0.6549951127869511,-0.15018853151747602,-0.011364419706992587,,,
flow_trend,0.3,-0.03,0.0,0.75,0.35,2,90,-0.0022243097617718802,0.4444444444444444,90,18,-0.007022512539665045,0.3,0.6549951127869511,-0.15018853151747602,-0.011364419706992587,,,
flow_trend,0.3,-0.03,0.03,0.75,0.65,2,90,-0.0023462266046189537,0.4444444444444444,90,18,-0.007022512539665045,0.3,0.6549951127869511,-0.15018853151747602,-0.011364419706992587,,,
flow_trend,0.3,-0.03,-0.03,0.75,0.5,2,90,-0.0022243097617718802,0.4444444444444444,90,18,-0.007022512539665045,0.3,0.6549951127869511,-0.15018853151747602,-0.011364419706992587,,,
flow_trend,0.3,-0.03,-0.03,0.75,0.65,2,90,-0.0023462266046189537,0.4444444444444444,90,18,-0.007022512539665045,0.3,0.6549951127869511,-0.15018853151747602,-0.011364419706992587,,,
flow_trend,0.3,-0.03,0.03,0.75,0.5,2,90,-0.0022243097617718802,0.4444444444444444,90,18,-0.007022512539665045,0.3,0.6549951127869511,-0.15018853151747602,-0.011364419706992587,,,
flow_trend,0.3,-0.03,0.03,1.0,0.5,2,90,-0.0022243097617718802,0.4444444444444444,90,18,-0.007022512539665045,0.3,0.6549951127869511,-0.15018853151747602,-0.011364419706992587,,,
flow_trend,0.3,-0.03,-0.03,0.75,0.35,2,90,-0.0022243097617718802,0.4444444444444444,90,18,-0.007022512539665045,0.3,0.6549951127869511,-0.15018853151747602,-0.011364419706992587,,,
flow_trend,0.3,-0.03,-0.03,1.0,0.35,2,90,-0.0022243097617718802,0.4444444444444444,90,18,-0.007022512539665045,0.3,0.6549951127869511,-0.15018853151747602,-0.011364419706992587,,,
flow_trend,0.3,-0.03,0.03,0.75,0.35,2,90,-0.0022243097617718802,0.4444444444444444,90,18,-0.007022512539665045,0.3,0.6549951127869511,-0.15018853151747602,-0.011364419706992587,,,
flow_trend,0.3,-0.03,0.03,1.0,0.35,2,90,-0.0022243097617718802,0.4444444444444444,90,18,-0.007022512539665045,0.3,0.6549951127869511,-0.15018853151747602,-0.011364419706992587,,,
flow_trend,0.3,-0.03,0.0,0.75,0.5,2,90,-0.0022243097617718802,0.4444444444444444,90,18,-0.007022512539665045,0.3,0.6549951127869511,-0.15018853151747602,-0.011364419706992587,,,
flow_trend,0.3,-0.03,0.0,1.0,0.35,2,90,-0.0022243097617718802,0.4444444444444444,90,18,-0.007022512539665045,0.3,0.6549951127869511,-0.15018853151747602,-0.011364419706992587,,,
flow_trend,0.3,-0.03,0.0,1.0,0.5,2,90,-0.0022243097617718802,0.4444444444444444,90,18,-0.007022512539665045,0.3,0.6549951127869511,-0.15018853151747602,-0.011364419706992587,,,
flow_trend,0.3,-0.03,0.0,0.75,0.65,2,90,-0.0023462266046189537,0.4444444444444444,90,18,-0.007022512539665045,0.3,0.6549951127869511,-0.15018853151747602,-0.011364419706992587,,,
flow_trend,0.3,-0.03,0.0,1.0,0.65,2,90,-0.0023462266046189537,0.4444444444444444,90,18,-0.007022512539665045,0.3,0.6549951127869511,-0.15018853151747602,-0.011364419706992587,,,
flow_trend,0.3,-0.03,0.03,1.0,0.65,2,90,-0.0023462266046189537,0.4444444444444444,90,18,-0.007022512539665045,0.3,0.6549951127869511,-0.15018853151747602,-0.011364419706992587,,,
trend_pullback,0.3,0.03,-0.03,0.75,0.65,3,90,-0.003141528321177597,0.4,81,17,-0.006618936073214706,0.2962962962962963,0.6927001999090067,-0.16767619664752265,-0.011476046922663134,0.45,,
trend_pullback,0.3,0.03,0.0,0.75,0.65,3,90,-0.0035303247715381078,0.3888888888888889,81,17,-0.006618936073214706,0.2962962962962963,0.6927001999090067,-0.16767619664752265,-0.011476046922663134,0.45,,
trend_pullback,0.3,-0.03,0.03,0.75,0.35,2,90,-0.006832868047512846,0.32222222222222224,89,18,-0.0074076594674269206,0.2808988764044944,0.6201974111455941,-0.14135736866979176,-0.011493331174734275,0.45,,
trend_pullback,0.3,-0.03,0.03,0.75,0.5,2,90,-0.006832868047512846,0.32222222222222224,89,18,-0.0074076594674269206,0.2808988764044944,0.6201974111455941,-0.14135736866979176,-0.011493331174734275,0.45,,
trend_pullback,0.3,-0.03,0.0,0.75,0.35,3,90,-0.005999965559640999,0.35555555555555557,90,18,-0.0072366559832784776,0.2777777777777778,0.6604679866835587,-0.14847519815650378,-0.0115257949313027,0.45,,
trend_pullback,0.3,-0.03,-0.03,0.75,0.35,3,90,-0.005999965559640999,0.35555555555555557,90,18,-0.0072366559832784776,0.2777777777777778,0.6604679866835587,-0.14847519815650378,-0.0115257949313027,0.45,,
trend_pullback,0.3,-0.03,-0.03,0.75,0.5,3,90,-0.005999965559640999,0.35555555555555557,90,18,-0.0072366559832784776,0.2777777777777778,0.6604679866835587,-0.14847519815650378,-0.0115257949313027,0.45,,
trend_pullback,0.3,-0.03,0.0,0.75,0.5,3,90,-0.005999965559640999,0.35555555555555557,90,18,-0.0072366559832784776,0.2777777777777778,0.6604679866835587,-0.14847519815650378,-0.0115257949313027,0.45,,
volume_breakout,0.4,-0.03,0.0,0.75,0.65,2,80,0.003855675333346508,0.4875,55,11,-0.008666213961192205,0.2727272727272727,0.5956795002138268,-0.10485030737234924,-0.011662803307309226,,-0.05,0.8
volume_breakout,0.4,-0.03,0.0,0.75,0.35,2,80,0.003855675333346508,0.4875,55,11,-0.008666213961192205,0.2727272727272727,0.5956795002138268,-0.10485030737234924,-0.011662803307309226,,-0.05,0.8
volume_breakout,0.4,-0.03,0.0,0.75,0.35,2,80,0.003855675333346508,0.4875,55,11,-0.008666213961192205,0.2727272727272727,0.5956795002138268,-0.10485030737234924,-0.011662803307309226,,-0.05,1.1
volume_breakout,0.4,-0.03,0.0,0.75,0.5,2,80,0.003855675333346508,0.4875,55,11,-0.008666213961192205,0.2727272727272727,0.5956795002138268,-0.10485030737234924,-0.011662803307309226,,-0.05,0.8
volume_breakout,0.4,-0.03,0.0,0.75,0.5,2,80,0.003855675333346508,0.4875,55,11,-0.008666213961192205,0.2727272727272727,0.5956795002138268,-0.10485030737234924,-0.011662803307309226,,-0.05,1.1
volume_breakout,0.4,-0.03,0.03,0.75,0.35,2,80,0.003855675333346508,0.4875,55,11,-0.008666213961192205,0.2727272727272727,0.5956795002138268,-0.10485030737234924,-0.011662803307309226,,-0.05,1.1
volume_breakout,0.4,-0.03,-0.03,0.75,0.65,2,80,0.003855675333346508,0.4875,55,11,-0.008666213961192205,0.2727272727272727,0.5956795002138268,-0.10485030737234924,-0.011662803307309226,,-0.05,1.1
volume_breakout,0.4,-0.03,0.03,0.75,0.35,2,80,0.003855675333346508,0.4875,55,11,-0.008666213961192205,0.2727272727272727,0.5956795002138268,-0.10485030737234924,-0.011662803307309226,,-0.05,0.8
volume_breakout,0.4,-0.03,-0.03,0.75,0.35,2,80,0.003855675333346508,0.4875,55,11,-0.008666213961192205,0.2727272727272727,0.5956795002138268,-0.10485030737234924,-0.011662803307309226,,-0.05,0.8
volume_breakout,0.4,-0.03,-0.03,0.75,0.35,2,80,0.003855675333346508,0.4875,55,11,-0.008666213961192205,0.2727272727272727,0.5956795002138268,-0.10485030737234924,-0.011662803307309226,,-0.05,1.1
volume_breakout,0.4,-0.03,0.03,0.75,0.5,2,80,0.003855675333346508,0.4875,55,11,-0.008666213961192205,0.2727272727272727,0.5956795002138268,-0.10485030737234924,-0.011662803307309226,,-0.05,1.1
volume_breakout,0.4,-0.03,0.03,0.75,0.65,2,80,0.003855675333346508,0.4875,55,11,-0.008666213961192205,0.2727272727272727,0.5956795002138268,-0.10485030737234924,-0.011662803307309226,,-0.05,0.8
volume_breakout,0.4,-0.03,0.03,0.75,0.65,2,80,0.003855675333346508,0.4875,55,11,-0.008666213961192205,0.2727272727272727,0.5956795002138268,-0.10485030737234924,-0.011662803307309226,,-0.05,1.1
volume_breakout,0.4,-0.03,-0.03,0.75,0.5,2,80,0.003855675333346508,0.4875,55,11,-0.008666213961192205,0.2727272727272727,0.5956795002138268,-0.10485030737234924,-0.011662803307309226,,-0.05,0.8
volume_breakout,0.4,-0.03,0.0,0.75,0.65,2,80,0.003855675333346508,0.4875,55,11,-0.008666213961192205,0.2727272727272727,0.5956795002138268,-0.10485030737234924,-0.011662803307309226,,-0.05,1.1
volume_breakout,0.4,-0.03,-0.03,0.75,0.5,2,80,0.003855675333346508,0.4875,55,11,-0.008666213961192205,0.2727272727272727,0.5956795002138268,-0.10485030737234924,-0.011662803307309226,,-0.05,1.1
volume_breakout,0.4,-0.03,-0.03,0.75,0.65,2,80,0.003855675333346508,0.4875,55,11,-0.008666213961192205,0.2727272727272727,0.5956795002138268,-0.10485030737234924,-0.011662803307309226,,-0.05,0.8
volume_breakout,0.4,-0.03,0.03,0.75,0.5,2,80,0.003855675333346508,0.4875,55,11,-0.008666213961192205,0.2727272727272727,0.5956795002138268,-0.10485030737234924,-0.011662803307309226,,-0.05,0.8
flow_trend,0.4,0.0,0.0,1.0,0.35,3,80,-0.0028780696708181107,0.425,55,11,-0.008980765422635525,0.2727272727272727,0.6032975749707538,-0.09626472992164514,-0.01171788292654219,,,
flow_trend,0.4,0.0,-0.03,1.0,0.5,3,80,-0.0028780696708181107,0.425,55,11,-0.008980765422635525,0.2727272727272727,0.6032975749707538,-0.09626472992164514,-0.01171788292654219,,,
flow_trend,0.4,0.0,0.0,1.0,0.65,3,80,-0.002878069670818108,0.425,55,11,-0.008980765422635525,0.2727272727272727,0.6032975749707538,-0.09626472992164514,-0.01171788292654219,,,
flow_trend,0.4,0.0,0.03,1.0,0.5,3,80,-0.0028780696708181107,0.425,55,11,-0.008980765422635525,0.2727272727272727,0.6032975749707538,-0.09626472992164514,-0.01171788292654219,,,
flow_trend,0.4,0.0,0.03,1.0,0.35,3,80,-0.0028780696708181107,0.425,55,11,-0.008980765422635525,0.2727272727272727,0.6032975749707538,-0.09626472992164514,-0.01171788292654219,,,
flow_trend,0.4,0.0,0.03,1.0,0.65,3,80,-0.002878069670818108,0.425,55,11,-0.008980765422635525,0.2727272727272727,0.6032975749707538,-0.09626472992164514,-0.01171788292654219,,,
flow_trend,0.4,0.0,-0.03,1.0,0.65,3,80,-0.002878069670818108,0.425,55,11,-0.008980765422635525,0.2727272727272727,0.6032975749707538,-0.09626472992164514,-0.01171788292654219,,,
flow_trend,0.4,0.0,0.0,1.0,0.5,3,80,-0.0028780696708181107,0.425,55,11,-0.008980765422635525,0.2727272727272727,0.6032975749707538,-0.09626472992164514,-0.01171788292654219,,,
flow_trend,0.4,0.0,-0.03,1.0,0.35,3,80,-0.0028780696708181107,0.425,55,11,-0.008980765422635525,0.2727272727272727,0.6032975749707538,-0.09626472992164514,-0.01171788292654219,,,
flow_trend,0.4,-0.03,-0.03,0.75,0.5,3,80,-0.0028780696708181107,0.425,55,11,-0.008980765422635527,0.2727272727272727,0.6032975749707536,-0.09626472992164514,-0.011717882926542193,,,
flow_trend,0.4,-0.03,-0.03,0.75,0.65,3,80,-0.002878069670818108,0.425,55,11,-0.008980765422635527,0.2727272727272727,0.6032975749707536,-0.09626472992164514,-0.011717882926542193,,,
flow_trend,0.4,-0.03,-0.03,1.0,0.5,3,80,-0.0028780696708181107,0.425,55,11,-0.008980765422635527,0.2727272727272727,0.6032975749707536,-0.09626472992164514,-0.011717882926542193,,,
flow_trend,0.4,-0.03,0.03,1.0,0.35,3,80,-0.0028780696708181107,0.425,55,11,-0.008980765422635527,0.2727272727272727,0.6032975749707536,-0.09626472992164514,-0.011717882926542193,,,
flow_trend,0.4,-0.03,0.03,1.0,0.65,3,80,-0.002878069670818108,0.425,55,11,-0.008980765422635527,0.2727272727272727,0.6032975749707536,-0.09626472992164514,-0.011717882926542193,,,
flow_trend,0.4,-0.03,0.03,1.0,0.5,3,80,-0.0028780696708181107,0.425,55,11,-0.008980765422635527,0.2727272727272727,0.6032975749707536,-0.09626472992164514,-0.011717882926542193,,,
flow_trend,0.4,-0.03,0.03,0.75,0.5,3,80,-0.0028780696708181107,0.425,55,11,-0.008980765422635527,0.2727272727272727,0.6032975749707536,-0.09626472992164514,-0.011717882926542193,,,
flow_trend,0.4,-0.03,0.03,0.75,0.35,3,80,-0.0028780696708181107,0.425,55,11,-0.008980765422635527,0.2727272727272727,0.6032975749707536,-0.09626472992164514,-0.011717882926542193,,,
flow_trend,0.4,-0.03,0.0,1.0,0.65,3,80,-0.002878069670818108,0.425,55,11,-0.008980765422635527,0.2727272727272727,0.6032975749707536,-0.09626472992164514,-0.011717882926542193,,,
flow_trend,0.4,-0.03,0.03,0.75,0.65,3,80,-0.002878069670818108,0.425,55,11,-0.008980765422635527,0.2727272727272727,0.6032975749707536,-0.09626472992164514,-0.011717882926542193,,,
flow_trend,0.4,-0.03,-0.03,0.75,0.35,3,80,-0.0028780696708181107,0.425,55,11,-0.008980765422635527,0.2727272727272727,0.6032975749707536,-0.09626472992164514,-0.011717882926542193,,,
flow_trend,0.4,-0.03,-0.03,1.0,0.35,3,80,-0.0028780696708181107,0.425,55,11,-0.008980765422635527,0.2727272727272727,0.6032975749707536,-0.09626472992164514,-0.011717882926542193,,,
flow_trend,0.4,-0.03,-0.03,1.0,0.65,3,80,-0.002878069670818108,0.425,55,11,-0.008980765422635527,0.2727272727272727,0.6032975749707536,-0.09626472992164514,-0.011717882926542193,,,
flow_trend,0.4,-0.03,0.0,0.75,0.35,3,80,-0.0028780696708181107,0.425,55,11,-0.008980765422635527,0.2727272727272727,0.6032975749707536,-0.09626472992164514,-0.011717882926542193,,,
flow_trend,0.4,-0.03,0.0,0.75,0.65,3,80,-0.002878069670818108,0.425,55,11,-0.008980765422635527,0.2727272727272727,0.6032975749707536,-0.09626472992164514,-0.011717882926542193,,,
flow_trend,0.4,-0.03,0.0,0.75,0.5,3,80,-0.0028780696708181107,0.425,55,11,-0.008980765422635527,0.2727272727272727,0.6032975749707536,-0.09626472992164514,-0.011717882926542193,,,
flow_trend,0.4,-0.03,0.0,1.0,0.5,3,80,-0.0028780696708181107,0.425,55,11,-0.008980765422635527,0.2727272727272727,0.6032975749707536,-0.09626472992164514,-0.011717882926542193,,,
flow_trend,0.4,-0.03,0.0,1.0,0.35,3,80,-0.0028780696708181107,0.425,55,11,-0.008980765422635527,0.2727272727272727,0.6032975749707536,-0.09626472992164514,-0.011717882926542193,,,
trend_pullback,0.3,0.03,-0.03,0.75,0.65,2,90,-0.0034797219948725882,0.36666666666666664,81,17,-0.007717881520957232,0.2716049382716049,0.617188596088428,-0.14499846056696974,-0.011913538188944217,0.45,,
trend_pullback,0.3,0.03,0.0,0.75,0.65,2,90,-0.004154433593614314,0.35555555555555557,81,17,-0.007717881520957232,0.2716049382716049,0.617188596088428,-0.14499846056696974,-0.011913538188944217,0.45,,
trend_pullback,0.3,0.0,0.03,0.75,0.35,3,90,-0.005036817829357177,0.36666666666666664,87,18,-0.007431023430977738,0.27586206896551724,0.6514878290930207,-0.15624208976001475,-0.011955414166504925,0.45,,
trend_pullback,0.3,0.0,0.03,0.75,0.5,3,90,-0.005305664156822193,0.36666666666666664,87,18,-0.007431023430977738,0.27586206896551724,0.6514878290930207,-0.15624208976001475,-0.011955414166504925,0.45,,
trend_pullback,0.3,0.03,-0.03,1.0,0.35,2,90,-0.003164315329859641,0.35555555555555557,85,18,-0.008006637332252375,0.25882352941176473,0.6263561812443454,-0.13940941764640846,-0.012032330816333543,0.7,,
trend_pullback,0.3,0.03,0.0,1.0,0.35,2,90,-0.003164315329859641,0.35555555555555557,85,18,-0.008006637332252375,0.25882352941176473,0.6263561812443454,-0.13940941764640846,-0.012032330816333543,0.7,,
trend_pullback,0.3,0.03,-0.03,1.0,0.5,2,90,-0.003164315329859641,0.35555555555555557,85,18,-0.008006637332252375,0.25882352941176473,0.6263561812443454,-0.13940941764640846,-0.012032330816333543,0.7,,
trend_pullback,0.3,0.03,0.0,1.0,0.5,2,90,-0.003164315329859641,0.35555555555555557,85,18,-0.008006637332252375,0.25882352941176473,0.6263561812443454,-0.13940941764640846,-0.012032330816333543,0.7,,
trend_pullback,0.3,0.03,0.03,1.0,0.5,3,90,-0.0013841180727430455,0.35555555555555557,84,18,-0.00799897056218859,0.2619047619047619,0.6366377887029013,-0.15021346752945708,-0.012346215140896576,0.7,,
trend_pullback,0.3,-0.03,0.03,0.75,0.5,3,90,-0.005620408155122597,0.36666666666666664,89,18,-0.007974146499944528,0.2696629213483146,0.6300231857461925,-0.15624208976001475,-0.012503903396308424,0.45,,
trend_pullback,0.3,-0.03,0.03,0.75,0.35,3,90,-0.005620408155122597,0.36666666666666664,89,18,-0.007974146499944528,0.2696629213483146,0.6300231857461925,-0.15624208976001475,-0.012503903396308424,0.45,,
trend_pullback,0.3,0.03,0.0,0.75,0.5,2,90,-0.0059801227949919985,0.3333333333333333,84,18,-0.008191040222370796,0.27380952380952384,0.5906027730871544,-0.14872973775495435,-0.012505281661747638,0.7,,
trend_pullback,0.3,0.03,-0.03,0.75,0.35,2,90,-0.005224032716194457,0.35555555555555557,84,18,-0.008191040222370796,0.27380952380952384,0.5906027730871544,-0.14872973775495435,-0.012505281661747638,0.7,,
trend_pullback,0.3,0.03,-0.03,0.75,0.5,2,90,-0.005628301755982937,0.34444444444444444,84,18,-0.008191040222370796,0.27380952380952384,0.5906027730871544,-0.14872973775495435,-0.012505281661747638,0.7,,
trend_pullback,0.3,0.03,0.0,0.75,0.35,2,90,-0.005575853755203516,0.34444444444444444,84,18,-0.008191040222370796,0.27380952380952384,0.5906027730871544,-0.14872973775495435,-0.012505281661747638,0.7,,
trend_pullback,0.3,0.03,0.03,1.0,0.35,3,90,-0.0013841180727430455,0.35555555555555557,85,18,-0.008276629732045196,0.25882352941176473,0.6259411588550162,-0.15021346752945708,-0.012626548468215154,0.7,,
trend_pullback,0.3,0.03,0.0,0.75,0.5,3,90,-0.0043641982473673424,0.36666666666666664,84,18,-0.007992208450374776,0.27380952380952384,0.6314269768016488,-0.16429235183048452,-0.012763122261088899,0.7,,
trend_pullback,0.3,0.03,-0.03,0.75,0.35,3,90,-0.0037065554695418176,0.37777777777777777,84,18,-0.007992208450374776,0.27380952380952384,0.6314269768016488,-0.16429235183048452,-0.012763122261088899,0.7,,
trend_pullback,0.3,0.03,0.0,0.75,0.35,3,90,-0.004095351919902328,0.36666666666666664,84,18,-0.007992208450374776,0.27380952380952384,0.6314269768016488,-0.16429235183048452,-0.012763122261088899,0.7,,
trend_pullback,0.3,0.03,-0.03,0.75,0.5,3,90,-0.003975401797006831,0.37777777777777777,84,18,-0.007992208450374776,0.27380952380952384,0.6314269768016488,-0.16429235183048452,-0.012763122261088899,0.7,,
trend_pullback,0.3,0.03,0.03,1.0,0.5,2,90,-0.002164315329859641,0.36666666666666664,84,18,-0.008548662847827942,0.25,0.6057549997286757,-0.15130415253771934,-0.012936348674027353,0.7,,
trend_pullback,0.3,0.03,0.03,0.75,0.65,3,90,-0.00124221984164213,0.4111111111111111,81,17,-0.007730047184325818,0.2839506172839506,0.6474988758597964,-0.18259239384021964,-0.013045944280567458,0.45,,
trend_pullback,0.3,0.03,0.03,1.0,0.35,2,90,-0.002164315329859641,0.36666666666666664,85,18,-0.008819855049618202,0.24705882352941178,0.5954249402173399,-0.15130415253771934,-0.013210123390695447,0.7,,
trend_pullback,0.3,0.03,0.03,0.75,0.5,2,90,-0.005768127648519473,0.3333333333333333,83,18,-0.008893701119310487,0.26506024096385544,0.554658091023216,-0.162521388302853,-0.013630678245640272,0.7,,
trend_pullback,0.3,0.03,0.03,0.75,0.65,2,90,-0.0016479006020066929,0.3888888888888889,81,17,-0.009011873961829519,0.25925925925925924,0.561491120094082,-0.1633677804594642,-0.013772534595589924,0.45,,
trend_pullback,0.3,0.03,0.03,0.75,0.35,2,90,-0.005363858608730991,0.34444444444444444,84,18,-0.009164014201223458,0.2619047619047619,0.5442817602684303,-0.162521388302853,-0.01390358541024194,0.7,,
trend_pullback,0.3,0.03,0.03,0.75,0.5,3,90,-0.00398464084284894,0.37777777777777777,83,18,-0.008792114576282907,0.26506024096385544,0.5993649994150916,-0.1792691914034149,-0.014020349068531581,0.7,,
trend_pullback,0.3,0.03,-0.03,0.75,0.35,2,90,-0.005199438341662684,0.36666666666666664,82,18,-0.009173925063890474,0.2682926829268293,0.5461642053494908,-0.17149228436459873,-0.014182152543491065,0.45,,
trend_pullback,0.3,0.03,0.0,0.75,0.35,2,90,-0.0055512593806717435,0.35555555555555557,82,18,-0.009173925063890474,0.2682926829268293,0.5461642053494908,-0.17149228436459873,-0.014182152543491065,0.45,,
trend_pullback,0.3,0.03,-0.03,0.75,0.5,2,90,-0.005603707381451167,0.35555555555555557,82,18,-0.009173925063890474,0.2682926829268293,0.5461642053494908,-0.17149228436459873,-0.014182152543491065,0.45,,
trend_pullback,0.3,0.03,0.0,0.75,0.5,2,90,-0.0059555284204602255,0.34444444444444444,82,18,-0.009173925063890474,0.2682926829268293,0.5461642053494908,-0.17149228436459873,-0.014182152543491065,0.45,,
trend_pullback,0.3,0.03,0.03,0.75,0.35,3,90,-0.003715794515383925,0.37777777777777777,84,18,-0.009063637021803348,0.2619047619047619,0.5891441703849811,-0.1792691914034149,-0.01429442672130955,0.7,,
trend_pullback,0.3,0.03,0.03,0.75,0.5,2,90,-0.005743533273987701,0.34444444444444444,81,17,-0.009906069993365955,0.25925925925925924,0.5090845519121923,-0.15891985419376387,-0.014546394481200823,0.45,,
trend_pullback,0.3,0.03,0.03,0.75,0.35,2,90,-0.005339264234199219,0.35555555555555557,81,17,-0.009906069993365955,0.25925925925925924,0.5090845519121923,-0.15891985419376387,-0.014546394481200823,0.45,,
trend_pullback,0.3,0.03,0.0,0.75,0.35,3,90,-0.004667828480844522,0.36666666666666664,82,18,-0.009249988274330037,0.25609756097560976,0.5766892768718793,-0.19397762883346126,-0.014925144820115904,0.45,,
trend_pullback,0.3,0.03,0.0,0.75,0.5,3,90,-0.004936674808309536,0.36666666666666664,82,18,-0.009249988274330037,0.25609756097560976,0.5766892768718793,-0.19397762883346126,-0.014925144820115904,0.45,,
trend_pullback,0.3,0.03,-0.03,0.75,0.35,3,90,-0.0042790320304840115,0.37777777777777777,82,18,-0.009249988274330037,0.25609756097560976,0.5766892768718793,-0.19397762883346126,-0.014925144820115904,0.45,,
trend_pullback,0.3,0.03,-0.03,0.75,0.5,3,90,-0.004547878357949025,0.37777777777777777,82,18,-0.009249988274330037,0.25609756097560976,0.5766892768718793,-0.19397762883346126,-0.014925144820115904,0.45,,
trend_pullback,0.3,0.03,0.03,0.75,0.35,3,90,-0.00428827107632612,0.37777777777777777,81,17,-0.010085173314753863,0.24691358024691357,0.5440968212772989,-0.18259239384021952,-0.015426920924641124,0.45,,
trend_pullback,0.3,0.03,0.03,0.75,0.5,3,90,-0.004557117403791134,0.37777777777777777,81,17,-0.010085173314753863,0.24691358024691357,0.5440968212772989,-0.18259239384021952,-0.015426920924641124,0.45,,
